,animal_id,TAG_MODEL,TAG_SN,TAG_ID_CODE,TAG_CODE_SPACE,TAG_ID,EST_TAG_LIFE,Common.Name,LENGTH_M,RELEASE_LOCATION,RELEASE_LATITUDE,RELEASE_LONGITUDE,UTC_RELEASE_DATE_TIME,UTC_RELEASE_DATE_TIME,LOCATION,SPECIES,YEAR,MONTH,FISH_NUM
1,SAB-HIP-21-1,V13TP,1283876,14985,A69-9006,A69-9006-14985,917,Atlantic halibut,1.13,St. Anns Bank MPA,46.12233,-59.54,8/30/2021 16:00,2021-08-30T16:00:00,SAB,HIP,21,8,1
2,SAB-HIP-21-2,V13TP,1283880,14993,A69-9006,A69-9006-14993,917,Atlantic halibut,1.19,St. Anns Bank MPA,46.1263,-59.5463,8/30/2021 16:43,2021-08-30T16:43:00,SAB,HIP,21,8,2
3,SAB-HIP-22-3,V13TP-1x,1283883,14999,A69-9006,A69-9006-14999,530,Atlantic halibut,1.33,St. Anns Bank MPA,46.18639,-59.57,11/1/2022 4:06,2022-11-01T04:06:00,SAB,HIP,22,11,3
4,SAB-HIP-22-4,V13TP-1x,1283885,15003,A69-9006,A69-9006-15003,530,Atlantic halibut,1.66,St. Anns Bank MPA,45.94333,-59.46417,11/1/2022 4:07,2022-11-01T04:07:00,SAB,HIP,22,11,4
5,SAB-HIP-22-5,V13TP-1x,1283881,14995,A69-9006,A69-9006-14995,530,Atlantic halibut,1,St. Anns Bank MPA,45.94278,-59.60639,11/1/2022 4:08,2022-11-01T04:08:00,SAB,HIP,22,11,5
6,SAB-HIP-22-6,V13TP-1x,1283882,14997,A69-9006,A69-9006-14997,530,Atlantic halibut,1.36,St. Anns Bank MPA,46.17333,-59.64056,11/1/2022 4:09,2022-11-01T04:09:00,SAB,HIP,22,11,6
7,SAB-HIP-22-7,V13TP-1x,1283879,14991,A69-9006,A69-9006-14991,530,Atlantic halibut,1.34,St. Anns Bank MPA,46.16056,-59.50167,11/1/2022 4:10,2022-11-01T04:10:00,SAB,HIP,22,11,7
8,SAB-HIP-22-8,V13TP-1x,1283888,15009,A69-9006,A69-9006-15009,530,Atlantic halibut,1.41,St. Anns Bank MPA,46.14889,-59.47972,11/1/2022 4:11,2022-11-01T04:11:00,SAB,HIP,22,11,8
9,SAB-HIP-22-9,V13TP-1x,1283884,15001,A69-9006,A69-9006-15001,530,Atlantic halibut,1.17,St. Anns Bank MPA,45.98472,-59.76306,11/1/2022 4:12,2022-11-01T04:12:00,SAB,HIP,22,11,9
10,SAB-HIP-22-10,V13TP-1x,1283878,14989,A69-9006,A69-9006-14989,530,Atlantic halibut,0.915,St. Anns Bank MPA,45.98194,-59.76444,11/1/2022 4:13,2022-11-01T04:13:00,SAB,HIP,22,11,10
11,SAB-HIP-22-11,V13TP-1x,1283877,14987,A69-9006,A69-9006-14987,530,Atlantic halibut,0.61,St. Anns Bank MPA,45.935,-59.70889,11/1/2022 4:14,2022-11-01T04:14:00,SAB,HIP,22,11,11
12,SAB-HIP-22-12,V13TP-1x,1283895,15023,A69-9006,A69-9006-15023,530,Atlantic halibut,1.72,St. Anns Bank MPA,46.01222,-59.45528,11/1/2022 4:15,2022-11-01T04:15:00,SAB,HIP,22,11,12
13,SAB-HIP-22-13,V13TP-1x,1283894,15021,A69-9006,A69-9006-15021,530,Atlantic halibut,1.75,St. Anns Bank MPA,46.00667,-59.47722,11/1/2022 4:16,2022-11-01T04:16:00,SAB,HIP,22,11,13
14,SAB-HIP-22-14,V13TP-1x,1283890,15013,A69-9006,A69-9006-15013,530,Atlantic halibut,1.63,St. Anns Bank MPA,46.00583,-59.4925,11/1/2022 4:17,2022-11-01T04:17:00,SAB,HIP,22,11,14
15,SAB-HIP-22-15,V13TP-1x,1283893,15019,A69-9006,A69-9006-15019,530,Atlantic halibut,1.31,St. Anns Bank MPA,46.00583,-59.49972,11/1/2022 4:18,2022-11-01T04:18:00,SAB,HIP,22,11,15
16,SAB-HIP-22-16,V13TP-1x,1283891,15015,A69-9006,A69-9006-15015,530,Atlantic halibut,1.22,St. Anns Bank MPA,45.99472,-59.27,11/1/2022 4:19,2022-11-01T04:19:00,SAB,HIP,22,11,16
17,SAB-HIP-22-17,V13TP-1x,1283892,15017,A69-9006,A69-9006-15017,530,Atlantic halibut,1.06,St. Anns Bank MPA,46.0225,-59.30972,11/1/2022 4:20,2022-11-01T04:20:00,SAB,HIP,22,11,17
18,SAB-HIP-22-18,V13TP-1x,1283889,15011,A69-9006,A69-9006-15011,530,Atlantic halibut,1.1,St. Anns Bank MPA,45.94111,-59.66833,11/1/2022 4:21,2022-11-01T04:21:00,SAB,HIP,22,11,18
19,SAB-HIP-22-19,V13TP-1x,1283887,15007,A69-9006,A69-9006-15007,530,Atlantic halibut,0.89,St. Anns Bank MPA,46.17417,-59.48667,11/1/2022 4:22,2022-11-01T04:22:00,SAB,HIP,22,11,19
20,SAB-HIP-22-20,V13TP-1x,1283904,15041,A69-9006,A69-9006-15041,530,Atlantic halibut,1.2,St. Anns Bank MPA,46.01306,-59.38806,11/1/2022 4:24,2022-11-01T04:24:00,SAB,HIP,22,11,20
21,SAB-HIP-22-21,V13TP-1x,1283902,15037,A69-9006,A69-9006-15037,530,Atlantic halibut,1.58,St. Anns Bank MPA,45.9725,-59.36639,11/1/2022 4:25,2022-11-01T04:25:00,SAB,HIP,22,11,21
22,SAB-HIP-22-22,V13TP-1x,1283901,15035,A69-9006,A69-9006-15035,530,Atlantic halibut,1.1,St. Anns Bank MPA,46.04083,-59.36417,11/1/2022 4:26,2022-11-01T04:26:00,SAB,HIP,22,11,22
23,SAB-HIP-22-23,V13TP-1x,1283900,15033,A69-9006,A69-9006-15033,530,Atlantic halibut,1.21,St. Anns Bank MPA,46.02389,-59.245,11/1/2022 4:27,2022-11-01T04:27:00,SAB,HIP,22,11,23
24,SAB-HIP-22-24,V13TP-1x,1283897,15027,A69-9006,A69-9006-15027,530,Atlantic halibut,1.08,St. Anns Bank MPA,46.03444,-59.24056,11/1/2022 4:28,2022-11-01T04:28:00,SAB,HIP,22,11,24
25,SAB-HIP-22-25,V13TP-1x,1283898,15029,A69-9006,A69-9006-15029,530,Atlantic halibut,1.02,St. Anns Bank MPA,46.10861,-59.31861,11/1/2022 4:29,2022-11-01T04:29:00,SAB,HIP,22,11,25
26,SAB-HIP-22-26,V13TP-1x,1283903,15039,A69-9006,A69-9006-15039,530,Atlantic halibut,1.22,St. Anns Bank MPA,46.11861,-59.27611,11/1/2022 4:30,2022-11-01T04:30:00,SAB,HIP,22,11,26
27,SAB-HIP-22-27,V13TP-1x,1283899,15031,A69-9006,A69-9006-15031,530,Atlantic halibut,1.82,St. Anns Bank MPA,46.01528,-59.42361,11/1/2022 4:31,2022-11-01T04:31:00,SAB,HIP,22,11,27
28,SAB-HIP-22-28,V13TP-1x,1283896,15025,A69-9006,A69-9006-15025,530,Atlantic halibut,1.65,St. Anns Bank MPA,46.01278,-59.45056,11/1/2022 4:32,2022-11-01T04:32:00,SAB,HIP,22,11,28
29,SAB-HIP-22-29,V13TP-1x,1283886,15005,A69-9006,A69-9006-15005,530,Atlantic halibut,1.12,St. Anns Bank MPA,46.18667,-59.56611,11/1/2022 4:33,2022-11-01T04:33:00,SAB,HIP,22,11,29
30,SAB-HIP-22-30,V13TP-1x,1283908,15049,A69-9006,A69-9006-15049,530,Atlantic halibut,1.68,St. Anns Bank MPA,45.97139,-59.405,11/1/2022 4:33,2022-11-01T04:33:00,SAB,HIP,22,11,30
31,SAB-HIP-22-31,V13TP-1x,1283905,15043,A69-9006,A69-9006-15043,530,Atlantic halibut,1.1,St. Anns Bank MPA,46.0075,-59.42667,11/1/2022 4:34,2022-11-01T04:34:00,SAB,HIP,22,11,31
32,SAB-HIP-22-32,V13TP-1x,1283907,15047,A69-9006,A69-9006-15047,500,Atlantic halibut,1.87,St. Anns Bank MPA,45.95472,-59.27361,12/5/2022 18:21,2022-12-05T18:21:00,SAB,HIP,22,12,32
33,SAB-HIP-22-33,V13TP-1x,1283906,15045,A69-9006,A69-9006-15045,500,Atlantic halibut,1.38,St. Anns Bank MPA,45.97889,-59.24083,12/5/2022 20:01,2022-12-05T20:01:00,SAB,HIP,22,12,33
34,SAB-HIP-22-34,V13TP-1x,1283925,15083,A69-9006,A69-9006-15083,500,Atlantic halibut,1.47,St. Anns Bank MPA,45.98667,-59.20944,12/5/2022 22:10,2022-12-05T22:10:00,SAB,HIP,22,12,34
35,SAB-HIP-22-35,V13TP-1x,1283924,15081,A69-9006,A69-9006-15081,500,Atlantic halibut,1.19,St. Anns Bank MPA,45.98806,-59.19111,12/5/2022 23:09,2022-12-05T23:09:00,SAB,HIP,22,12,35
36,SAB-HIP-22-36,V13TP-1x,1283911,15055,A69-9006,A69-9006-15055,500,Atlantic halibut,1.13,St. Anns Bank MPA,45.97472,-59.20972,12/6/2022 0:31,2022-12-06T00:31:00,SAB,HIP,22,12,36
37,SAB-HIP-22-37,V13TP-1x,1283910,15053,A69-9006,A69-9006-15053,500,Atlantic halibut,1.35,St. Anns Bank MPA,45.97444,-59.22139,12/6/2022 0:57,2022-12-06T00:57:00,SAB,HIP,22,12,37
38,SAB-LUP-16-1,V13-1x,1220606,57336,A69-1601,A69-1601-57336,1583,Atlantic striped wolffish,0.6,Southern St.Anns Bank,45.94486,-59.0126,6/11/2016 12:32,2016-06-11T12:32:00,SAB,LUP,16,6,1
39,SAB-LUP-16-2,V13-1x,1220605,57335,A69-1601,A69-1601-57335,1583,Atlantic striped wolffish,0.67,Southern St.Anns Bank,45.95511,-59.01846,6/11/2016 12:58,2016-06-11T12:58:00,SAB,LUP,16,6,2
40,SAB-LUP-16-3,V13-1x,1220597,57327,A69-1601,A69-1601-57327,1583,Atlantic striped wolffish,0.55,Southern St.Anns Bank,45.98226,-59.05045,6/11/2016 13:49,2016-06-11T13:49:00,SAB,LUP,16,6,3
41,SAB-LUP-16-4,V13-1x,1220598,57328,A69-1601,A69-1601-57328,1583,Atlantic striped wolffish,0.52,Southern St.Anns Bank,45.99226,-59.11485,6/11/2016 15:09,2016-06-11T15:09:00,SAB,LUP,16,6,4
42,SAB-LUP-16-5,V13-1x,1220599,57329,A69-1601,A69-1601-57329,1583,Atlantic striped wolffish,0.5,Southern St.Anns Bank,46.00416,-59.153,6/11/2016 15:54,2016-06-11T15:54:00,SAB,LUP,16,6,5
43,SAB-LUP-16-6,V13-1x,1220600,57330,A69-1601,A69-1601-57330,1583,Atlantic striped wolffish,0.5,Southern St.Anns Bank,45.99868,-59.16113,6/11/2016 20:52,2016-06-11T20:52:00,SAB,LUP,16,6,6
44,SAB-LUP-16-7,V13-1x,1220601,57331,A69-1601,A69-1601-57331,1583,Atlantic striped wolffish,0.49,Southern St.Anns Bank,45.99683,-59.16333,6/11/2016 21:27,2016-06-11T21:27:00,SAB,LUP,16,6,7
45,SAB-LUP-16-8,V13-1x,1220602,57332,A69-1601,A69-1601-57332,1583,Atlantic striped wolffish,0.51,Southern St.Anns Bank,46.0108,-59.14748,6/12/2016 10:26,2016-06-12T10:26:00,SAB,LUP,16,6,8
46,SAB-LUP-16-9,V13-1x,1220603,57333,A69-1601,A69-1601-57333,1583,Atlantic striped wolffish,0.46,Southern St.Anns Bank,46.02588,-59.1794,6/12/2016 13:23,2016-06-12T13:23:00,SAB,LUP,16,6,9
47,SAB-LUP-16-10,V13-1x,1220607,57337,A69-1601,A69-1601-57337,1583,Atlantic striped wolffish,0.59,Southern St.Anns Bank,46.00461,-59.14621,6/12/2016 15:25,2016-06-12T15:25:00,SAB,LUP,16,6,10
48,SAB-LUP-16-11,V13-1x,1220608,57338,A69-1601,A69-1601-57338,1583,Atlantic striped wolffish,0.57,Southern St.Anns Bank,46.01516,-59.19333,6/12/2016 15:56,2016-06-12T15:56:00,SAB,LUP,16,6,11
49,SAB-LUP-16-12,V13-1x,1236073,55028,A69-1601,A69-1601-55028,1583,Atlantic striped wolffish,0.5,Southern St.Anns Bank,46.00328,-59.15143,6/12/2016 17:37,2016-06-12T17:37:00,SAB,LUP,16,6,12
50,SAB-LUP-16-13,V13-1x,1236074,55029,A69-1601,A69-1601-55029,1583,Atlantic striped wolffish,0.45,Southern St.Anns Bank,46.00328,-59.15143,6/12/2016 17:37,2016-06-12T17:37:00,SAB,LUP,16,6,13
51,SAB-LUP-16-14,V13-1x,1236075,55030,A69-1601,A69-1601-55030,1583,Atlantic striped wolffish,0.42,Southern St.Anns Bank,46.00335,-59.15628,6/12/2016 19:21,2016-06-12T19:21:00,SAB,LUP,16,6,14
52,SAB-MOR-16-1,V13-1x,1210150,59681,A69-1601,A69-1601-59681,500,Atlantic cod,0.6,Southern St.Anns Bank,46.00418333,-59.15351667,6/11/2016 15:53,2016-06-11T15:53:00,SAB,MOR,16,6,1
53,SAB-MOR-16-2,V13-1x,1210152,59683,A69-1601,A69-1601-59683,500,Atlantic cod,0.43,Southern St.Anns Bank,45.99535,-59.1627,6/12/2016 1:25,2016-06-12T01:25:00,SAB,MOR,16,6,2
54,SAB-MOR-16-3,V13-1x,1210151,59682,A69-1601,A69-1601-59682,500,Atlantic cod,0.36,Southern St.Anns Bank,45.98038333,-59.16051667,6/12/2016 2:00,2016-06-12T02:00:00,SAB,MOR,16,6,3
55,SAB-MOR-16-4,V13-1x,1210153,59684,A69-1601,A69-1601-59684,500,Atlantic cod,0.56,Southern St.Anns Bank,46.01133333,-59.19533333,6/12/2016 2:48,2016-06-12T02:48:00,SAB,MOR,16,6,4
56,SAB-MOR-16-5,V13-1x,1210154,59685,A69-1601,A69-1601-59685,500,Atlantic cod,0.53,Southern St.Anns Bank,46.03706667,-59.17248333,6/12/2016 3:13,2016-06-12T03:13:00,SAB,MOR,16,6,5
57,SAB-MOR-16-6,V13-1x,1210155,59686,A69-1601,A69-1601-59686,500,Atlantic cod,0.69,Southern St.Anns Bank,46.0108,-59.14748333,6/12/2016 10:26,2016-06-12T10:26:00,SAB,MOR,16,6,6
58,SAB-MOR-16-7,V13-1x,1213840,58627,A69-1601,A69-1601-58627,500,Atlantic cod,0.44,Southern St.Anns Bank,46.0108,-59.14748333,6/12/2016 10:26,2016-06-12T10:26:00,SAB,MOR,16,6,7
59,SAB-MOR-16-8,V13-1x,1213841,58628,A69-1601,A69-1601-58628,500,Atlantic cod,0.43,Southern St.Anns Bank,46.0108,-59.14748333,6/12/2016 10:26,2016-06-12T10:26:00,SAB,MOR,16,6,8
60,SAB-MOR-16-9,V13-1x,1213842,58629,A69-1601,A69-1601-58629,500,Atlantic cod,0.5,Southern St.Anns Bank,46.0108,-59.14748333,6/12/2016 10:26,2016-06-12T10:26:00,SAB,MOR,16,6,9
61,SAB-MOR-16-10,V13-1x,1213846,58633,A69-1601,A69-1601-58633,500,Atlantic cod,0.57,Southern St.Anns Bank,45.99998333,-59.15403333,6/12/2016 11:14,2016-06-12T11:14:00,SAB,MOR,16,6,10
62,SAB-MOR-16-11,V13-1x,1213847,58634,A69-1601,A69-1601-58634,500,Atlantic cod,0.48,Southern St.Anns Bank,45.99998333,-59.15403333,6/12/2016 11:14,2016-06-12T11:14:00,SAB,MOR,16,6,11
63,SAB-MOR-16-12,V13-1x,1213848,58635,A69-1601,A69-1601-58635,500,Atlantic cod,0.34,Southern St.Anns Bank,45.99998333,-59.15403333,6/12/2016 11:14,2016-06-12T11:14:00,SAB,MOR,16,6,12
64,SAB-MOR-16-13,V13-1x,1210195,59726,A69-1601,A69-1601-59726,500,Atlantic cod,0.59,Southern St.Anns Bank,45.99998333,-59.15403333,6/12/2016 11:14,2016-06-12T11:14:00,SAB,MOR,16,6,13
65,SAB-MOR-16-14,V13-1x,1210196,59727,A69-1601,A69-1601-59727,500,Atlantic cod,0.46,Southern St.Anns Bank,45.99998333,-59.15403333,6/12/2016 11:14,2016-06-12T11:14:00,SAB,MOR,16,6,14
66,SAB-MOR-16-15,V13-1x,1210197,59728,A69-1601,A69-1601-59728,500,Atlantic cod,0.37,Southern St.Anns Bank,45.99998333,-59.15403333,6/12/2016 11:14,2016-06-12T11:14:00,SAB,MOR,16,6,15
67,SAB-MOR-16-16,V13-1x,1210210,59741,A69-1601,A69-1601-59741,500,Atlantic cod,0.5,Southern St.Anns Bank,45.99998333,-59.15403333,6/12/2016 11:14,2016-06-12T11:14:00,SAB,MOR,16,6,16
68,SAB-MOR-16-17,V13-1x,1210211,59742,A69-1601,A69-1601-59742,500,Atlantic cod,0.45,Southern St.Anns Bank,45.99998333,-59.15403333,6/12/2016 11:14,2016-06-12T11:14:00,SAB,MOR,16,6,17
69,SAB-MOR-16-18,V13-1x,1213885,58672,A69-1601,A69-1601-58672,500,Atlantic cod,0.6,Southern St.Anns Bank,45.99998333,-59.15168333,6/12/2016 11:28,2016-06-12T11:28:00,SAB,MOR,16,6,18
70,SAB-MOR-16-19,V13-1x,1213886,58673,A69-1601,A69-1601-58673,500,Atlantic cod,0.55,Southern St.Anns Bank,45.99998333,-59.15168333,6/12/2016 11:28,2016-06-12T11:28:00,SAB,MOR,16,6,19
71,SAB-MOR-16-20,V13-1x,1213887,58674,A69-1601,A69-1601-58674,500,Atlantic cod,0.59,Southern St.Anns Bank,45.99758333,-59.17366667,6/12/2016 11:42,2016-06-12T11:42:00,SAB,MOR,16,6,20
72,SAB-MOR-16-21,V13-1x,1213876,58663,A69-1601,A69-1601-58663,500,Atlantic cod,0.52,Southern St.Anns Bank,46.02588333,-59.1794,6/12/2016 13:23,2016-06-12T13:23:00,SAB,MOR,16,6,21
73,SAB-MOR-16-22,V13-1x,1213877,58664,A69-1601,A69-1601-58664,500,Atlantic cod,0.54,Southern St.Anns Bank,46.00911667,-59.15203333,6/12/2016 14:03,2016-06-12T14:03:00,SAB,MOR,16,6,22
74,SAB-MOR-16-23,V13-1x,1213878,58665,A69-1601,A69-1601-58665,500,Atlantic cod,0.57,Southern St.Anns Bank,46.00911667,-59.15203333,6/12/2016 14:03,2016-06-12T14:03:00,SAB,MOR,16,6,23
75,SAB-MOR-16-24,V13-1x,1213879,58666,A69-1601,A69-1601-58666,500,Atlantic cod,0.49,Southern St.Anns Bank,46.00565,-59.1536,6/12/2016 14:50,2016-06-12T14:50:00,SAB,MOR,16,6,24
76,SAB-MOR-16-25,V13-1x,1213880,58667,A69-1601,A69-1601-58667,500,Atlantic cod,0.47,Southern St.Anns Bank,46.00565,-59.1536,6/12/2016 14:50,2016-06-12T14:50:00,SAB,MOR,16,6,25
77,SAB-MOR-16-26,V13-1x,1213881,58668,A69-1601,A69-1601-58668,500,Atlantic cod,0.42,Southern St.Anns Bank,46.00565,-59.1536,6/12/2016 14:50,2016-06-12T14:50:00,SAB,MOR,16,6,26
78,SAB-MOR-16-27,V13-1x,1213867,58654,A69-1601,A69-1601-58654,500,Atlantic cod,0.59,Southern St.Anns Bank,46.00565,-59.1536,6/12/2016 14:50,2016-06-12T14:50:00,SAB,MOR,16,6,27
79,SAB-MOR-16-28,V13-1x,1213868,58655,A69-1601,A69-1601-58655,500,Atlantic cod,0.42,Southern St.Anns Bank,46.00565,-59.1536,6/12/2016 14:50,2016-06-12T14:50:00,SAB,MOR,16,6,28
80,SAB-MOR-16-29,V13-1x,1213869,58656,A69-1601,A69-1601-58656,500,Atlantic cod,0.56,Southern St.Anns Bank,46.00461667,-59.14621667,6/12/2016 15:25,2016-06-12T15:25:00,SAB,MOR,16,6,29
81,SAB-MOR-16-30,V13-1x,1213873,58660,A69-1601,A69-1601-58660,500,Atlantic cod,0.46,Southern St.Anns Bank,46.00461667,-59.14621667,6/12/2016 15:25,2016-06-12T15:25:00,SAB,MOR,16,6,30
82,SAB-MOR-16-31,V13-1x,1213874,58661,A69-1601,A69-1601-58661,500,Atlantic cod,0.49,Southern St.Anns Bank,46.02516667,-59.18323333,6/12/2016 16:20,2016-06-12T16:20:00,SAB,MOR,16,6,31
83,SAB-MOR-16-32,V13-1x,1213875,58662,A69-1601,A69-1601-58662,500,Atlantic cod,0.51,Southern St.Anns Bank,46.02516667,-59.18323333,6/12/2016 16:20,2016-06-12T16:20:00,SAB,MOR,16,6,32
84,SAB-MOR-16-33,V13-1x,1210171,59702,A69-1601,A69-1601-59702,500,Atlantic cod,0.58,Southern St.Anns Bank,46.03633333,-59.15116667,6/12/2016 16:48,2016-06-12T16:48:00,SAB,MOR,16,6,33
85,SAB-MOR-16-34,V13-1x,1210172,59703,A69-1601,A69-1601-59703,500,Atlantic cod,0.52,Southern St.Anns Bank,46.00328333,-59.15143333,6/12/2016 17:37,2016-06-12T17:37:00,SAB,MOR,16,6,34
86,SAB-MOR-16-35,V13-1x,1210173,59704,A69-1601,A69-1601-59704,500,Atlantic cod,0.71,Southern St.Anns Bank,46.03473333,-59.15408333,6/12/2016 18:24,2016-06-12T18:24:00,SAB,MOR,16,6,35
87,SAB-MOR-16-36,V13-1x,1210177,59708,A69-1601,A69-1601-59708,500,Atlantic cod,0.58,Southern St.Anns Bank,46.03473333,-59.15408333,6/12/2016 18:24,2016-06-12T18:24:00,SAB,MOR,16,6,36
88,SAB-MOR-16-37,V13-1x,1210178,59709,A69-1601,A69-1601-59709,500,Atlantic cod,0.58,Southern St.Anns Bank,46.03473333,-59.15408333,6/12/2016 18:24,2016-06-12T18:24:00,SAB,MOR,16,6,37
89,SAB-MOR-16-38,V13-1x,1210179,59710,A69-1601,A69-1601-59710,500,Atlantic cod,0.43,Southern St.Anns Bank,46.03473333,-59.15408333,6/12/2016 18:24,2016-06-12T18:24:00,SAB,MOR,16,6,38
90,SAB-MOR-16-39,V13-1x,1210138,59669,A69-1601,A69-1601-59669,500,Atlantic cod,0.6,Southern St.Anns Bank,46.03473333,-59.15408333,6/12/2016 18:24,2016-06-12T18:24:00,SAB,MOR,16,6,39
91,SAB-MOR-16-40,V13-1x,1210139,59670,A69-1601,A69-1601-59670,500,Atlantic cod,0.46,Southern St.Anns Bank,46.03473333,-59.15408333,6/12/2016 18:24,2016-06-12T18:24:00,SAB,MOR,16,6,40
92,SAB-MOR-16-41,V13-1x,1210140,59671,A69-1601,A69-1601-59671,500,Atlantic cod,0.46,Southern St.Anns Bank,46.03473333,-59.15408333,6/12/2016 18:24,2016-06-12T18:24:00,SAB,MOR,16,6,41
93,SAB-MOR-16-42,V13-1x,1210144,59675,A69-1601,A69-1601-59675,500,Atlantic cod,0.56,Southern St.Anns Bank,46.03473333,-59.15408333,6/12/2016 18:24,2016-06-12T18:24:00,SAB,MOR,16,6,42
94,SAB-MOR-16-43,V13-1x,1210145,59676,A69-1601,A69-1601-59676,500,Atlantic cod,0.47,Southern St.Anns Bank,46.03473333,-59.15408333,6/12/2016 18:24,2016-06-12T18:24:00,SAB,MOR,16,6,43
95,SAB-MOR-16-44,V13-1x,1210146,59677,A69-1601,A69-1601-59677,500,Atlantic cod,0.41,Southern St.Anns Bank,46.03473333,-59.15408333,6/12/2016 18:24,2016-06-12T18:24:00,SAB,MOR,16,6,44
96,SAB-MOR-16-45,V13-1x,1213843,58630,A69-1601,A69-1601-58630,500,Atlantic cod,0.4,Southern St.Anns Bank,46.03473333,-59.15408333,6/12/2016 18:24,2016-06-12T18:24:00,SAB,MOR,16,6,45
97,SAB-MOR-16-46,V13-1x,1213844,58631,A69-1601,A69-1601-58631,500,Atlantic cod,0.39,Southern St.Anns Bank,46.00335,-59.15628333,6/12/2016 19:21,2016-06-12T19:21:00,SAB,MOR,16,6,46
98,SAB-MOR-16-47,V13-1x,1213845,58632,A69-1601,A69-1601-58632,500,Atlantic cod,0.49,Southern St.Anns Bank,46.00335,-59.15628333,6/12/2016 19:21,2016-06-12T19:21:00,SAB,MOR,16,6,47
99,SAB-MOR-16-48,V13-1x,1213849,58636,A69-1601,A69-1601-58636,500,Atlantic cod,0.53,Southern St.Anns Bank,46.00335,-59.15628333,6/12/2016 19:21,2016-06-12T19:21:00,SAB,MOR,16,6,48
100,SAB-MOR-16-49,V13-1x,1213850,58637,A69-1601,A69-1601-58637,500,Atlantic cod,0.35,Southern St.Anns Bank,46.00335,-59.15628333,6/12/2016 19:21,2016-06-12T19:21:00,SAB,MOR,16,6,49
101,SAB-MOR-16-50,V13-1x,1213851,58638,A69-1601,A69-1601-58638,500,Atlantic cod,0.41,Southern St.Anns Bank,46.00335,-59.15628333,6/12/2016 19:21,2016-06-12T19:21:00,SAB,MOR,16,6,50
102,SAB-MOR-16-51,V13-1x,1210126,59657,A69-1601,A69-1601-59657,500,Atlantic cod,0.48,Southern St.Anns Bank,46.0148,-59.16958333,6/12/2016 20:01,2016-06-12T20:01:00,SAB,MOR,16,6,51
103,SAB-MOR-16-52,V13-1x,1210127,59658,A69-1601,A69-1601-59658,500,Atlantic cod,0.4,Southern St.Anns Bank,46.0148,-59.16958333,6/12/2016 20:01,2016-06-12T20:01:00,SAB,MOR,16,6,52
104,SAB-MOR-16-53,V13-1x,1210128,59659,A69-1601,A69-1601-59659,500,Atlantic cod,0.37,Southern St.Anns Bank,46.0148,-59.16958333,6/12/2016 20:01,2016-06-12T20:01:00,SAB,MOR,16,6,53
105,SAB-MOR-16-54,V13-1x,1210132,59663,A69-1601,A69-1601-59663,500,Atlantic cod,0.46,Southern St.Anns Bank,46.0148,-59.16958333,6/12/2016 20:01,2016-06-12T20:01:00,SAB,MOR,16,6,54
106,SAB-MOR-16-55,V13-1x,1210133,59664,A69-1601,A69-1601-59664,500,Atlantic cod,0.42,Southern St.Anns Bank,46.0148,-59.16958333,6/12/2016 20:01,2016-06-12T20:01:00,SAB,MOR,16,6,55
107,SAB-MOR-16-56,V13-1x,1210134,59665,A69-1601,A69-1601-59665,500,Atlantic cod,0.49,Southern St.Anns Bank,46.0148,-59.16958333,6/12/2016 20:01,2016-06-12T20:01:00,SAB,MOR,16,6,56
108,SAB-MOR-16-57,V13-1x,1213864,58651,A69-1601,A69-1601-58651,500,Atlantic cod,0.39,Southern St.Anns Bank,46.0148,-59.16958333,6/12/2016 20:01,2016-06-12T20:01:00,SAB,MOR,16,6,57
109,SAB-MOR-16-58,V13-1x,1213865,58652,A69-1601,A69-1601-58652,500,Atlantic cod,0.49,Southern St.Anns Bank,46.0148,-59.16958333,6/12/2016 20:01,2016-06-12T20:01:00,SAB,MOR,16,6,58
110,SAB-MOR-18-59,V13-1x,1236072,55051,A69-1601,A69-1601-55051,1586,Atlantic cod,0.51,St. Anns Bank MPA,45.99952,-59.12502,4/23/2018 10:21,2018-04-23T10:21:00,SAB,MOR,18,4,59
111,SAB-MOR-18-60,V13-1x,1236079,55034,A69-1601,A69-1601-55034,1583,Atlantic cod,0.56,St. Anns Bank MPA,46.13824,-59.03696,4/24/2018 15:27,2018-04-24T15:27:00,SAB,MOR,18,4,60
112,SAB-MOR-18-61,V13-1x,1236080,55035,A69-1601,A69-1601-55035,1583,Atlantic cod,0.43,St. Anns Bank MPA,45.16332,-59.03206,4/24/2018 15:37,2018-04-24T15:37:00,SAB,MOR,18,4,61
113,SAB-MOR-18-62,V13-1x,1236081,55036,A69-1601,A69-1601-55036,1583,Atlantic cod,0.615,St. Anns Bank MPA,46.18963,-58.96543,4/24/2018 16:27,2018-04-24T16:27:00,SAB,MOR,18,4,62
114,SAB-MOR-18-63,V13-1x,1236082,55037,A69-1601,A69-1601-55037,1583,Atlantic cod,0.51,St. Anns Bank MPA,46.18963,-58.96543,4/24/2018 16:27,2018-04-24T16:27:00,SAB,MOR,18,4,63
115,SAB-MOR-18-64,V13-1x,1236083,55038,A69-1601,A69-1601-55038,1583,Atlantic cod,0.395,St. Anns Bank MPA,46.18963,-58.96543,4/24/2018 16:27,2018-04-24T16:27:00,SAB,MOR,18,4,64
116,SAB-MOR-18-65,V13-1x,1236084,55039,A69-1601,A69-1601-55039,1583,Atlantic cod,0.45,St. Anns Bank MPA,46.18963,-58.96543,4/24/2018 16:27,2018-04-24T16:27:00,SAB,MOR,18,4,65
117,SAB-MOR-18-66,V13-1x,1236071,55050,A69-1601,A69-1601-55050,1586,Atlantic cod,0.59,St. Anns Bank MPA,46.18963,-58.96543,4/24/2018 16:27,2018-04-24T16:27:00,SAB,MOR,18,4,66
118,SAB-MOR-18-67,V13-1x,1236070,55049,A69-1601,A69-1601-55049,1586,Atlantic cod,0.415,St. Anns Bank MPA,46.18963,-58.96543,4/24/2018 16:27,2018-04-24T16:27:00,SAB,MOR,18,4,67
119,SAB-MOR-18-68,V13-1x,1236069,55048,A69-1601,A69-1601-55048,1586,Atlantic cod,0.43,St. Anns Bank MPA,46.20428,-58.95794,4/24/2018 18:24,2018-04-24T18:24:00,SAB,MOR,18,4,68
120,SAB-MOR-18-69,V13-1x,1236068,55047,A69-1601,A69-1601-55047,1586,Atlantic cod,0.47,St. Anns Bank MPA,46.18163,-58.98445,4/24/2018 19:04,2018-04-24T19:04:00,SAB,MOR,18,4,69
121,SAB-MOR-18-70,V13-1x,1236067,55046,A69-1601,A69-1601-55046,1586,Atlantic cod,0.465,St. Anns Bank MPA,46.18163,-58.98445,4/24/2018 19:04,2018-04-24T19:04:00,SAB,MOR,18,4,70
122,SAB-MOR-18-71,V13-1x,1236066,55045,A69-1601,A69-1601-55045,1586,Atlantic cod,0.5,St. Anns Bank MPA,46.17395,-58.99593,4/24/2018 19:04,2018-04-24T19:04:00,SAB,MOR,18,4,71
123,SAB-MOR-18-72,V13-1x,1236061,55040,A69-1601,A69-1601-55040,1586,Atlantic cod,0.41,St. Anns Bank MPA,46.15535,-59.00052,4/24/2018 20:30,2018-04-24T20:30:00,SAB,MOR,18,4,72
124,SAB-MOR-18-73,V13-1x,1236062,55041,A69-1601,A69-1601-55041,1586,Atlantic cod,0.465,St. Anns Bank MPA,46.15535,-59.00052,4/24/2018 20:30,2018-04-24T20:30:00,SAB,MOR,18,4,73
125,SAB-MOR-18-74,V13-1x,1236063,55042,A69-1601,A69-1601-55042,1586,Atlantic cod,0.4,St. Anns Bank MPA,46.15535,-59.00052,4/24/2018 20:30,2018-04-24T20:30:00,SAB,MOR,18,4,74
126,SAB-MOR-18-75,V13-1x,1236064,55043,A69-1601,A69-1601-55043,1586,Atlantic cod,0.46,St. Anns Bank MPA,46.15535,-59.00052,4/24/2018 20:30,2018-04-24T20:30:00,SAB,MOR,18,4,75
127,SAB-MOR-18-76,V13-1x,1236065,55044,A69-1601,A69-1601-55044,1586,Atlantic cod,0.41,St. Anns Bank MPA,46.15535,-59.00052,4/24/2018 20:30,2018-04-24T20:30:00,SAB,MOR,18,4,76
128,SAB-MOR-18-77,V13-1x,1270602,31003,A69-1602,A69-1602-31003,1584,Atlantic cod,0.53,St. Anns Bank MPA,46.16353,-59.02999,4/24/2018 20:51,2018-04-24T20:51:00,SAB,MOR,18,4,77
129,SAB-MOR-18-78,V13-1x,1270603,31004,A69-1602,A69-1602-31004,1584,Atlantic cod,0.47,St. Anns Bank MPA,46.16353,-59.02999,4/24/2018 20:51,2018-04-24T20:51:00,SAB,MOR,18,4,78
130,SAB-MOR-18-79,V13-1x,1270604,31005,A69-1602,A69-1602-31005,1584,Atlantic cod,0.38,St. Anns Bank MPA,46.16353,-59.02999,4/24/2018 20:51,2018-04-24T20:51:00,SAB,MOR,18,4,79
131,SAB-MOR-18-80,V13-1x,1270605,31006,A69-1602,A69-1602-31006,1584,Atlantic cod,0.43,St. Anns Bank MPA,46.16597,-59.0201,4/24/2018 20:58,2018-04-24T20:58:00,SAB,MOR,18,4,80
132,SAB-MOR-18-81,V13-1x,1270606,31007,A69-1602,A69-1602-31007,1584,Atlantic cod,0.4,St. Anns Bank MPA,46.18362,-58.97021,4/24/2018 21:28,2018-04-24T21:28:00,SAB,MOR,18,4,81
133,SAB-MOR-18-82,V13-1x,1270600,31001,A69-1602,A69-1602-31001,1584,Atlantic cod,0.44,St. Anns Bank MPA,46.18362,-58.97021,4/24/2018 21:28,2018-04-24T21:28:00,SAB,MOR,18,4,82
134,SAB-MOR-18-83,V13-1x,1270601,31002,A69-1602,A69-1602-31002,1584,Atlantic cod,0.62,St. Anns Bank MPA,46.2001,-58.96119,4/24/2018 21:56,2018-04-24T21:56:00,SAB,MOR,18,4,83
135,SAB-MOR-18-84,V13-1x,1270599,31000,A69-1602,A69-1602-31000,1584,Atlantic cod,0.41,St. Anns Bank MPA,46.20382,-58.95658,4/24/2018 22:12,2018-04-24T22:12:00,SAB,MOR,18,4,84
136,SAB-MOR-18-85,V13-1x,1270598,30999,A69-1602,A69-1602-30999,1584,Atlantic cod,0.45,St. Anns Bank MPA,46.20382,-58.95658,4/24/2018 22:12,2018-04-24T22:12:00,SAB,MOR,18,4,85
137,SAB-MOR-18-86,V13-1x,1270597,30998,A69-1602,A69-1602-30998,1584,Atlantic cod,0.52,St. Anns Bank MPA,46.20382,-58.95658,4/24/2018 22:12,2018-04-24T22:12:00,SAB,MOR,18,4,86
138,SAB-MOR-18-87,V13-1x,1270596,30997,A69-1602,A69-1602-30997,1584,Atlantic cod,0.51,St. Anns Bank MPA,46.22429,-58.94616,4/24/2018 22:35,2018-04-24T22:35:00,SAB,MOR,18,4,87
139,SAB-MOR-18-88,V13-1x,1270595,30996,A69-1602,A69-1602-30996,1584,Atlantic cod,0.39,St. Anns Bank MPA,46.22429,-58.94616,4/24/2018 22:35,2018-04-24T22:35:00,SAB,MOR,18,4,88
140,SAB-MOR-18-89,V13-1x,1270594,30995,A69-1602,A69-1602-30995,1584,Atlantic cod,0.53,St. Anns Bank MPA,46.22429,-58.94616,4/24/2018 22:35,2018-04-24T22:35:00,SAB,MOR,18,4,89
141,SAB-MOR-18-90,V13-1x,1270593,30994,A69-1602,A69-1602-30994,1584,Atlantic cod,0.56,St. Anns Bank MPA,46.22429,-58.94616,4/24/2018 22:35,2018-04-24T22:35:00,SAB,MOR,18,4,90
142,SAB-MOR-18-91,V13-1x,1270592,30993,A69-1602,A69-1602-30993,1584,Atlantic cod,0.53,St. Anns Bank MPA,46.22429,-58.94616,4/24/2018 22:35,2018-04-24T22:35:00,SAB,MOR,18,4,91
143,SAB-MOR-18-92,V13-1x,1270591,30992,A69-1602,A69-1602-30992,1584,Atlantic cod,0.43,St. Anns Bank MPA,46.22429,-58.94616,4/24/2018 22:35,2018-04-24T22:35:00,SAB,MOR,18,4,92
144,SAB-MOR-18-93,V13-1x,1270590,30991,A69-1602,A69-1602-30991,1584,Atlantic cod,0.47,St. Anns Bank MPA,46.1596,-59.0296,4/24/2018 22:35,2018-04-24T22:35:00,SAB,MOR,18,4,93
145,SAB-MOR-18-94,V13-1x,1270589,30990,A69-1602,A69-1602-30990,1584,Atlantic cod,0.39,St. Anns Bank MPA,46.18439,-58.9755,4/25/2018 2:47,2018-04-25T02:47:00,SAB,MOR,18,4,94
146,SAB-MOR-18-95,V13-1x,1270587,30988,A69-1602,A69-1602-30988,1584,Atlantic cod,0.52,St. Anns Bank MPA,46.20277,-58.95961,4/25/2018 3:55,2018-04-25T03:55:00,SAB,MOR,18,4,95
147,SAB-MOR-18-96,V13-1x,1270586,30987,A69-1602,A69-1602-30987,1584,Atlantic cod,0.54,St. Anns Bank MPA,46.20277,-58.95961,4/25/2018 3:55,2018-04-25T03:55:00,SAB,MOR,18,4,96
148,SAB-MOR-18-97,V13-1x,1270588,30989,A69-1602,A69-1602-30989,1584,Atlantic cod,0.58,St. Anns Bank MPA,46.20277,-58.95961,4/25/2018 3:55,2018-04-25T03:55:00,SAB,MOR,18,4,97
149,SAB-MOR-18-98,V13-1x,1270585,30986,A69-1602,A69-1602-30986,1584,Atlantic cod,0.54,St. Anns Bank MPA,46.1627,-59.02524,4/25/2018 12:00,2018-04-25T12:00:00,SAB,MOR,18,4,98
150,SAB-MOR-18-99,V13-1x,1270584,30985,A69-1602,A69-1602-30985,1584,Atlantic cod,0.44,St. Anns Bank MPA,46.1627,-59.02524,4/25/2018 12:00,2018-04-25T12:00:00,SAB,MOR,18,4,99
151,SAB-MOR-18-100,V13-1x,1270583,30984,A69-1602,A69-1602-30984,1584,Atlantic cod,0.58,St. Anns Bank MPA,46.1627,-59.02524,4/25/2018 12:00,2018-04-25T12:00:00,SAB,MOR,18,4,100
152,SAB-MOR-18-101,V13-1x,1270582,30983,A69-1602,A69-1602-30983,1584,Atlantic cod,0.46,St. Anns Bank MPA,46.2,-58.93333,12/7/2018 10:35,2018-12-07T10:35:00,SAB,MOR,18,12,101
153,SAB-MOR-18-102,V13-1x,1270577,30978,A69-1602,A69-1602-30978,1584,Atlantic cod,0.415,St. Anns Bank MPA,46.2,-58.93333,12/7/2018 11:10,2018-12-07T11:10:00,SAB,MOR,18,12,102
154,SAB-MOR-18-103,V13-1x,1270578,30979,A69-1602,A69-1602-30979,1584,Atlantic cod,0.48,St. Anns Bank MPA,46.2,-58.95,12/7/2018 11:12,2018-12-07T11:12:00,SAB,MOR,18,12,103
155,SAB-MOR-18-104,V13-1x,1270579,30980,A69-1602,A69-1602-30980,1584,Atlantic cod,0.5,St. Anns Bank MPA,46.2,-58.95,12/7/2018 11:15,2018-12-07T11:15:00,SAB,MOR,18,12,104
156,SAB-MOR-18-105,V13-1x,1270580,30981,A69-1602,A69-1602-30981,1584,Atlantic cod,0.64,St. Anns Bank MPA,46.2,-58.95,12/7/2018 11:20,2018-12-07T11:20:00,SAB,MOR,18,12,105
157,SAB-MOR-22-106,V13-1x,1261777,50860,A69-1601,A69-1601-50860,900,Atlantic cod,0.44,St. Anns Bank MPA,45.94556,-59.28583,12/5/2022 17:07,2022-12-05T17:07:00,SAB,MOR,22,12,106
158,SAB-MOR-22-107,V13-1x,1261776,50859,A69-1601,A69-1601-50859,900,Atlantic cod,0.55,St. Anns Bank MPA,45.94944,-59.26806,12/5/2022 17:23,2022-12-05T17:23:00,SAB,MOR,22,12,107
159,SAB-MOR-22-108,V13-1x,1261775,50858,A69-1601,A69-1601-50858,900,Atlantic cod,0.53,St. Anns Bank MPA,45.95472,-59.27333,12/5/2022 17:44,2022-12-05T17:44:00,SAB,MOR,22,12,108
160,SAB-MOR-22-109,V13-1x,1261774,50857,A69-1601,A69-1601-50857,900,Atlantic cod,0.58,St. Anns Bank MPA,45.95111,-59.26694,12/5/2022 18:04,2022-12-05T18:04:00,SAB,MOR,22,12,109
161,SAB-MOR-22-110,V13-1x,1261778,50861,A69-1601,A69-1601-50861,900,Atlantic cod,0.47,St. Anns Bank MPA,45.95222,-59.27667,12/5/2022 18:06,2022-12-05T18:06:00,SAB,MOR,22,12,110
162,SAB-MOR-22-111,V13-1x,1261773,50856,A69-1601,A69-1601-50856,900,Atlantic cod,0.54,St. Anns Bank MPA,45.95333,-59.27611,12/5/2022 18:10,2022-12-05T18:10:00,SAB,MOR,22,12,111
163,SAB-MOR-22-112,V13-1x,1261742,50825,A69-1601,A69-1601-50825,900,Atlantic cod,0.48,St. Anns Bank MPA,45.95417,-59.27472,12/5/2022 18:15,2022-12-05T18:15:00,SAB,MOR,22,12,112
164,SAB-MOR-22-113,V13-1x,1261741,50824,A69-1601,A69-1601-50824,900,Atlantic cod,0.45,St. Anns Bank MPA,45.9575,-59.27167,12/5/2022 18:32,2022-12-05T18:32:00,SAB,MOR,22,12,113
165,SAB-MOR-22-114,V13-1x,1261740,50823,A69-1601,A69-1601-50823,900,Atlantic cod,0.78,St. Anns Bank MPA,45.96861,-59.25528,12/5/2022 19:13,2022-12-05T19:13:00,SAB,MOR,22,12,114
166,SAB-MOR-22-115,V13-1x,1261739,50822,A69-1601,A69-1601-50822,900,Atlantic cod,0.49,St. Anns Bank MPA,45.97056,-59.25028,12/5/2022 19:25,2022-12-05T19:25:00,SAB,MOR,22,12,115
167,SAB-MOR-22-116,V13-1x,1261738,50821,A69-1601,A69-1601-50821,900,Atlantic cod,0.56,St. Anns Bank MPA,45.97111,-59.26028,12/5/2022 19:28,2022-12-05T19:28:00,SAB,MOR,22,12,116
168,SAB-MOR-22-117,V13-1x,1261747,50830,A69-1601,A69-1601-50830,900,Atlantic cod,0.48,St. Anns Bank MPA,45.97111,-59.23583,12/5/2022 19:31,2022-12-05T19:31:00,SAB,MOR,22,12,117
169,SAB-MOR-22-118,V13-1x,1261746,50829,A69-1601,A69-1601-50829,900,Atlantic cod,0.46,St. Anns Bank MPA,45.96722,-59.25778,12/5/2022 19:35,2022-12-05T19:35:00,SAB,MOR,22,12,118
170,SAB-MOR-22-119,V13-1x,1261745,50828,A69-1601,A69-1601-50828,900,Atlantic cod,0.46,St. Anns Bank MPA,45.96722,-59.25611,12/5/2022 19:38,2022-12-05T19:38:00,SAB,MOR,22,12,119
171,SAB-MOR-22-120,V13-1x,1261744,50827,A69-1601,A69-1601-50827,900,Atlantic cod,0.45,St. Anns Bank MPA,45.97306,-59.255,12/5/2022 19:41,2022-12-05T19:41:00,SAB,MOR,22,12,120
172,SAB-MOR-22-121,V13-1x,1261743,50826,A69-1601,A69-1601-50826,900,Atlantic cod,0.46,St. Anns Bank MPA,45.97333,-59.25417,12/5/2022 19:43,2022-12-05T19:43:00,SAB,MOR,22,12,121
173,SAB-MOR-22-122,V13-1x,1261752,50835,A69-1601,A69-1601-50835,900,Atlantic cod,0.49,St. Anns Bank MPA,45.97361,-59.23528,12/5/2022 19:47,2022-12-05T19:47:00,SAB,MOR,22,12,122
174,SAB-MOR-22-123,V13-1x,1261751,50834,A69-1601,A69-1601-50834,900,Atlantic cod,0.62,St. Anns Bank MPA,45.97417,-59.25167,12/5/2022 19:49,2022-12-05T19:49:00,SAB,MOR,22,12,123
175,SAB-MOR-22-124,V13-1x,1261750,50833,A69-1601,A69-1601-50833,900,Atlantic cod,0.49,St. Anns Bank MPA,45.97444,-59.25139,12/5/2022 19:51,2022-12-05T19:51:00,SAB,MOR,22,12,124
176,SAB-MOR-22-125,V13-1x,1261748,50831,A69-1601,A69-1601-50831,900,Atlantic cod,0.45,St. Anns Bank MPA,45.9675,-59.24944,12/5/2022 19:58,2022-12-05T19:58:00,SAB,MOR,22,12,125
177,SAB-MOR-22-126,V13-1x,1261749,50832,A69-1601,A69-1601-50832,900,Atlantic cod,0.61,St. Anns Bank MPA,45.97472,-59.25028,12/5/2022 19:59,2022-12-05T19:59:00,SAB,MOR,22,12,126
178,SAB-MOR-22-127,V13-1x,1261757,50840,A69-1601,A69-1601-50840,900,Atlantic cod,0.67,St. Anns Bank MPA,45.97444,-59.24944,12/5/2022 20:00,2022-12-05T20:00:00,SAB,MOR,22,12,127
179,SAB-MOR-22-128,V13-1x,1261756,50839,A69-1601,A69-1601-50839,900,Atlantic cod,0.44,St. Anns Bank MPA,45.97444,-59.24944,12/5/2022 20:00,2022-12-05T20:00:00,SAB,MOR,22,12,128
180,SAB-MOR-22-129,V13-1x,1261755,50838,A69-1601,A69-1601-50838,900,Atlantic cod,0.51,St. Anns Bank MPA,45.97444,-59.24944,12/5/2022 20:00,2022-12-05T20:00:00,SAB,MOR,22,12,129
181,SAB-MOR-22-130,V13-1x,1261754,50837,A69-1601,A69-1601-50837,900,Atlantic cod,0.45,St. Anns Bank MPA,45.97444,-59.24944,12/5/2022 20:00,2022-12-05T20:00:00,SAB,MOR,22,12,130
182,SAB-MOR-22-131,V13-1x,1261753,50836,A69-1601,A69-1601-50836,900,Atlantic cod,0.5,St. Anns Bank MPA,45.97444,-59.23472,12/5/2022 20:12,2022-12-05T20:12:00,SAB,MOR,22,12,131
183,SAB-MOR-22-132,V13-1x,1261762,50845,A69-1601,A69-1601-50845,900,Atlantic cod,0.44,St. Anns Bank MPA,45.97444,-59.23472,12/5/2022 20:12,2022-12-05T20:12:00,SAB,MOR,22,12,132
184,SAB-MOR-22-133,V13-1x,1261761,50844,A69-1601,A69-1601-50844,900,Atlantic cod,0.48,St. Anns Bank MPA,45.97611,-59.24611,12/5/2022 20:16,2022-12-05T20:16:00,SAB,MOR,22,12,133
185,SAB-MOR-22-134,V13-1x,1261760,50843,A69-1601,A69-1601-50843,900,Atlantic cod,0.47,St. Anns Bank MPA,45.97694,-59.24556,12/5/2022 20:16,2022-12-05T20:16:00,SAB,MOR,22,12,134
186,SAB-MOR-22-135,V13-1x,1261759,50842,A69-1601,A69-1601-50842,900,Atlantic cod,0.45,St. Anns Bank MPA,45.97861,-59.23417,12/5/2022 20:30,2022-12-05T20:30:00,SAB,MOR,22,12,135
187,SAB-MOR-22-136,V13-1x,1261767,50850,A69-1601,A69-1601-50850,900,Atlantic cod,0.51,St. Anns Bank MPA,45.98222,-59.24417,12/5/2022 20:51,2022-12-05T20:51:00,SAB,MOR,22,12,136
188,SAB-MOR-22-137,V13-1x,1261766,50849,A69-1601,A69-1601-50849,900,Atlantic cod,0.65,St. Anns Bank MPA,45.9825,-59.24278,12/5/2022 20:57,2022-12-05T20:57:00,SAB,MOR,22,12,137
189,SAB-MOR-22-138,V13-1x,1261765,50848,A69-1601,A69-1601-50848,900,Atlantic cod,0.51,St. Anns Bank MPA,45.98472,-59.23833,12/5/2022 21:11,2022-12-05T21:11:00,SAB,MOR,22,12,138
190,SAB-MOR-22-139,V13-1x,1261764,50847,A69-1601,A69-1601-50847,900,Atlantic cod,0.54,St. Anns Bank MPA,45.98472,-59.23833,12/5/2022 21:11,2022-12-05T21:11:00,SAB,MOR,22,12,139
191,SAB-MOR-22-140,V13-1x,1261763,50846,A69-1601,A69-1601-50846,900,Atlantic cod,0.64,St. Anns Bank MPA,45.98472,-59.23833,12/5/2022 21:11,2022-12-05T21:11:00,SAB,MOR,22,12,140
192,SAB-MOR-22-141,V13-1x,1261772,50855,A69-1601,A69-1601-50855,900,Atlantic cod,0.47,St. Anns Bank MPA,45.98667,-59.215,12/5/2022 21:57,2022-12-05T21:57:00,SAB,MOR,22,12,141
193,SAB-MOR-22-142,V13-1x,1261770,50853,A69-1601,A69-1601-50853,900,Atlantic cod,0.54,St. Anns Bank MPA,45.98667,-59.215,12/5/2022 21:57,2022-12-05T21:57:00,SAB,MOR,22,12,142
194,SAB-MOR-22-143,V13-1x,1261771,50854,A69-1601,A69-1601-50854,900,Atlantic cod,0.62,St. Anns Bank MPA,45.98639,-59.21167,12/5/2022 22:04,2022-12-05T22:04:00,SAB,MOR,22,12,143
195,SAB-MOR-22-144,V13-1x,1261789,50852,A69-1601,A69-1601-50852,900,Atlantic cod,0.49,St. Anns Bank MPA,45.98639,-59.21167,12/5/2022 22:04,2022-12-05T22:04:00,SAB,MOR,22,12,144
196,SAB-MOR-22-145,V13-1x,1261768,50851,A69-1601,A69-1601-50851,900,Atlantic cod,0.52,St. Anns Bank MPA,45.98667,-59.20944,12/5/2022 22:10,2022-12-05T22:10:00,SAB,MOR,22,12,145
197,SAB-MOR-22-146,V13-1x,1346228,56401,A69-1602,A69-1602-56401,900,Atlantic cod,0.52,St. Anns Bank MPA,45.98667,-59.20944,12/5/2022 22:10,2022-12-05T22:10:00,SAB,MOR,22,12,146
198,SAB-MOR-22-147,V13-1x,1346229,56402,A69-1602,A69-1602-56402,900,Atlantic cod,0.59,St. Anns Bank MPA,45.98722,-59.20056,12/5/2022 22:25,2022-12-05T22:25:00,SAB,MOR,22,12,147
199,SAB-MOR-22-148,V13-1x,1346222,56395,A69-1602,A69-1602-56395,900,Atlantic cod,0.49,St. Anns Bank MPA,45.98861,-59.20778,12/5/2022 22:37,2022-12-05T22:37:00,SAB,MOR,22,12,148
200,SAB-MOR-22-149,V13-1x,1346223,56396,A69-1602,A69-1602-56396,900,Atlantic cod,0.43,St. Anns Bank MPA,45.98833,-59.19472,12/5/2022 23:00,2022-12-05T23:00:00,SAB,MOR,22,12,149
201,SAB-MOR-22-150,V13-1x,1346224,56397,A69-1602,A69-1602-56397,900,Atlantic cod,0.49,St. Anns Bank MPA,45.99028,-59.18361,12/5/2022 23:20,2022-12-05T23:20:00,SAB,MOR,22,12,150
202,SAB-MOR-22-151,V13-1x,1346225,56398,A69-1602,A69-1602-56398,900,Atlantic cod,0.49,St. Anns Bank MPA,45.99028,-59.18361,12/5/2022 23:20,2022-12-05T23:20:00,SAB,MOR,22,12,151
203,SAB-MOR-22-152,V13-1x,1346226,56399,A69-1602,A69-1602-56399,900,Atlantic cod,0.45,St. Anns Bank MPA,45.99111,-59.18333,12/5/2022 23:25,2022-12-05T23:25:00,SAB,MOR,22,12,152
204,SAB-MOR-22-153,V13-1x,1346227,56400,A69-1602,A69-1602-56400,900,Atlantic cod,0.51,St. Anns Bank MPA,45.96917,-59.19306,12/5/2022 23:28,2022-12-05T23:28:00,SAB,MOR,22,12,153
205,SAB-MOR-22-154,V13-1x,1346217,56390,A69-1602,A69-1602-56390,900,Atlantic cod,0.7,St. Anns Bank MPA,45.96917,-59.19306,12/5/2022 23:28,2022-12-05T23:28:00,SAB,MOR,22,12,154
206,SAB-MOR-22-155,V13-1x,1346220,56393,A69-1602,A69-1602-56393,900,Atlantic cod,0.5,St. Anns Bank MPA,45.97667,-59.20639,12/6/2022 0:19,2022-12-06T00:19:00,SAB,MOR,22,12,155
207,SAB-MOR-22-156,V13-1x,1346221,56394,A69-1602,A69-1602-56394,900,Atlantic cod,0.48,St. Anns Bank MPA,45.97667,-59.20639,12/6/2022 0:19,2022-12-06T00:19:00,SAB,MOR,22,12,156
208,SAB-MOR-22-157,V13-1x,1346210,56383,A69-1602,A69-1602-56383,900,Atlantic cod,0.51,St. Anns Bank MPA,45.97667,-59.20639,12/6/2022 0:19,2022-12-06T00:19:00,SAB,MOR,22,12,157
209,SAB-MOR-22-158,V13-1x,1346211,56384,A69-1602,A69-1602-56384,900,Atlantic cod,0.47,St. Anns Bank MPA,45.97528,-59.20056,12/6/2022 0:27,2022-12-06T00:27:00,SAB,MOR,22,12,158
210,SAB-MOR-22-159,V13-1x,1346212,56385,A69-1602,A69-1602-56385,900,Atlantic cod,0.48,St. Anns Bank MPA,45.97417,-59.21333,12/6/2022 0:38,2022-12-06T00:38:00,SAB,MOR,22,12,159
211,SAB-MOR-22-160,V13-1x,1346213,56386,A69-1602,A69-1602-56386,900,Atlantic cod,0.49,St. Anns Bank MPA,45.97417,-59.215,12/6/2022 0:43,2022-12-06T00:43:00,SAB,MOR,22,12,160
212,SAB-MOR-22-161,V13-1x,1346218,56391,A69-1602,A69-1602-56391,900,Atlantic cod,0.5,St. Anns Bank MPA,45.97694,-59.20056,12/6/2022 0:44,2022-12-06T00:44:00,SAB,MOR,22,12,161
213,SAB-MOR-22-162,V13-1x,1346219,56392,A69-1602,A69-1602-56392,900,Atlantic cod,0.44,St. Anns Bank MPA,45.97694,-59.20056,12/6/2022 0:44,2022-12-06T00:44:00,SAB,MOR,22,12,162
214,SAB-MOR-22-163,V13-1x,1346215,56388,A69-1602,A69-1602-56388,900,Atlantic cod,0.56,St. Anns Bank MPA,45.95222,-59.23722,12/6/2022 1:51,2022-12-06T01:51:00,SAB,MOR,22,12,163
215,SAB-MOR-22-164,V13-1x,1346214,56387,A69-1602,A69-1602-56387,900,Atlantic cod,0.45,St. Anns Bank MPA,45.97194,-59.23361,12/6/2022 1:57,2022-12-06T01:57:00,SAB,MOR,22,12,164
216,SAB-RAD-18-1,V13-1x,1236078,55033,A69-1601,A69-1601-55033,1583,Thorny skate,0.46,St. Anns Bank MPA,45.99263,-59.32011,4/24/2018 0:34,2018-04-24T00:34:00,SAB,RAD,18,4,1
217,SAB-SCO-16-1,V13-1x,1220604,57334,A69-1601,A69-1601-57334,1583,Shorthorn sculpin,0.32,Southern St.Anns Bank,46.00565,-59.1536,6/12/2016 14:50,2016-06-12T14:50:00,SAB,SCO,16,6,1
218,SAB-SCO-22-2,V13-1x,1261758,50841,A69-1601,A69-1601-50841,900,Shorthorn sculpin,0.38,St. Anns Bank MPA,45.98139,-59.25111,12/5/2022 20:50,2022-12-05T20:50:00,SAB,SCO,22,12,2
219,SAB-TOM-18-1,V13-1x,1236076,55031,A69-1601,A69-1601-55031,1583,Atlantic tomcod,0.37,St. Anns Bank MPA,45.99266,-59.32011,4/23/2018 23:54,2018-04-23T23:54:00,SAB,TOM,18,4,1
220,SAB-TOM-18-2,V13-1x,1236077,55032,A69-1601,A69-1601-55032,1583,Atlantic tomcod,0.38,St. Anns Bank MPA,45.99263,-59.32011,4/24/2018 0:34,2018-04-24T00:34:00,SAB,TOM,18,4,2
221,SAB-TOM-22-3,V13-1x,1346216,56389,A69-1602,A69-1602-56389,900,Atlantic tomcod,0.37,St. Anns Bank MPA,45.96917,-59.19306,12/5/2022 23:28,2022-12-05T23:28:00,SAB,TOM,22,12,3
222,MPA-SAB-23-HIP-01,V16-4x,1553629,53856,A69-9001,A69-9001-53856,2333,Atlantic halibut,1.39,St. Anns Bank MPA,45.97143,-59.24525,10/5/2023 14:45,2023-10-05T14:45:00,SAB,HIP,23,10,38
223,MPA-SAB-23-HIP-02,V16-4x,1553626,53853,A69-9001,A69-9001-53853,2333,Atlantic halibut,1.4,St. Anns Bank MPA,45.97263,-59.2381,10/5/2023 14:45,2023-10-05T14:45:00,SAB,HIP,23,10,39
224,MPA-SAB-23-HIP-03,V16-4x,1553627,53854,A69-9001,A69-9001-53854,2333,Atlantic halibut,1.52,St. Anns Bank MPA,45.97263,-59.2381,10/5/2023 14:45,2023-10-05T14:45:00,SAB,HIP,23,10,40
225,MPA-SAB-23-HIP-04,V16-4x,1553628,53855,A69-9001,A69-9001-53855,2333,Atlantic halibut,1.8,St. Anns Bank MPA,45.97318,-59.23553,10/5/2023 14:45,2023-10-05T14:45:00,SAB,HIP,23,10,41
226,MPA-SAB-23-MOR-01,V13-1x,1512199,30370,A69-1604,A69-1604-30370,1460,Atlantic cod,0.52,St. Anns Bank MPA,45.9738,-59.22035,10/5/2023 18:49,2023-10-05T18:49:00,SAB,MOR,23,10,165
227,MPA-SAB-23-MOR-02,V13-1x,1512198,30369,A69-1604,A69-1604-30369,1460,Atlantic cod,0.48,St. Anns Bank MPA,45.98103,-60.5424,10/5/2023 19:04,2023-10-05T19:04:00,SAB,MOR,23,10,166
228,MPA-SAB-23-MOR-03,V13-1x,1512197,30368,A69-1604,A69-1604-30368,1460,Atlantic cod,0.44,St. Anns Bank MPA,45.98202,-59.20745,10/5/2023 19:10,2023-10-05T19:10:00,SAB,MOR,23,10,167
229,MPA-SAB-23-MOR-04,V13-1x,1512196,30367,A69-1604,A69-1604-30367,1460,Atlantic cod,0.54,St. Anns Bank MPA,45.98338,-59.20493,10/5/2023 19:22,2023-10-05T19:22:00,SAB,MOR,23,10,168
230,MPA-SAB-23-HIP-05,V16-4x,1553604,53831,A69-9001,A69-9001-53831,2333,Atlantic halibut,1.23,St. Anns Bank MPA,45.9637,-59.57147,10/6/2023 18:00,2023-10-06T18:00:00,SAB,HIP,23,10,42
231,MPA-SAB-23-MOR-05,V13-1x,1512195,30366,A69-1604,A69-1604-30366,1460,Atlantic cod,0.52,St. Anns Bank MPA,45.96405,-59.57853,10/6/2023 18:00,2023-10-06T18:00:00,SAB,MOR,23,10,169
232,MPA-SAB-23-MOR-06,V13-1x,1512194,30365,A69-1604,A69-1604-30365,1460,Atlantic cod,0.58,St. Anns Bank MPA,45.96405,-59.57853,10/6/2023 18:00,2023-10-06T18:00:00,SAB,MOR,23,10,170
233,MPA-SAB-23-MOR-07,V13-1x,1512205,30376,A69-1604,A69-1604-30376,1460,Atlantic cod,0.53,St. Anns Bank MPA,45.96405,-59.57853,10/6/2023 18:00,2023-10-06T18:00:00,SAB,MOR,23,10,171
234,MPA-SAB-23-MOR-08,V13-1x,1512203,30374,A69-1604,A69-1604-30374,1460,Atlantic cod,0.54,St. Anns Bank MPA,45.96405,-59.57853,10/6/2023 18:00,2023-10-06T18:00:00,SAB,MOR,23,10,172
235,MPA-SAB-23-MOR-09,V13-1x,1512202,30373,A69-1604,A69-1604-30373,1460,Atlantic cod,0.52,St. Anns Bank MPA,45.96403,-59.5638,10/6/2023 18:05,2023-10-06T18:05:00,SAB,MOR,23,10,173
236,MPA-SAB-23-MOR-10,V13-1x,1512204,30375,A69-1604,A69-1604-30375,1460,Atlantic cod,0.64,St. Anns Bank MPA,45.96403,-59.5638,10/6/2023 18:05,2023-10-06T18:05:00,SAB,MOR,23,10,174
237,MPA-SAB-23-MOR-11,V13-1x,1512201,30372,A69-1604,A69-1604-30372,1460,Atlantic cod,0.54,St. Anns Bank MPA,45.96403,-59.5638,10/6/2023 18:05,2023-10-06T18:05:00,SAB,MOR,23,10,175
238,MPA-SAB-23-MOR-12,V13-1x,1512200,30371,A69-1604,A69-1604-30371,1460,Atlantic cod,0.63,St. Anns Bank MPA,45.96403,-59.5638,10/6/2023 18:17,2023-10-06T18:17:00,SAB,MOR,23,10,176
239,MPA-SAB-23-MOR-13,V16-4x,1553603,53830,A69-9001,A69-9001-53830,2333,Atlantic cod,0.71,St. Anns Bank MPA,45.96403,-59.5638,10/6/2023 18:17,2023-10-06T18:17:00,SAB,MOR,23,10,177
240,MPA-SAB-23-MOR-14,V13-1x,1512206,30377,A69-1604,A69-1604-30377,1460,Atlantic cod,0.53,St. Anns Bank MPA,45.96372,-59.56073,10/6/2023 18:25,2023-10-06T18:25:00,SAB,MOR,23,10,178
241,MPA-SAB-23-MOR-15,V13-1x,1512207,30378,A69-1604,A69-1604-30378,1460,Atlantic cod,0.56,St. Anns Bank MPA,45.96372,-59.56073,10/6/2023 18:25,2023-10-06T18:25:00,SAB,MOR,23,10,179
242,MPA-SAB-23-HIP-06,V16-4x,1553605,53832,A69-9001,A69-9001-53832,2333,Atlantic halibut,1.16,St. Anns Bank MPA,45.96372,-59.56073,10/6/2023 18:25,2023-10-06T18:25:00,SAB,HIP,23,10,43
243,MPA-SAB-23-MOR-16,V16-4x,1553602,53829,A69-9001,A69-9001-53829,2333,Atlantic cod,0.68,St. Anns Bank MPA,45.96372,-59.56073,10/6/2023 18:25,2023-10-06T18:25:00,SAB,MOR,23,10,180
244,MPA-SAB-23-MOR-17,V13-1x,1553589,14986,A69-1604,A69-1604-14986,633,Atlantic cod,0.53,St. Anns Bank MPA,45.9277,-59.58857,10/6/2023 20:00,2023-10-06T20:00:00,SAB,MOR,23,10,181
245,MPA-SAB-23-MOR-18,V13-1x,1553588,14979,A69-1604,A69-1604-14979,633,Atlantic cod,0.56,St. Anns Bank MPA,45.9305,-59.5869,10/6/2023 20:00,2023-10-06T20:00:00,SAB,MOR,23,10,182
246,MPA-SAB-23-MOR-19,V13-1x,1553587,14978,A69-1604,A69-1604-14978,633,Atlantic cod,0.59,St. Anns Bank MPA,45.9305,-59.5869,10/6/2023 20:00,2023-10-06T20:00:00,SAB,MOR,23,10,183
247,MPA-SAB-23-MOR-20,V13-1x,1553586,14977,A69-1604,A69-1604-14977,633,Atlantic cod,0.6,St. Anns Bank MPA,45.9305,-59.5869,10/6/2023 20:00,2023-10-06T20:00:00,SAB,MOR,23,10,184
248,MPA-SAB-23-MOR-21,V16-4x,1553607,53834,A69-9001,A69-9001-53834,2333,Atlantic cod,0.67,St. Anns Bank MPA,45.9305,-59.5869,10/6/2023 20:00,2023-10-06T20:00:00,SAB,MOR,23,10,185
249,MPA-SAB-23-HIP-07,V16-4x,1553606,53833,A69-9001,A69-9001-53833,2333,Atlantic halibut,1.68,St. Anns Bank MPA,45.9305,-59.5869,10/6/2023 20:03,2023-10-06T20:03:00,SAB,HIP,23,10,44
250,MPA-SAB-23-MOR-22,V13-1x,1553585,14976,A69-1604,A69-1604-14976,633,Atlantic cod,0.47,St. Anns Bank MPA,45.94093,-59.5831,10/6/2023 20:03,2023-10-06T20:03:00,SAB,MOR,23,10,186
251,MPA-SAB-23-HIP-08,V16-4x,1553601,53828,A69-9001,A69-9001-53828,2333,Atlantic halibut,1.08,St. Anns Bank MPA,45.94335,-59.58015,10/6/2023 20:03,2023-10-06T20:03:00,SAB,HIP,23,10,45
252,MPA-SAB-23-MOR-23,V13-1x,1553583,14974,A69-1604,A69-1604-14974,633,Atlantic cod,0.39,St. Anns Bank MPA,45.88982,-59.5863,10/6/2023 22:10,2023-10-06T22:10:00,SAB,MOR,23,10,187
253,MPA-SAB-23-MOR-24,V13-1x,1553582,14973,A69-1604,A69-1604-14973,633,Atlantic cod,0.58,St. Anns Bank MPA,45.8904,-59.58962,10/6/2023 22:15,2023-10-06T22:15:00,SAB,MOR,23,10,188
254,MPA-SAB-23-HIP-09,V16-4x,1553597,53824,A69-9001,A69-9001-53824,2333,Atlantic halibut,1.18,St. Anns Bank MPA,45.88982,-59.5863,10/6/2023 22:20,2023-10-06T22:20:00,SAB,HIP,23,10,46
255,MPA-SAB-23-MOR-25,V16-4x,1553593,53825,A69-9001,A69-9001-53825,2333,Atlantic cod,0.68,St. Anns Bank MPA,45.8904,-59.58963,10/6/2023 22:25,2023-10-06T22:25:00,SAB,MOR,23,10,189
256,MPA-SAB-23-MOR-26,V13-1x,1553581,14972,A69-1604,A69-1604-14972,633,Atlantic cod,0.49,St. Anns Bank MPA,45.89063,-59.59257,10/6/2023 22:40,2023-10-06T22:40:00,SAB,MOR,23,10,190
257,MPA-SAB-23-MOR-27,V13-1x,1553580,14971,A69-1604,A69-1604-14971,633,Atlantic cod,0.52,St. Anns Bank MPA,45.8902,-59.59968,10/6/2023 23:04,2023-10-06T23:04:00,SAB,MOR,23,10,191
258,MPA-SAB-23-MOR-28,V16-4x,1553600,53827,A69-9001,A69-9001-53827,2333,Atlantic cod,0.74,St. Anns Bank MPA,45.89135,-59.60183,10/6/2023 23:13,2023-10-06T23:13:00,SAB,MOR,23,10,192
259,MPA-SAB-23-MOR-29,V16-4x,1553599,53826,A69-9001,A69-9001-53826,2333,Atlantic cod,0.61,St. Anns Bank MPA,45.8895,-59.6043,10/6/2023 23:30,2023-10-06T23:30:00,SAB,MOR,23,10,193
260,MPA-SAB-23-MOR-30,V13-1x,1553144,14848,A69-1604,A69-1604-14848,633,Atlantic cod,0.49,St. Anns Bank MPA,45.96753,-59.57135,11/26/2023 15:30,2023-11-26T15:30:00,SAB,MOR,23,11,194
261,MPA-SAB-23-MOR-31,V16-4x,1553149,53931,A69-9001,A69-9001-53931,2333,Atlantic cod,0.61,St. Anns Bank MPA,45.96753,-59.57135,11/26/2023 15:30,2023-11-26T15:30:00,SAB,MOR,23,11,195
262,MPA-SAB-23-MOR-32,V16-4x,1553148,53930,A69-9001,A69-9001-53930,2333,Atlantic cod,0.7,St. Anns Bank MPA,45.97455,-59.55303,11/26/2023 15:30,2023-11-26T15:30:00,SAB,MOR,23,11,196
263,MPA-SAB-23-MOR-33,V13-1x,1553146,14850,A69-1604,A69-1604-14850,633,Atlantic cod,0.54,St. Anns Bank MPA,45.96753,-59.57135,11/26/2023 15:45,2023-11-26T15:45:00,SAB,MOR,23,11,197
264,MPA-SAB-23-MOR-34,V13-1x,1553145,14849,A69-1604,A69-1604-14849,633,Atlantic cod,0.55,St. Anns Bank MPA,45.96753,-59.57135,11/26/2023 15:45,2023-11-26T15:45:00,SAB,MOR,23,11,198
265,MPA-SAB-23-MOR-35,V13-1x,1553143,14847,A69-1604,A69-1604-14847,633,Atlantic cod,0.55,St. Anns Bank MPA,45.96753,-59.57135,11/26/2023 15:45,2023-11-26T15:45:00,SAB,MOR,23,11,199
266,MPA-SAB-23-MOR-36,V13-1x,1553142,14846,A69-1604,A69-1604-14846,633,Atlantic cod,0.56,St. Anns Bank MPA,45.9752,-59.55067,11/26/2023 15:45,2023-11-26T15:45:00,SAB,MOR,23,11,200
267,MPA-SAB-23-MOR-37,V16-4x,1553147,53929,A69-9001,A69-9001-53929,2333,Atlantic cod,0.7,St. Anns Bank MPA,45.97555,-59.54943,11/26/2023 15:45,2023-11-26T15:45:00,SAB,MOR,23,11,201
268,MPA-SAB-23-MOR-38,V13-1x,1553141,14845,A69-1604,A69-1604-14845,633,Atlantic cod,0.52,St. Anns Bank MPA,45.97628,-59.54563,11/26/2023 16:00,2023-11-26T16:00:00,SAB,MOR,23,11,202
269,MPA-SAB-23-MOR-39,V16-4x,1553152,53934,A69-9001,A69-9001-53934,2333,Atlantic cod,0.77,St. Anns Bank MPA,45.977,-59.54463,11/26/2023 16:00,2023-11-26T16:00:00,SAB,MOR,23,11,203
270,MPA-SAB-23-MOR-40,V16-4x,1553151,53933,A69-9001,A69-9001-53933,2333,Atlantic cod,0.6,St. Anns Bank MPA,45.97737,-59.54135,11/26/2023 16:00,2023-11-26T16:00:00,SAB,MOR,23,11,204
271,MPA-SAB-23-HIP-10,V13-1x,1553140,14844,A69-1604,A69-1604-14844,633,Atlantic halibut,0.7,St. Anns Bank MPA,45.97732,-59.54305,11/26/2023 16:30,2023-11-26T16:30:00,SAB,HIP,23,11,47
272,MPA-SAB-23-HIP-11,V16-4x,1553608,53835,A69-9001,A69-9001-53835,2333,Atlantic halibut,1.12,St. Anns Bank MPA,45.97795,-59.53882,11/26/2023 16:30,2023-11-26T16:30:00,SAB,HIP,23,11,48
273,MPA-SAB-23-HIP-12,V16-4x,1553609,53836,A69-9001,A69-9001-53836,2333,Atlantic halibut,1.19,St. Anns Bank MPA,45.97865,-59.538,11/26/2023 16:30,2023-11-26T16:30:00,SAB,HIP,23,11,49
274,MPA-SAB-23-MOR-41,V16-4x,1553150,53932,A69-9001,A69-9001-53932,2333,Atlantic cod,0.73,St. Anns Bank MPA,45.97978,-59.53723,11/26/2023 16:30,2023-11-26T16:30:00,SAB,MOR,23,11,205
275,MPA-SAB-23-MOR-42,V13-1x,1553139,14843,A69-1604,A69-1604-14843,633,Atlantic cod,0.62,St. Anns Bank MPA,45.97978,-59.53723,11/26/2023 16:30,2023-11-26T16:30:00,SAB,MOR,23,11,206
276,MPA-SAB-23-MOR-43,V13-1x,1553138,14842,A69-1604,A69-1604-14842,633,Atlantic cod,0.57,St. Anns Bank MPA,45.94585,-59.5855,11/26/2023 18:27,2023-11-26T18:27:00,SAB,MOR,23,11,207
277,MPA-SAB-23-MOR-44,V16-4x,1553162,53944,A69-9001,A69-9001-53944,2333,Atlantic cod,0.72,St. Anns Bank MPA,45.9455,-59.58415,11/26/2023 18:35,2023-11-26T18:35:00,SAB,MOR,23,11,208
278,MPA-SAB-23-HIP-13,V16-4x,1553610,53837,A69-9001,A69-9001-53837,2333,Atlantic halibut,1,St. Anns Bank MPA,45.9455,-59.58415,11/26/2023 18:35,2023-11-26T18:35:00,SAB,HIP,23,11,50
279,MPA-SAB-23-MOR-45,V13-1x,1553137,14841,A69-1604,A69-1604-14841,633,Atlantic cod,0.59,St. Anns Bank MPA,45.94257,-59.58093,11/26/2023 18:45,2023-11-26T18:45:00,SAB,MOR,23,11,209
280,MPA-SAB-23-MOR-46,V16-4x,1553163,53945,A69-9001,A69-9001-53945,2333,Atlantic cod,0.73,St. Anns Bank MPA,45.9417,-59.57957,11/26/2023 18:51,2023-11-26T18:51:00,SAB,MOR,23,11,210
281,MPA-SAB-23-MOR-47,V16-4x,1553164,53946,A69-9001,A69-9001-53946,2333,Atlantic cod,0.66,St. Anns Bank MPA,45.94115,-59.57827,11/26/2023 18:57,2023-11-26T18:57:00,SAB,MOR,23,11,211
282,MPA-SAB-23-MOR-48,V13-1x,1553136,14840,A69-1604,A69-1604-14840,633,Atlantic cod,0.61,St. Anns Bank MPA,45.9412,-59.57753,11/26/2023 19:02,2023-11-26T19:02:00,SAB,MOR,23,11,212
283,MPA-SAB-23-MOR-49,V16-4x,1553159,53941,A69-9001,A69-9001-53941,2333,Atlantic cod,0.79,St. Anns Bank MPA,45.94188,-59.57792,11/26/2023 19:08,2023-11-26T19:08:00,SAB,MOR,23,11,213
284,MPA-SAB-23-MOR-50,V16-4x,1553160,53942,A69-9001,A69-9001-53942,2333,Atlantic cod,0.65,St. Anns Bank MPA,45.93988,-59.57655,11/26/2023 19:14,2023-11-26T19:14:00,SAB,MOR,23,11,214
285,MPA-SAB-23-MOR-51,V16-4x,1553161,53943,A69-9001,A69-9001-53943,2333,Atlantic cod,0.7,St. Anns Bank MPA,45.93867,-59.57598,11/26/2023 19:18,2023-11-26T19:18:00,SAB,MOR,23,11,215
286,MPA-SAB-23-MOR-52,V16-4x,1553156,53938,A69-9001,A69-9001-53938,2333,Atlantic cod,0.72,St. Anns Bank MPA,45.93722,-59.57485,11/26/2023 19:23,2023-11-26T19:23:00,SAB,MOR,23,11,216
287,MPA-SAB-23-MOR-53,V13-1x,1553134,14838,A69-1604,A69-1604-14838,633,Atlantic cod,0.58,St. Anns Bank MPA,45.93515,-59.57248,11/26/2023 19:33,2023-11-26T19:33:00,SAB,MOR,23,11,217
288,MPA-SAB-23-HIP-14,V16-4x,1553611,53838,A69-9001,A69-9001-53838,2333,Atlantic halibut,1.7,St. Anns Bank MPA,45.93515,-59.57248,11/26/2023 19:32,2023-11-26T19:32:00,SAB,HIP,23,11,51
289,MPA-SAB-23-MOR-54,V16-4x,1553157,53939,A69-9001,A69-9001-53939,2333,Atlantic cod,0.71,St. Anns Bank MPA,45.93152,-59.56945,11/26/2023 19:48,2023-11-26T19:48:00,SAB,MOR,23,11,218
290,MPA-SAB-23-HIP-15,V16-4x,1553614,53841,A69-9001,A69-9001-53841,2333,Atlantic halibut,1.23,St. Anns Bank MPA,45.9312,-59.5696,11/26/2023 19:47,2023-11-26T19:47:00,SAB,HIP,23,11,52
291,MPA-SAB-23-MOR-55,V16-4x,1553158,53940,A69-9001,A69-9001-53940,2333,Atlantic cod,0.78,St. Anns Bank MPA,45.93355,-59.57135,11/26/2023 20:00,2023-11-26T20:00:00,SAB,MOR,23,11,219
292,MPA-SAB-23-MOR-56,V13-1x,1553135,14839,A69-1604,A69-1604-14839,633,Atlantic cod,0.48,St. Anns Bank MPA,45.93525,-59.57313,11/26/2023 20:08,2023-11-26T20:08:00,SAB,MOR,23,11,220
293,MPA-SAB-23-MOR-57,V13-1x,1553133,14837,A69-1604,A69-1604-14837,633,Atlantic cod,0.5,St. Anns Bank MPA,45.93465,-59.57398,11/26/2023 20:16,2023-11-26T20:16:00,SAB,MOR,23,11,221
294,MPA-SAB-23-MOR-58,V16-4x,1553153,53935,A69-9001,A69-9001-53935,2333,Atlantic cod,0.65,St. Anns Bank MPA,45.90567,-59.57768,11/26/2023 20:56,2023-11-26T20:56:00,SAB,MOR,23,11,222
295,MPA-SAB-23-MOR-59,V13-1x,1553132,14836,A69-1604,A69-1604-14836,633,Atlantic cod,0.55,St. Anns Bank MPA,45.90493,-59.58152,11/26/2023 21:05,2023-11-26T21:05:00,SAB,MOR,23,11,223
296,MPA-SAB-23-MOR-60,V16-4x,1553155,53937,A69-9001,A69-9001-53937,2333,Atlantic cod,0.73,St. Anns Bank MPA,45.90493,-59.58152,11/26/2023 21:05,2023-11-26T21:05:00,SAB,MOR,23,11,224
297,MPA-SAB-23-MOR-61,V16-4x,1553154,53936,A69-9001,A69-9001-53936,2333,Atlantic cod,0.65,St. Anns Bank MPA,45.90177,-59.59538,11/26/2023 21:40,2023-11-26T21:40:00,SAB,MOR,23,11,225
298,MPA-SAB-23-MOR-62,V13-1x,1553131,15835,A69-1604,A69-1604-15835,633,Atlantic cod,0.5,St. Anns Bank MPA,45.90353,-59.58487,11/26/2023 21:13,2023-11-26T21:13:00,SAB,MOR,23,11,226
299,MPA-SAB-23-MOR-63,V13-1x,1553130,14834,A69-1604,A69-1604-14834,633,Atlantic cod,0.53,St. Anns Bank MPA,45.90243,-59.591,11/26/2023 21:30,2023-11-26T21:30:00,SAB,MOR,23,11,227
300,MPA-SAB-23-MOR-64,V13-1x,1553129,14833,A69-1604,A69-1604-14833,633,Atlantic cod,0.58,St. Anns Bank MPA,45.90305,-59.59547,11/26/2023 21:40,2023-11-26T21:40:00,SAB,MOR,23,11,228
301,MPA-SAB-23-MOR-65,V13-1x,1553128,14832,A69-1604,A69-1604-14832,633,Atlantic cod,0.52,St. Anns Bank MPA,45.90278,-59.59947,11/26/2023 21:50,2023-11-26T21:50:00,SAB,MOR,23,11,229
302,MPA-SAB-23-HIP-16,V16-4x,1553615,53842,A69-9001,A69-9001-53842,2333,Atlantic halibut,0.98,St. Anns Bank MPA,45.90178,-59.59547,11/26/2023 21:40,2023-11-26T21:40:00,SAB,HIP,23,11,53
303,MPA-SAB-23-MOR-66,V13-1x,1553127,14831,A69-1604,A69-1604-14831,633,Atlantic cod,0.51,St. Anns Bank MPA,45.9,-59.60417,11/26/2023 22:00,2023-11-26T22:00:00,SAB,MOR,23,11,230
304,MPA-SAB-23-MOR-67,V13-1x,1553126,14830,A69-1604,A69-1604-14830,633,Atlantic cod,0.5,St. Anns Bank MPA,45.9,-59.60417,11/26/2023 22:00,2023-11-26T22:00:00,SAB,MOR,23,11,231
305,MPA-SAB-23-MOR-68,V13-1x,1553125,14829,A69-1604,A69-1604-14829,633,Atlantic cod,0.51,St. Anns Bank MPA,60.48,-59.61312,11/26/2023 22:13,2023-11-26T22:13:00,SAB,MOR,23,11,232
