"","common_name","animal_id","year","Arrival","Departure","Days_Duration"
"1","Atlantic cod","COD_SGS_1",2016,2016-07-02 19:08:42,2016-07-28 16:38:16,25.8955324074074
"2","Atlantic cod","COD_SGS_1",2017,2017-05-01 19:36:30,2017-07-14 13:59:00,73.765625
"3","Atlantic cod","COD_SGS_12",2017,2017-06-02 18:43:31,2017-06-02 19:48:10,0.0448958333333333
"4","Atlantic cod","COD_SGS_12",2018,2018-04-23 23:50:03,2018-04-24 00:09:32,0.0135300925925926
"5","Atlantic cod","COD_SGS_14",2017,2017-05-10 18:40:11,2017-06-16 05:33:26,36.4536458333333
"6","Atlantic cod","COD_SGS_14",2018,2018-08-25 22:10:24,2018-08-25 23:09:49,0.0412615740740741
"7","Atlantic cod","COD_SGS_17",2016,2016-07-05 20:08:14,2016-12-12 09:40:46,159.564259259259
"8","Atlantic cod","COD_SGS_17",2017,2017-03-15 15:18:18,2017-03-15 20:19:47,0.209363425925926
"9","Atlantic cod","COD_SGS_21",2016,2016-07-31 21:33:05,2016-07-31 21:41:20,0.00572916666666667
"10","Atlantic cod","COD_SGS_21",2017,2017-07-06 03:07:12,2017-09-08 15:34:32,64.5189814814815
"11","Atlantic cod","COD_SGS_22",2016,2016-07-30 17:19:11,2016-12-12 22:47:01,135.227662037037
"12","Atlantic cod","COD_SGS_22",2017,2017-04-14 16:14:07,2017-12-19 18:50:43,249.10875
"13","Atlantic cod","COD_SGS_28",2018,2018-08-13 11:05:56,2018-10-07 18:51:56,55.3236111111111
"14","Atlantic cod","COD_SGS_28",2019,2019-03-02 20:05:54,2019-03-03 03:23:20,0.303773148148148
"15","Atlantic cod","COD_SGS_32",2016,2016-06-27 06:46:55,2016-06-27 17:39:34,0.453229166666667
"16","Atlantic cod","COD_SGS_32",2017,2017-06-14 14:25:11,2017-06-15 22:00:16,1.31603009259259
"17","Atlantic cod","COD_SGS_38",2017,2017-04-26 13:37:47,2017-10-09 23:14:32,166.400520833333
"18","Atlantic cod","COD_SGS_38",2018,2018-04-29 02:38:45,2018-09-28 05:16:34,152.109594907407
"19","Atlantic cod","COD_SGS_4",2016,2016-07-12 08:13:32,2016-10-20 21:00:02,100.532291666667
"20","Atlantic cod","COD_SGS_4",2017,2017-03-05 14:56:04,2017-03-05 15:08:09,0.0083912037037037
"21","Atlantic cod","COD_SGS_41",2016,2016-05-12 05:54:29,2016-07-06 18:43:45,55.534212962963
"22","Atlantic cod","COD_SGS_41",2017,2017-05-01 09:23:08,2017-05-01 10:09:33,0.0322337962962963
"23","Atlantic cod","COD_SGS_7",2016,2016-06-26 08:07:43,2016-07-18 19:28:29,22.4727546296296
"24","Atlantic cod","COD_SGS_7",2017,2017-05-08 19:00:36,2017-06-13 08:47:47,35.5744328703704
"25","Atlantic cod","COD_SGS_9",2016,2016-07-12 11:11:01,2016-11-17 03:53:21,127.696064814815
"26","Atlantic cod","COD_SGS_9",2017,2017-04-21 19:44:31,2017-05-19 09:47:25,27.5853472222222
"27","Atlantic cod","COD_SGS_9",2018,2018-05-06 04:09:39,2018-11-21 00:15:55,198.837685185185
"28","Atlantic halibut","HAL_HALIBT_1",2023,2023-12-30 18:52:14,2023-12-31 11:20:34,0.686342592592593
"29","Atlantic halibut","HAL_HALIBT_1",2024,2024-01-02 18:42:32,2024-01-02 18:45:12,0.00185185185185185
"30","Atlantic halibut","HAL_MEHAL_3",2023,2023-11-11 06:56:29,2023-11-11 07:36:35,0.0278472222222222
"31","Atlantic halibut","HAL_MEHAL_3",2024,2024-03-10 08:52:41,2024-03-10 22:32:47,0.569513888888889
"32","Atlantic salmon","SALM_PBU_10",2018,2018-06-18 05:54:57,2018-06-18 06:12:34,0.0122337962962963
"33","Atlantic salmon","SALM_PBU_10",2023,2023-06-09 19:19:41,2023-06-09 19:23:43,0.00280092592592593
"34","Blue shark","BLUESH_NSBS_1",2016,2016-09-07 04:03:29,2016-09-07 15:29:50,0.476631944444444
"35","Blue shark","BLUESH_NSBS_1",2017,2017-07-19 20:02:47,2017-10-13 20:02:34,85.999849537037
"36","Blue shark","BLUESH_NSBS_2",2015,2015-08-17 14:28:16,2015-09-22 01:25:49,35.4566319444444
"37","Blue shark","BLUESH_NSBS_2",2016,2016-08-06 14:52:07,2016-08-06 15:19:27,0.0189814814814815
"38","Blue shark","BLUESH_NSBS_3",2015,2015-10-19 03:22:23,2015-10-19 03:40:20,0.0124652777777778
"39","Blue shark","BLUESH_NSBS_3",2016,2016-08-10 21:52:05,2016-09-19 08:36:46,39.4476967592593
"40","Blue shark","BLUESH_NSBS_9",2022,2022-08-17 18:05:27,2022-08-17 18:46:23,0.0284259259259259
"41","Blue shark","BLUESH_NSBS_9",2023,2023-08-02 23:30:20,2023-08-02 23:53:05,0.0157986111111111
"42","Bluefin tuna","BLUEFIN_BFTTAG_2",2019,2019-10-07 16:23:20,2019-10-07 16:23:20,0
"43","Bluefin tuna","BLUEFIN_BFTTAG_2",2021,2021-10-31 23:42:25,2021-10-31 23:48:05,0.00393518518518518
"44","Bluefin tuna","BLUEFIN_DFOBFT_1",2022,2022-06-27 04:14:08,2022-11-27 04:45:10,153.021550925926
"45","Bluefin tuna","BLUEFIN_DFOBFT_1",2023,2023-10-20 14:24:10,2023-10-20 14:35:36,0.00793981481481481
"46","Bluefin tuna","BLUEFIN_DFOBFT_2",2021,2021-11-26 09:18:54,2021-12-07 18:03:11,11.3640856481481
"47","Bluefin tuna","BLUEFIN_DFOBFT_2",2023,2023-07-30 19:43:50,2023-11-25 15:13:28,117.81224537037
"48","Bluefin tuna","BLUEFIN_DFOBFT_3",2022,2022-09-07 16:04:58,2022-09-07 16:18:14,0.00921296296296296
"49","Bluefin tuna","BLUEFIN_DFOBFT_3",2023,2023-07-08 12:37:01,2023-10-26 11:26:38,109.951122685185
"50","Bluefin tuna","BLUEFIN_DFOBFT_6",2022,2022-12-01 17:25:01,2022-12-01 17:39:38,0.010150462962963
"51","Bluefin tuna","BLUEFIN_DFOBFT_6",2023,2023-10-31 23:43:26,2023-10-31 23:44:37,0.000821759259259259
"52","Bluefin tuna","BLUEFIN_TAG_10",2018,2018-11-04 18:27:37,2018-11-04 18:27:37,0
"53","Bluefin tuna","BLUEFIN_TAG_10",2019,2019-09-23 02:13:24,2019-09-23 02:13:24,0
"54","Bluefin tuna","BLUEFIN_TAG_11",2017,2017-08-06 22:25:47,2017-11-07 11:32:50,92.5465625
"55","Bluefin tuna","BLUEFIN_TAG_11",2020,2020-09-09 20:04:09,2020-09-09 20:13:36,0.0065625
"56","Bluefin tuna","BLUEFIN_TAG_20",2019,2019-10-08 07:38:01,2019-10-08 07:46:53,0.00615740740740741
"57","Bluefin tuna","BLUEFIN_TAG_20",2020,2020-11-02 12:23:48,2020-11-02 12:30:24,0.00458333333333333
"58","Bluefin tuna","BLUEFIN_TAG_30",2021,2021-07-17 22:48:06,2021-07-18 04:04:21,0.219618055555556
"59","Bluefin tuna","BLUEFIN_TAG_30",2022,2022-06-25 18:50:05,2022-06-25 18:52:33,0.00171296296296296
"60","Bluefin tuna","BLUEFIN_TAG_35",2020,2020-10-22 13:00:32,2020-10-22 13:10:14,0.00673611111111111
"61","Bluefin tuna","BLUEFIN_TAG_35",2021,2021-11-02 16:36:29,2021-11-04 08:10:34,1.64866898148148
"62","Bluefin tuna","BLUEFIN_TAG_35",2022,2022-07-08 08:07:15,2022-10-02 21:08:55,86.5428240740741
"63","Bluefin tuna","BLUEFIN_TAG_39",2022,2022-08-05 12:30:25,2022-08-05 12:31:31,0.000763888888888889
"64","Bluefin tuna","BLUEFIN_TAG_39",2024,2024-07-01 19:21:48,2024-07-01 19:28:06,0.004375
"65","Bluefin tuna","BLUEFIN_TAG_4",2015,2015-10-30 11:50:30,2015-10-30 11:50:30,0
"66","Bluefin tuna","BLUEFIN_TAG_4",2017,2017-10-29 14:54:32,2017-10-29 15:12:10,0.0122453703703704
"67","Bluefin tuna","BLUEFIN_TAG_4",2018,2018-08-25 23:36:38,2018-08-26 05:00:07,0.224641203703704
"68","Bluefin tuna","BLUEFIN_TAG_43",2022,2022-07-06 07:14:12,2022-07-06 07:19:36,0.00375
"69","Bluefin tuna","BLUEFIN_TAG_43",2023,2023-10-06 15:36:37,2023-10-06 15:51:41,0.010462962962963
"70","Bluefin tuna","BLUEFIN_TAG_51",2022,2022-09-29 14:59:27,2022-09-29 15:07:31,0.00560185185185185
"71","Bluefin tuna","BLUEFIN_TAG_51",2024,2024-07-23 17:58:47,2024-07-23 18:05:58,0.00498842592592593
"72","Bluefin tuna","BLUEFIN_TAG_53",2022,2022-11-15 19:33:32,2022-11-15 19:36:10,0.0018287037037037
"73","Bluefin tuna","BLUEFIN_TAG_53",2023,2023-06-21 02:48:31,2023-06-21 03:01:36,0.00908564814814815
"74","Bluefin tuna","BLUEFIN_TAG_55",2022,2022-10-16 04:57:41,2022-11-10 12:22:10,25.3086689814815
"75","Bluefin tuna","BLUEFIN_TAG_55",2023,2023-08-21 21:45:23,2023-10-28 11:12:35,67.5605555555556
"76","Bluefin tuna","BLUEFIN_TAG_6",2015,2015-10-25 12:49:40,2015-10-25 12:57:00,0.00509259259259259
"77","Bluefin tuna","BLUEFIN_TAG_6",2017,2017-07-04 23:10:11,2017-07-04 23:10:11,0
"78","Bluefin tuna","BLUEFIN_TAG_7",2015,2015-07-29 09:56:56,2015-07-29 11:59:16,0.0849537037037037
"79","Bluefin tuna","BLUEFIN_TAG_7",2016,2016-10-27 04:02:44,2016-11-10 13:04:09,14.3759837962963
"80","Porbeagle shark","PORB_JPBS_1",2017,2017-07-15 03:13:09,2017-07-15 03:31:50,0.012974537037037
"81","Porbeagle shark","PORB_JPBS_1",2018,2018-11-17 22:33:16,2018-11-18 03:50:29,0.220289351851852
"82","Porbeagle shark","PORB_JPBS_2",2017,2017-08-09 01:13:19,2017-08-09 01:25:33,0.00849537037037037
"83","Porbeagle shark","PORB_JPBS_2",2018,2018-07-28 13:55:58,2018-07-28 14:00:04,0.00284722222222222
"84","Snow crab","CRAB_ZSC_1",2019,2019-09-25 06:34:30,2019-09-30 06:57:52,5.01622685185185
"85","Snow crab","CRAB_ZSC_1",2020,2020-01-16 19:51:30,2020-01-19 10:29:57,2.61003472222222
"86","White shark","WHITE_CCOCE_14",2023,2023-07-12 11:17:24,2023-07-12 11:33:31,0.0111921296296296
"87","White shark","WHITE_CCOCE_14",2024,2024-06-28 13:06:20,2024-06-28 13:10:22,0.00280092592592593
"88","White shark","WHITE_CCOCE_15",2022,2022-11-04 02:12:39,2022-11-04 02:19:48,0.00496527777777778
"89","White shark","WHITE_CCOCE_15",2023,2023-08-21 14:28:56,2023-10-21 08:59:15,60.7710532407407
"90","White shark","WHITE_CCOCE_15",2024,2024-06-30 23:25:00,2024-06-30 23:36:38,0.0080787037037037
"91","White shark","WHITE_CCOCE_7",2020,2020-07-12 19:57:47,2020-07-12 20:29:23,0.0219444444444444
"92","White shark","WHITE_CCOCE_7",2021,2021-11-04 22:07:54,2021-11-04 22:11:23,0.00241898148148148
"93","White shark","WHITE_CCOCE_7",2023,2023-09-26 05:19:46,2023-09-26 07:22:35,0.0852893518518519
"94","White shark","WHITE_CCOCE_8",2020,2020-07-07 07:37:17,2020-07-07 08:53:31,0.0529398148148148
"95","White shark","WHITE_CCOCE_8",2021,2021-06-22 05:18:48,2021-06-22 05:53:02,0.0237731481481481
"96","White shark","WHITE_HMSWEA_1",2022,2022-09-14 22:05:59,2022-09-14 22:09:29,0.00243055555555556
"97","White shark","WHITE_HMSWEA_1",2023,2023-09-08 10:05:50,2023-09-24 18:16:17,16.3405902777778
"98","White shark","WHITE_HMSWEA_1",2024,2024-08-05 05:01:37,2024-08-05 05:04:09,0.00175925925925926
"99","White shark","WHITE_MSRPWS_10",2019,2019-07-18 17:09:58,2019-09-28 01:13:10,71.3355555555556
"100","White shark","WHITE_MSRPWS_10",2023,2023-10-29 11:20:50,2023-10-29 11:21:56,0.000763888888888889
"101","White shark","WHITE_MSRPWS_11",2021,2021-11-13 21:18:21,2021-11-13 21:18:21,0
"102","White shark","WHITE_MSRPWS_11",2023,2023-11-09 12:53:01,2023-11-09 12:55:24,0.00165509259259259
"103","White shark","WHITE_MSRPWS_11",2024,2024-06-26 19:09:21,2024-06-26 19:18:15,0.00618055555555556
"104","White shark","WHITE_MSRPWS_12",2021,2021-08-01 04:47:47,2021-08-01 04:57:20,0.00663194444444444
"105","White shark","WHITE_MSRPWS_12",2023,2023-08-31 02:50:04,2023-10-27 21:23:34,57.7732638888889
"106","White shark","WHITE_MSRPWS_13",2019,2019-09-05 16:59:29,2019-09-05 18:21:40,0.0570717592592593
"107","White shark","WHITE_MSRPWS_13",2024,2024-07-14 19:32:16,2024-07-14 19:40:45,0.0058912037037037
"108","White shark","WHITE_MSRPWS_2",2020,2020-08-13 17:53:50,2020-08-13 23:39:47,0.240243055555556
"109","White shark","WHITE_MSRPWS_2",2023,2023-11-11 19:54:06,2023-11-16 14:14:23,4.76408564814815
"110","White shark","WHITE_MSRPWS_25",2020,2020-08-08 17:48:29,2020-08-08 17:51:34,0.0021412037037037
"111","White shark","WHITE_MSRPWS_25",2023,2023-07-31 00:45:43,2023-07-31 08:05:30,0.305405092592593
"112","White shark","WHITE_MSRPWS_27",2023,2023-07-27 09:27:56,2023-07-27 11:44:09,0.0945949074074074
"113","White shark","WHITE_MSRPWS_27",2024,2024-07-29 23:29:18,2024-07-29 23:36:55,0.00528935185185185
"114","White shark","WHITE_MSRPWS_33",2020,2020-07-20 16:40:18,2020-07-20 16:41:30,0.000833333333333333
"115","White shark","WHITE_MSRPWS_33",2021,2021-06-28 20:54:10,2021-06-28 21:00:07,0.00413194444444444
"116","White shark","WHITE_MSRPWS_34",2023,2023-07-28 07:33:31,2023-09-19 05:30:23,52.9144907407407
"117","White shark","WHITE_MSRPWS_34",2024,2024-06-24 10:22:38,2024-06-24 14:35:04,0.175300925925926
"118","White shark","WHITE_MSRPWS_37",2020,2020-10-07 01:48:11,2020-10-07 05:53:33,0.170393518518519
"119","White shark","WHITE_MSRPWS_37",2022,2022-10-13 16:09:06,2022-10-13 16:21:47,0.00880787037037037
"120","White shark","WHITE_MSRPWS_38",2022,2022-07-22 06:03:55,2022-07-22 06:12:25,0.00590277777777778
"121","White shark","WHITE_MSRPWS_38",2023,2023-11-04 22:17:19,2023-11-04 22:23:51,0.00453703703703704
"122","White shark","WHITE_MSRPWS_4",2023,2023-09-18 02:09:22,2023-09-18 04:36:53,0.10244212962963
"123","White shark","WHITE_MSRPWS_4",2024,2024-07-21 23:07:29,2024-07-22 00:10:43,0.043912037037037
"124","White shark","WHITE_MSRPWS_5",2022,2022-11-08 06:49:19,2022-11-08 06:50:38,0.000914351851851852
"125","White shark","WHITE_MSRPWS_5",2024,2024-07-15 01:45:13,2024-07-15 09:17:00,0.313738425925926
"126","White shark","WHITE_MSRPWS_6",2023,2023-08-16 11:09:20,2023-08-16 11:16:25,0.00491898148148148
"127","White shark","WHITE_MSRPWS_6",2024,2024-07-27 12:33:51,2024-07-27 12:38:56,0.00353009259259259
"128","White shark","WHITE_MSRPWS_7",2020,2020-08-08 00:23:06,2020-08-08 04:43:38,0.180925925925926
"129","White shark","WHITE_MSRPWS_7",2023,2023-09-21 06:03:26,2023-09-27 13:53:39,6.32653935185185
"130","White shark","WHITE_MSRPWS_8",2021,2021-11-16 14:47:33,2021-11-16 14:54:20,0.00471064814814815
"131","White shark","WHITE_MSRPWS_8",2024,2024-07-07 01:26:04,2024-07-07 01:33:13,0.00496527777777778
"132","White shark","WHITE_NY_14",2020,2020-08-13 08:16:31,2020-08-13 08:46:31,0.0208333333333333
"133","White shark","WHITE_NY_14",2021,2021-09-26 10:13:45,2021-09-26 10:21:24,0.0053125
"134","White shark","WHITE_NY_9",2021,2021-11-02 17:05:00,2021-11-02 17:11:50,0.00474537037037037
"135","White shark","WHITE_NY_9",2024,2024-07-19 21:23:18,2024-07-19 21:31:16,0.00553240740740741
