"","common_name","Project_full","RELEASE_LOCATION","Detections","Individuals","mean_lat","mean_lon","min_lat","max_lat","min_lon","max_lon"
"1","American eel","BDLSPG - Apoqnmatulti'k - Bras D'Or Lake","Amaguadee's Pond, Bras d'Or Lake, Cape Breton",7,1,45.916931,-60.653694,"-","-","-","-"
"2","American eel","BDLSPG - Apoqnmatulti'k - Bras D'Or Lake","Bras d'Or Lake, Cape Breton",31,1,45.933283,-60.62895,"-","-","-","-"
"3","American eel","BDLSPG - Apoqnmatulti'k - Bras D'Or Lake","Outside John Pauls Pond, Bras d'Or Lake, Cape Breton",16,1,45.933283,-60.62895,"-","-","-","-"
"4","American eel","BQEEL - Bay of Quinte Eel Tracking","Bay of Quinte, Lake Ontario",57,2,44.150834,-77.265379,"-","-","-","-"
"5","Atlantic cod","SBICOD - Cod Movements in the Northern Gulf","Strait of Belle Ils., Gulf of  St. Lawrence",18,1,51.194118,-57.233651,"-","-","-","-"
"6","Atlantic cod","SGS - OTN Canada Sable Island Grey Seal Bioprobes","East Scotian Shelf",264,4,44.9311852272727,-60.9276136363636,"44.5631","45.1665","-61.5324","-60.5342"
"7","Atlantic cod","SGS - OTN Canada Sable Island Grey Seal Bioprobes","Southern St.Anns Bank",14102,41,46.0098768032385,-59.1582769649121,"45.9976","46.0371","-59.1953","-59.1462"
"8","Atlantic cod","SPI - Shippagan, NB: Cod tagging","Southern Gulf of St. Lawrence",48,2,47.87189125,-64.03341875,"47.854","47.9971","-64.0716","-64.028"
"9","Atlantic halibut","HALIBT - Acoustic Array and Halibut Tagging","Scotian Shelf",417,2,44.3541256594724,-59.0620376978417,"44.3539","44.3686","-59.1055","-59.0615"
"10","Atlantic halibut","MEHAL - Maine Atlantic Halibut Tagging","Gulf of Maine, USA",89,3,44.437627,-67.39565,"-","-","-","-"
"11","Atlantic mackerel","V2LNASTI - Mackerel tracking in the Northwest Arm","Halifax, NS",9,1,44.536689,-63.460551,"-","-","-","-"
"12","Atlantic salmon","ASF - Atlantic Salmon Federation Tagging Projects","Gulf of St. Lawrence or Saint Andrews NB",43,2,NA,NA,"-","-","-","-"
"13","Atlantic salmon","BDK - Overwinter Bras d’Or Atlantic salmon populations","Bras d'Or Lakes, Cape Breton",305,2,46.079643,-60.908239,"-","-","-","-"
"14","Atlantic salmon","ESRF - Atlantic Salmon Offshore Tracking Project","Cascapedia",6,1,48.306,-65.9422,"-","-","-","-"
"15","Atlantic salmon","ESRF - Atlantic Salmon Offshore Tracking Project","LaHave River",12,1,44.534224,-64.712359,"-","-","-","-"
"16","Atlantic salmon","ESRF - Atlantic Salmon Offshore Tracking Project","LeHave",41,7,44.534401,-64.712414,"-","-","-","-"
"17","Atlantic salmon","ESRF - Atlantic Salmon Offshore Tracking Project","Margaree River",91,2,46.438,-61.102,"-","-","-","-"
"18","Atlantic salmon","ESRF - Atlantic Salmon Offshore Tracking Project","Morell River",75,2,46.362398,-62.704283,"-","-","-","-"
"19","Atlantic salmon","ESRF - Atlantic Salmon Offshore Tracking Project","North River",210,2,46.3027778,-60.613889,"-","-","-","-"
"20","Atlantic salmon","ESRF - Atlantic Salmon Offshore Tracking Project","Restigouche River",7,1,47.6625,-67.4897,"-","-","-","-"
"21","Atlantic salmon","ESRF - Atlantic Salmon Offshore Tracking Project","Saint John River",31,2,45.959145,-66.86446,"-","-","-","-"
"22","Atlantic salmon","ESRF - Atlantic Salmon Offshore Tracking Project","St Marys River",35,3,45.2558013142857,-62.0644276571429,"45.2558","45.2558","-62.073","-62.0639"
"23","Atlantic salmon","ESRF - Atlantic Salmon Offshore Tracking Project","St. Mary's",201,10,45.2558526865672,-62.0636804477612,"45.2559","45.256","-62.0736","-62.0635"
"24","Atlantic salmon","ESRF - Atlantic Salmon Offshore Tracking Project","West River Sheet Harbour",21,1,44.534401,-64.712414,"-","-","-","-"
"25","Atlantic salmon","ESRF - Atlantic Salmon Offshore Tracking Project","West branch, St Marys river, Nova Scotia",114,3,45.255804,-62.063908,"-","-","-","-"
"26","Atlantic salmon","ESRF - Atlantic Salmon Offshore Tracking Project","York River",45,1,48.8357,-64.5911,"-","-","-","-"
"27","Atlantic salmon","KNE - NOAA Kennebec Salmon Tracking","Kennebec River, Maine, USA",13,1,44.531632,-69.642214,"-","-","-","-"
"28","Atlantic salmon","MARSS - Maritimes Region Atlantic salmon marine survival and migration","East branch, St Marys river, Nova Scotia",60,5,45.255757,-62.073002,"-","-","-","-"
"29","Atlantic salmon","NARR - Characterizing the behavior and survival of age 1 hatchery stocked smolts in the Narraguagus River, Maine U.S.A.","Milbridge, Narraguagus River, Maine U.S.A.",11,2,44.536181,-67.867763,"-","-","-","-"
"30","Atlantic salmon","PBN - NOAA Penobscot Salmon Tracking","Penobscot River, Maine, USA",141,6,44.81988,-68.718798,"-","-","-","-"
"31","Atlantic salmon","PBSM_QRPT - Quoddy Region Salmon Tracking","Magaguadavic Basin, St. George, NB",36,3,45.1277888888889,-66.8251122222222,"45.1265","45.1358","-66.8252","-66.8243"
"32","Atlantic salmon","PBU - USGS: Salmon tagging","Bucksport, Maine, USA.",270,20,44.570523,-68.793599,"-","-","-","-"
"33","Atlantic salmon","QSLR - St. Lawrence River Fish Monitoring","Gulf of St. Lawrence (estimate)",33,4,48.580941,-64.203323,"-","-","-","-"
"34","Atlantic salmon","TNGS - Tobique Narrows Generation Station efficiency","Tobique River, NB",6,2,45.983415,-66.718058,"-","-","-","-"
"35","Atlantic salmon","UNBMIR - UNB Miramichi River","Miramichi River, NB",34,1,46.95677,-65.58655,"-","-","-","-"
"36","Atlantic salmon","V2LCBHNP - Cape Breton Highlands National Park salmon tracking","Cape Breton Highlands",439,7,46.65998,-60.39962,"-","-","-","-"
"37","Atlantic salmon","V2LNSSA - Nova Scotia Salmon Association, Sheet Harbour","West River, Sheet Harbour,NS",34,6,44.9585445294118,-62.6178183823529,"44.9585","44.9586","-62.6178","-62.6178"
"38","Atlantic sturgeon","QSLR - St. Lawrence River Fish Monitoring","Gulf of St. Lawrence (estimate)",9,1,48.580941,-64.203323,"-","-","-","-"
"39","Blue shark","MFSAR - Shark Spatial Ecology and life history in NL waters","Conception Bay 1, NL",120,1,47.45967,-53.121317,"-","-","-","-"
"40","Blue shark","MFSAR - Shark Spatial Ecology and life history in NL waters","Conception Bay 2, NL",12,1,47.49826667,-53.1481,"-","-","-","-"
"41","Blue shark","MFSAR - Shark Spatial Ecology and life history in NL waters","St. Johns, NL",13,1,47.589795,-52.624955,"-","-","-","-"
"42","Blue shark","MFSAR - Shark Spatial Ecology and life history in NL waters","St. Mary's Bay, NL",31,1,46.9065,-53.76555,"-","-","-","-"
"43","Blue shark","NSBS - OTN NS Blue Shark Tracking","Halifax, NS",404,12,44.23497,-63.24841,"-","-","-","-"
"44","Bluefin tuna","BFTTAG - Bluefin tuna high res multi-beam sonar and tagging","PEI, Gulf of St. Lawrence",76,12,46.612852,-62.157012,"-","-","-","-"
"45","Bluefin tuna","DFOBFT - Long-term monitoring of Atlantic Bluefin tuna and Swordfish","Port Hood, NS",207,12,45.92569,-61.64994,"-","-","-","-"
"46","Bluefin tuna","TAG - Tag-A-Giant Foundation: Bluefin Tuna Tracking","North Carolina shelf by Hatteras",166,2,35.460449,-75.084143,"-","-","-","-"
"47","Bluefin tuna","TAG - Tag-A-Giant Foundation: Bluefin Tuna Tracking","Northumberland Straight",72,4,46.053076,-61.907533,"-","-","-","-"
"48","Bluefin tuna","TAG - Tag-A-Giant Foundation: Bluefin Tuna Tracking","Northumberland Straight and St. Georges Bay, NS",617,56,46.053076,-61.907533,"-","-","-","-"
"49","Grey seal","GSFP - Grey seal foraging pressure","Gulf of St. Lawrence",5,2,47.780097,-61.483532,"-","-","-","-"
"50","Grey seal","GSFP - Grey seal foraging pressure","Scotian Shelf",38,2,43.9308333,-59.9177777,"-","-","-","-"
"51","Grey seal","RISME - Pinniped Movement in Rhode Island Waters","Rhode Island, USA",10,1,41.149202,-71.225023,"-","-","-","-"
"52","Leatherback turtle","JBLB - Juno Beach Leatherback Tagging","Juno beach, Florida, USA",68,1,26.85761,-79.897383,"-","-","-","-"
"53","Leatherback turtle","MIGRAMAR.LBTPCR - Leatherback Turtle Tracking in Pacuare Wildlife Reserve, CR","Pacuare Wildlife Reserve, Costa Rica",39,1,10.18333,-83.243641,"-","-","-","-"
"54","Porbeagle shark","JPBS - DFO: Porbeagle and Blue Sharks","Emerald Basin",15,1,44.402158,-62.801851,"-","-","-","-"
"55","Porbeagle shark","JPBS - DFO: Porbeagle and Blue Sharks","Georges Bank",55,3,41.21,-67.38108,"-","-","-","-"
"56","Shortfin mako","RICSS - RIDEM DMF Coastal Shark Tagging Study","Block Island, New England, USA",29,1,41.081236,-71.576333,"-","-","-","-"
"57","Snow crab","ZSC - Scotian Shelf Snow Crab Tagging","Scotian Shelf",371,2,46.655883,-61.26395,"-","-","-","-"
"58","White shark","CCOCE - Shelf-associated movements and migration of sharks in the Western North Atlantic Ocean","Hilton Head, South Carolina",7,1,32.00025,-80.59483333,"-","-","-","-"
"59","White shark","CCOCE - Shelf-associated movements and migration of sharks in the Western North Atlantic Ocean","Lunenburg, Nova Scotia",22,2,44.22783333,-64.28468333,"-","-","-","-"
"60","White shark","CCOCE - Shelf-associated movements and migration of sharks in the Western North Atlantic Ocean","NE Atlantic",120,10,44.225368075,-64.28252008975,"44.2249","44.2257","-64.2863","-64.2774"
"61","White shark","CCOCE - Shelf-associated movements and migration of sharks in the Western North Atlantic Ocean","Scatarie Island, Cape Breton, Nova Scotia",37,1,46.03645,-59.69378333,"-","-","-","-"
"62","White shark","CCOCE - Shelf-associated movements and migration of sharks in the Western North Atlantic Ocean","W. Ironbound I., Nova Scotia",62,4,44.2282521498387,-64.2818427390323,"44.2257","44.2366","-64.2863","-64.2714"
"63","White shark","HMSWEA - Offshore Wind Telemetry","Nantucket, USA",51,3,39.543908,-73.857779,"-","-","-","-"
"64","White shark","HMSWEA - Offshore Wind Telemetry","Southern New England, USA",3,1,39.5439,-73.85777,"-","-","-","-"
"65","White shark","MSRPWS - Massachusetts White Shark Research Program","Cape cod, MA",896,42,41.34566,-69.618619,"-","-","-","-"
"66","White shark","NYSHARKS - New York Juvenile White Shark Study","Long Island, NY, USA",39,5,40.09488,-73.2486,"-","-","-","-"
"67","White shark","SBUSOMAS01 - SBU Coastal New York Bight Acoustic Network","Long Island, USA",3,1,40.090717,-73.308458,"-","-","-","-"
"68","White shark","V2LWSAMP - White Shark Acoustic Monitoring Program","Kejimkujik Park, NS",5,1,43.798987,-64.772998,"-","-","-","-"
"69","White shark","VMLPPWS - Grey seals and white sharks in Atlantic Canadian waters","Magdalen Islands, Gulf of St. Lawrence",4,1,47.88175,-61.380374,"-","-","-","-"
