"","station_name","2021","2022","2023","2024","2025","2015","2016","2017","2018","2019","2020","total_days"
"1","2021_001",143,364,349,229,0,0,0,0,0,0,0,1085
"2","2021_002",143,217,0,0,0,0,0,0,0,0,0,360
"3","2021_003",143,364,349,229,0,0,0,0,0,0,0,1085
"4","2021_004",143,364,349,229,0,0,0,0,0,0,0,1085
"5","2021_005",143,364,349,229,0,0,0,0,0,0,0,1085
"6","2021_006",143,364,349,229,0,0,0,0,0,0,0,1085
"7","2021_007",0,0,122,229,0,0,0,0,0,0,0,351
"8","2021_008",143,364,349,229,0,0,0,0,0,0,0,1085
"9","2021_009",143,364,349,229,0,0,0,0,0,0,0,1085
"10","2021_010",143,364,349,229,0,0,0,0,0,0,0,1085
"11","2021_011",143,364,349,229,0,0,0,0,0,0,0,1085
"12","2021_012",143,364,349,229,0,0,0,0,0,0,0,1085
"13","2021_013",143,364,349,229,0,0,0,0,0,0,0,1085
"14","2021_014",143,364,349,229,0,0,0,0,0,0,0,1085
"15","2021_015",0,0,122,366,110,0,0,0,0,0,0,598
"16","2021_016",143,364,349,229,0,0,0,0,0,0,0,1085
"17","2021_017",143,364,349,229,0,0,0,0,0,0,0,1085
"18","2021_018",143,364,349,229,0,0,0,0,0,0,0,1085
"19","2021_019",143,364,349,229,0,0,0,0,0,0,0,1085
"20","2021_020",143,364,349,229,0,0,0,0,0,0,0,1085
"21","2021_021",143,364,349,229,0,0,0,0,0,0,0,1085
"22","2021_022",143,364,349,229,0,0,0,0,0,0,0,1085
"23","2021_023",143,364,349,229,0,0,0,0,0,0,0,1085
"24","2021_024",143,364,349,229,0,0,0,0,0,0,0,1085
"25","2021_025",143,364,349,229,0,0,0,0,0,0,0,1085
"26","2021_026",143,364,349,229,0,0,0,0,0,0,0,1085
"27","2021_027",143,364,349,229,0,0,0,0,0,0,0,1085
"28","2021_028",143,364,227,0,0,0,0,0,0,0,0,734
"29","2021_029",143,364,349,229,0,0,0,0,0,0,0,1085
"30","2021_030",143,364,349,229,0,0,0,0,0,0,0,1085
"31","2021_031",143,364,227,0,0,0,0,0,0,0,0,734
"32","2021_032",143,364,349,229,0,0,0,0,0,0,0,1085
"33","2021_033",143,364,227,0,0,0,0,0,0,0,0,734
"34","2021_034",143,364,349,229,0,0,0,0,0,0,0,1085
"35","2021_035",143,364,349,229,0,0,0,0,0,0,0,1085
"36","2021_036",143,364,349,229,0,0,0,0,0,0,0,1085
"37","2021_037",143,364,349,229,0,0,0,0,0,0,0,1085
"38","2021_038",143,364,349,229,0,0,0,0,0,0,0,1085
"39","2021_039",143,364,349,229,0,0,0,0,0,0,0,1085
"40","2021_040",143,364,349,229,0,0,0,0,0,0,0,1085
"41","2021_041",143,364,349,229,0,0,0,0,0,0,0,1085
"42","2021_042",143,217,0,0,0,0,0,0,0,0,0,360
"43","2021_043",143,364,349,229,0,0,0,0,0,0,0,1085
"44","2021_044",143,364,349,229,0,0,0,0,0,0,0,1085
"45","2021_045",143,364,349,229,0,0,0,0,0,0,0,1085
"46","2021_046",143,364,349,365,91,0,0,0,0,0,0,1312
"47","N1",0,0,0,0,0,234,365,364,160,0,0,1123
"48","N10",0,0,0,0,0,234,365,364,160,0,0,1123
"49","N101",221,0,0,0,0,0,0,0,204,364,365,1154
"50","N102",221,0,0,0,0,0,0,0,204,364,365,1154
"51","N103",221,0,0,0,0,0,0,0,204,364,365,1154
"52","N104",221,0,0,0,0,0,0,0,204,364,365,1154
"53","N105",221,0,0,0,0,0,0,0,204,364,365,1154
"54","N106",221,0,0,0,0,0,0,0,204,364,365,1154
"55","N107",221,0,0,0,0,0,0,0,204,364,365,1154
"56","N108",221,0,0,0,0,0,0,0,204,364,365,1154
"57","N109",221,0,0,0,0,0,0,0,204,364,365,1154
"58","N11",0,0,0,0,0,234,365,364,160,0,0,1123
"59","N110",221,0,0,0,0,0,0,0,204,364,365,1154
"60","N111",221,0,0,0,0,0,0,0,204,364,365,1154
"61","N112",221,0,0,0,0,0,0,0,204,364,365,1154
"62","N113",221,0,0,0,0,0,0,0,204,364,365,1154
"63","N114",221,0,0,0,0,0,0,0,204,364,365,1154
"64","N115",221,0,0,0,0,0,0,0,204,364,365,1154
"65","N116",221,0,0,0,0,0,0,0,204,364,365,1154
"66","N117",221,0,0,0,0,0,0,0,204,364,365,1154
"67","N118",221,0,0,0,0,0,0,0,204,364,365,1154
"68","N119",221,0,0,0,0,0,0,0,204,364,365,1154
"69","N12",0,0,0,0,0,234,365,364,160,0,0,1123
"70","N120",221,0,0,0,0,0,0,0,204,364,365,1154
"71","N121",221,0,0,0,0,0,0,0,204,364,365,1154
"72","N122",221,0,0,0,0,0,0,0,204,364,365,1154
"73","N123",221,0,0,0,0,0,0,0,204,364,365,1154
"74","N13",0,0,0,0,0,234,365,364,160,0,0,1123
"75","N14",0,0,0,0,0,0,258,364,160,0,0,782
"76","N15",0,0,0,0,0,0,258,364,160,0,0,782
"77","N16",0,0,0,0,0,0,258,364,160,0,0,782
"78","N17",0,0,0,0,0,0,258,364,160,0,0,782
"79","N18",0,0,0,0,0,0,258,364,160,0,0,782
"80","N19",0,0,0,0,0,0,258,364,160,0,0,782
"81","N2",0,0,0,0,0,234,365,364,160,0,0,1123
"82","N20",0,0,0,0,0,0,258,364,160,0,0,782
"83","N21",0,0,0,0,0,0,258,364,160,0,0,782
"84","N22",0,0,0,0,0,0,0,240,160,0,0,400
"85","N23",0,0,0,0,0,0,0,240,160,0,0,400
"86","N3",0,0,0,0,0,234,365,364,160,0,0,1123
"87","N4",0,0,0,0,0,234,365,364,160,0,0,1123
"88","N5",0,0,0,0,0,234,365,364,160,0,0,1123
"89","N6",0,0,0,0,0,234,365,364,160,0,0,1123
"90","N7",0,0,0,0,0,234,365,364,160,0,0,1123
"91","N8",0,0,0,0,0,234,365,364,160,0,0,1123
"92","N9",0,0,0,0,0,234,365,364,160,0,0,1123
"93","S1",0,0,0,0,0,234,365,364,160,0,0,1123
"94","S10",0,0,0,0,0,234,365,364,160,0,0,1123
"95","S101",221,0,0,0,0,0,0,0,204,218,131,774
"96","S102",221,0,0,0,0,0,0,0,204,364,365,1154
"97","S103",221,0,0,0,0,0,0,0,204,364,365,1154
"98","S104",221,0,0,0,0,0,0,0,204,364,365,1154
"99","S105",221,0,0,0,0,0,0,0,204,364,365,1154
"100","S106",221,0,0,0,0,0,0,0,204,364,365,1154
"101","S107",221,0,0,0,0,0,0,0,204,364,365,1154
"102","S108",221,0,0,0,0,0,0,0,204,364,365,1154
"103","S109",221,0,0,0,0,0,0,0,204,364,365,1154
"104","S11",0,0,0,0,0,234,365,364,160,0,0,1123
"105","S110",221,0,0,0,0,0,0,0,204,364,365,1154
"106","S111",221,0,0,0,0,0,0,0,204,364,365,1154
"107","S112",221,0,0,0,0,0,0,0,204,364,365,1154
"108","S113",221,0,0,0,0,0,0,0,204,364,365,1154
"109","S114",221,0,0,0,0,0,0,0,204,364,365,1154
"110","S115",221,0,0,0,0,0,0,0,204,364,365,1154
"111","S116",221,0,0,0,0,0,0,0,204,364,365,1154
"112","S117",221,0,0,0,0,0,0,0,204,218,131,774
"113","S118",221,0,0,0,0,0,0,0,204,364,365,1154
"114","S119",221,0,0,0,0,0,0,0,204,364,365,1154
"115","S12",0,0,0,0,0,234,365,364,160,0,0,1123
"116","S120",221,0,0,0,0,0,0,0,204,364,365,1154
"117","S121",221,0,0,0,0,0,0,0,204,364,365,1154
"118","S122",221,0,0,0,0,0,0,0,204,364,365,1154
"119","S123",0,0,0,0,0,0,0,0,204,364,234,802
"120","S13",0,0,0,0,0,234,365,364,160,0,0,1123
"121","S14",0,0,0,0,0,0,258,364,160,0,0,782
"122","S15",0,0,0,0,0,0,258,364,160,0,0,782
"123","S16",0,0,0,0,0,0,258,364,160,0,0,782
"124","S17",0,0,0,0,0,0,258,364,160,0,0,782
"125","S18",0,0,0,0,0,0,258,364,160,0,0,782
"126","S19",0,0,0,0,0,0,258,364,160,0,0,782
"127","S2",0,0,0,0,0,234,365,364,160,0,0,1123
"128","S20",0,0,0,0,0,0,258,364,160,0,0,782
"129","S21",0,0,0,0,0,0,258,364,160,0,0,782
"130","S22",0,0,0,0,0,0,258,364,160,0,0,782
"131","S23",0,0,0,0,0,0,258,364,160,0,0,782
"132","S3",0,0,0,0,0,234,365,364,160,0,0,1123
"133","S4",0,0,0,0,0,234,365,364,160,0,0,1123
"134","S5",0,0,0,0,0,234,365,364,160,0,0,1123
"135","S6",0,0,0,0,0,234,365,364,160,0,0,1123
"136","S7",0,0,0,0,0,234,365,364,160,0,0,1123
"137","S8",0,0,0,0,0,234,365,364,160,0,0,1123
"138","S9",0,0,0,0,0,234,365,364,160,0,0,1123
