"","species","station","num_fish","num_dets","first_det","last_det","mean_lat","mean_lon","animals"
"1","American eel","2021_033",1,15,2021-11-16 03:37:06,2021-11-16 03:54:38,46.03757,-58.92871,"EEL_BDLSPG_1"
"2","American eel","2021_034",1,1,2021-11-16 04:08:26,2021-11-16 04:08:26,46.04268,-58.91758,"EEL_BDLSPG_1"
"3","American eel","N10",1,25,2019-11-25 08:21:57,2019-11-25 08:48:53,46.2117,-59.11821,"EEL_BDLSPG_3"
"4","American eel","N21",1,13,2017-06-07 07:21:52,2017-06-07 07:47:23,46.24191,-59.02366,"EEL_BQEEL_1"
"5","American eel","N22",1,19,2017-06-07 07:25:24,2017-06-07 08:25:25,46.24659,-59.01201,"EEL_BQEEL_1"
"6","American eel","N6",1,13,2017-12-23 16:04:14,2017-12-23 16:17:14,46.19662,-59.16467,"EEL_BQEEL_2"
"7","American eel","N9",1,3,2019-11-25 07:43:08,2019-11-25 07:47:06,46.20802,-59.13016,"EEL_BDLSPG_3"
"8","American eel","S10",1,3,2019-11-26 03:00:20,2019-11-26 03:03:26,46.02154,-58.91703,"EEL_BDLSPG_3"
"9","American eel","S19",1,3,2017-06-08 04:16:47,2017-06-08 04:33:01,46.02147,-58.86494,"EEL_BQEEL_1"
"10","American eel","S20",1,9,2017-06-08 04:32:12,2017-06-08 04:56:19,46.02161,-58.85209,"EEL_BQEEL_1"
"11","American eel","S5",1,6,2020-10-15 02:04:18,2020-10-15 02:10:23,46.02172,-58.98192,"EEL_BDLSPG_2"
"12","American eel","S6",1,1,2020-10-15 02:13:52,2020-10-15 02:13:52,46.02175,-58.96895,"EEL_BDLSPG_2"
"13","Atlantic cod","2021_013",1,12,2024-01-04 06:26:31,2024-01-04 06:50:18,45.98773,-59.17053,"COD_SBICOD_1"
"14","Atlantic cod","2021_014",1,6,2024-01-04 07:01:57,2024-01-04 07:21:20,45.98864,-59.15839,"COD_SBICOD_1"
"15","Atlantic cod","N1",11,437,2016-06-19 14:01:34,2018-09-28 05:16:34,46.1773247139587,-59.2236073913045,"COD_SGS_12 COD_SGS_19 COD_SGS_20 COD_SGS_21 COD_SGS_25 COD_SGS_34 COD_SGS_35 COD_SGS_37 COD_SGS_38 COD_SGS_7 COD_SGS_9"
"16","Atlantic cod","N10",8,154,2015-12-18 19:52:29,2017-07-21 11:28:39,46.2115376623376,-59.118107922078,"COD_SGS_14 COD_SGS_21 COD_SGS_22 COD_SGS_23 COD_SGS_33 COD_SGS_41 COD_SGS_9 COD_SPI_1"
"17","Atlantic cod","N11",3,26,2016-06-13 02:07:00,2017-06-16 05:33:26,46.21588,-59.10623,"COD_SGS_14 COD_SGS_22 COD_SGS_5"
"18","Atlantic cod","N12",3,80,2016-10-14 22:30:00,2017-10-25 10:17:38,46.219521875,-59.0943136249999,"COD_SGS_11 COD_SGS_21 COD_SGS_9"
"19","Atlantic cod","N13",9,859,2016-06-14 03:27:13,2018-11-21 00:15:55,46.1995366006987,-59.1557364377187,"COD_SGS_11 COD_SGS_20 COD_SGS_21 COD_SGS_29 COD_SGS_30 COD_SGS_36 COD_SGS_45 COD_SGS_7 COD_SGS_9"
"20","Atlantic cod","N14",6,291,2016-07-06 14:08:54,2017-08-11 05:51:52,46.1697030240552,-59.2475467353949,"COD_SGS_20 COD_SGS_21 COD_SGS_37 COD_SGS_38 COD_SGS_7 COD_SGS_9"
"21","Atlantic cod","N15",8,284,2016-07-06 14:43:51,2018-09-28 04:52:20,46.1734271830988,-59.2360584507047,"COD_SGS_19 COD_SGS_21 COD_SGS_25 COD_SGS_35 COD_SGS_37 COD_SGS_38 COD_SGS_7 COD_SGS_9"
"22","Atlantic cod","N17",3,38,2016-08-06 00:01:29,2017-10-24 21:40:43,46.226917368421,-59.0711789473684,"COD_SGS_11 COD_SGS_20 COD_SGS_21"
"23","Atlantic cod","N18",5,171,2016-07-27 03:11:25,2017-10-25 18:36:47,46.230965263158,-59.0589746783626,"COD_SGS_1 COD_SGS_11 COD_SGS_20 COD_SGS_21 COD_SGS_44"
"24","Atlantic cod","N19",4,76,2016-07-27 03:49:04,2017-07-21 00:10:09,46.234252631579,-59.0474455263158,"COD_SGS_1 COD_SGS_20 COD_SGS_21 COD_SGS_25"
"25","Atlantic cod","N2",6,120,2016-07-06 16:22:16,2017-06-14 15:07:50,46.1812923333334,-59.2119541666668,"COD_SGS_25 COD_SGS_32 COD_SGS_37 COD_SGS_41 COD_SGS_7 COD_SGS_9"
"26","Atlantic cod","N20",2,79,2016-10-27 21:07:57,2017-09-08 15:34:32,46.238371392405,-59.0360239240508,"COD_SGS_21 COD_SPI_2"
"27","Atlantic cod","N21",4,151,2016-10-14 14:09:53,2017-09-08 13:28:08,46.2424503973512,-59.0237410596028,"COD_SGS_21 COD_SGS_3 COD_SGS_45 COD_SGS_8"
"28","Atlantic cod","N23",2,229,2017-06-10 20:00:36,2017-08-11 17:00:51,46.16175,-59.2711400000002,"COD_SGS_21 COD_SGS_7"
"29","Atlantic cod","N3",4,195,2016-07-06 10:29:00,2018-08-25 23:09:49,46.1839992820513,-59.2005236410257,"COD_SGS_14 COD_SGS_20 COD_SGS_21 COD_SGS_9"
"30","Atlantic cod","N4",3,53,2017-04-21 20:38:31,2017-07-31 20:09:44,46.1890941509434,-59.1881013207547,"COD_SGS_11 COD_SGS_21 COD_SGS_9"
"31","Atlantic cod","N5",5,77,2016-06-29 18:25:20,2017-10-09 23:14:32,46.1924740259741,-59.1766845454546,"COD_SGS_20 COD_SGS_21 COD_SGS_24 COD_SGS_38 COD_SGS_9"
"32","Atlantic cod","N6",3,189,2016-06-29 16:00:17,2018-04-29 02:38:45,46.1966116931217,-59.1646533862434,"COD_SGS_20 COD_SGS_21 COD_SGS_38"
"33","Atlantic cod","N7",5,372,2015-12-18 04:48:46,2018-05-06 05:44:04,46.2003309139786,-59.1532422580647,"COD_SGS_20 COD_SGS_21 COD_SGS_40 COD_SGS_9 COD_SPI_1"
"34","Atlantic cod","N8",6,166,2015-12-18 04:09:47,2017-08-10 14:40:06,46.2038396385542,-59.1413401204821,"COD_SGS_20 COD_SGS_21 COD_SGS_33 COD_SGS_41 COD_SGS_9 COD_SPI_1"
"35","Atlantic cod","N9",7,148,2015-12-18 20:34:35,2018-04-24 00:09:32,46.2079266891892,-59.1302338513515,"COD_SGS_12 COD_SGS_14 COD_SGS_21 COD_SGS_23 COD_SGS_33 COD_SGS_9 COD_SPI_1"
"36","Atlantic cod","S1",2,81,2016-06-19 08:02:27,2016-06-21 01:41:24,46.0217499999999,-59.034,"COD_SGS_10 COD_SGS_16"
"37","Atlantic cod","S10",2,103,2016-07-04 08:15:48,2017-03-15 17:34:55,46.0215199999999,-58.9173099999999,"COD_SGS_1 COD_SGS_17"
"38","Atlantic cod","S11",4,54,2016-07-04 05:42:09,2017-03-15 18:32:41,46.02294,-58.9034200000001,"COD_SGS_1 COD_SGS_17 COD_SGS_4 COD_SGS_45"
"39","Atlantic cod","S12",6,191,2016-07-04 03:10:00,2017-05-17 18:03:54,46.0221640314135,-58.8910353926701,"COD_SGS_1 COD_SGS_17 COD_SGS_25 COD_SGS_36 COD_SGS_45 COD_SGS_9"
"40","Atlantic cod","S13",2,83,2016-12-12 07:42:13,2017-05-18 17:41:12,46.0217615662651,-58.8780092771084,"COD_SGS_17 COD_SGS_9"
"41","Atlantic cod","S14",11,1263,2016-06-13 09:44:02,2017-06-12 22:17:35,46.021652692004,-59.0984857323824,"COD_SGS_13 COD_SGS_15 COD_SGS_17 COD_SGS_24 COD_SGS_27 COD_SGS_39 COD_SGS_4 COD_SGS_40 COD_SGS_43 COD_SGS_44 COD_SGS_7"
"42","Atlantic cod","S15",10,2462,2016-06-17 00:13:00,2017-06-03 08:07:50,46.0216681965893,-59.0852088789609,"COD_SGS_11 COD_SGS_13 COD_SGS_17 COD_SGS_18 COD_SGS_27 COD_SGS_32 COD_SGS_4 COD_SGS_43 COD_SGS_6 COD_SGS_7"
"43","Atlantic cod","S16",8,1472,2016-06-18 21:02:27,2017-05-09 15:57:40,46.02183902174,-59.0727376902193,"COD_SGS_17 COD_SGS_22 COD_SGS_32 COD_SGS_34 COD_SGS_4 COD_SGS_43 COD_SGS_6 COD_SGS_7"
"44","Atlantic cod","S17",9,1085,2016-06-16 08:33:12,2018-05-08 07:34:57,46.0217551428574,-59.0594940000002,"COD_SGS_1 COD_SGS_17 COD_SGS_22 COD_SGS_27 COD_SGS_32 COD_SGS_4 COD_SGS_43 COD_SGS_44 COD_SGS_9"
"45","Atlantic cod","S18",10,433,2016-06-17 07:25:14,2017-07-07 23:30:39,46.0217742032331,-59.0470302540419,"COD_SGS_1 COD_SGS_17 COD_SGS_2 COD_SGS_22 COD_SGS_27 COD_SGS_4 COD_SGS_43 COD_SGS_44 COD_SGS_45 COD_SGS_7"
"46","Atlantic cod","S19",6,215,2016-06-22 00:05:59,2017-05-18 14:03:01,46.0217486976743,-58.8646513488372,"COD_SGS_1 COD_SGS_10 COD_SGS_17 COD_SGS_31 COD_SGS_43 COD_SGS_9"
"47","Atlantic cod","S2",4,115,2016-07-15 02:22:14,2016-12-07 16:12:31,46.0217499999999,-59.0195999999999,"COD_SGS_4 COD_SGS_43 COD_SGS_44 COD_SGS_45"
"48","Atlantic cod","S20",5,632,2016-07-02 20:29:53,2016-11-28 22:14:44,46.0216399999998,-58.8518499999993,"COD_SGS_1 COD_SGS_31 COD_SGS_43 COD_SGS_44 COD_SGS_9"
"49","Atlantic cod","S21",3,393,2016-07-02 19:47:30,2016-11-28 20:52:35,46.0217799999995,-58.8395600000003,"COD_SGS_1 COD_SGS_31 COD_SGS_44"
"50","Atlantic cod","S22",3,362,2016-07-02 19:08:42,2018-10-07 18:51:56,46.0220114917129,-58.8260666850826,"COD_SGS_1 COD_SGS_28 COD_SGS_31"
"51","Atlantic cod","S23",4,505,2016-08-17 01:43:54,2019-03-03 03:23:20,46.0220730495048,-58.8129921782173,"COD_SGS_11 COD_SGS_28 COD_SGS_31 COD_SGS_9"
"52","Atlantic cod","S3",6,451,2016-06-13 15:37:49,2016-11-07 13:13:54,46.0218400000001,-59.0077300000003,"COD_SGS_26 COD_SGS_4 COD_SGS_42 COD_SGS_43 COD_SGS_44 COD_SGS_45"
"53","Atlantic cod","S4",3,42,2016-07-14 12:37:07,2017-12-09 17:42:54,46.0220061904762,-58.9950604761905,"COD_SGS_11 COD_SGS_17 COD_SGS_45"
"54","Atlantic cod","S5",1,94,2016-06-20 21:44:11,2016-06-20 23:35:45,46.0219900000001,-58.9821000000001,"COD_SGS_16"
"55","Atlantic cod","S6",3,43,2016-06-19 08:44:57,2017-07-14 12:45:35,46.0217379069767,-58.9692969767442,"COD_SGS_1 COD_SGS_10 COD_SGS_16"
"56","Atlantic cod","S7",1,19,2017-07-14 12:57:15,2017-07-14 13:15:16,46.02175,-58.956,"COD_SGS_1"
"57","Atlantic cod","S8",4,72,2016-12-12 00:44:32,2017-12-19 18:50:43,46.0218658333334,-58.9428305555556,"COD_SGS_1 COD_SGS_17 COD_SGS_22 COD_SGS_9"
"58","Atlantic cod","S9",2,49,2016-07-04 12:50:13,2017-03-15 16:46:50,46.02217,-58.92982,"COD_SGS_1 COD_SGS_17"
"59","Atlantic halibut","2021_007",1,14,2023-11-11 06:56:29,2023-11-11 07:36:35,45.9883,-59.25373,"HAL_MEHAL_3"
"60","Atlantic halibut","2021_028",1,8,2022-11-27 12:06:25,2022-11-27 12:21:56,46.01304,-58.98382,"HAL_MEHAL_2"
"61","Atlantic halibut","2021_030",1,2,2024-03-10 22:28:00,2024-03-10 22:32:47,46.02308,-58.9613,"HAL_MEHAL_3"
"62","Atlantic halibut","2021_032",1,10,2024-03-10 17:36:42,2024-03-10 18:13:32,46.03348,-58.93976,"HAL_MEHAL_3"
"63","Atlantic halibut","2021_034",1,4,2024-03-10 16:15:37,2024-03-10 16:23:43,46.04308,-58.91779,"HAL_MEHAL_3"
"64","Atlantic halibut","2021_035",1,4,2024-03-10 15:38:55,2024-03-10 15:48:34,46.04815,-58.90588,"HAL_MEHAL_3"
"65","Atlantic halibut","2021_036",2,20,2022-11-28 18:45:19,2024-03-10 09:20:51,46.052996,-58.894959,"HAL_MEHAL_2 HAL_MEHAL_3"
"66","Atlantic halibut","2021_037",1,13,2023-03-18 22:22:34,2023-03-18 23:37:11,46.05776,-58.88392,"HAL_MEHAL_1"
"67","Atlantic halibut","2021_038",1,1,2023-03-18 21:51:12,2023-03-18 21:51:12,46.06263,-58.87281,"HAL_MEHAL_1"
"68","Atlantic halibut","2021_039",1,6,2023-03-18 20:55:40,2023-03-18 21:29:10,46.06738,-58.86194,"HAL_MEHAL_1"
"69","Atlantic halibut","2021_040",1,7,2023-03-18 20:27:54,2023-03-18 21:12:39,46.07238,-58.85094,"HAL_MEHAL_1"
"70","Atlantic halibut","2021_041",1,3,2023-12-30 18:52:14,2023-12-31 11:20:34,46.07723,-58.84035,"HAL_HALIBT_1"
"71","Atlantic halibut","2021_043",1,2,2024-01-02 18:42:32,2024-01-02 18:45:12,46.08718,-58.81799,"HAL_HALIBT_1"
"72","Atlantic halibut","2021_046",1,412,2025-03-31 19:49:10,2025-04-01 11:24:50,46.1016999999996,-58.7853800000002,"HAL_HALIBT_2"
"73","Atlantic mackerel","2021_020",1,5,2024-07-29 09:04:26,2024-07-29 09:17:07,45.98884,-59.07927,"MAC_V2LNASTI_1"
"74","Atlantic mackerel","2021_036",1,3,2024-07-29 02:21:46,2024-07-29 02:27:07,46.05326,-58.89486,"MAC_V2LNASTI_1"
"75","Atlantic mackerel","2021_041",1,1,2024-07-30 03:38:28,2024-07-30 03:38:28,46.07723,-58.84035,"MAC_V2LNASTI_1"
"76","Atlantic salmon","2021_001",2,14,2023-06-16 23:18:53,2024-01-25 16:44:19,45.9877657142857,-59.3335,"SALM_ESRF_48 SALM_V2LCBHNP_3"
"77","Atlantic salmon","2021_002",1,2,2022-06-03 16:24:02,2022-06-03 16:25:56,45.98769,-59.32067,"SALM_ESRF_22"
"78","Atlantic salmon","2021_003",1,47,2024-02-12 06:03:01,2024-02-12 06:27:11,45.98826,-59.30772,"SALM_V2LCBHNP_2"
"79","Atlantic salmon","2021_004",2,65,2023-06-15 20:44:40,2024-02-12 06:47:34,45.9877503076922,-59.2940003076923,"SALM_ESRF_35 SALM_V2LCBHNP_2"
"80","Atlantic salmon","2021_005",1,4,2023-01-29 00:00:37,2023-01-29 00:34:06,45.98778,-59.27967,"SALM_UNBMIR_1"
"81","Atlantic salmon","2021_006",3,33,2023-01-29 00:47:30,2024-02-12 07:50:06,45.987906969697,-59.2665663636364,"SALM_ESRF_34 SALM_UNBMIR_1 SALM_V2LCBHNP_2"
"82","Atlantic salmon","2021_007",1,11,2024-02-12 07:56:22,2024-02-12 08:05:57,45.9883,-59.25373,"SALM_V2LCBHNP_2"
"83","Atlantic salmon","2021_008",1,12,2023-01-29 02:09:12,2023-01-29 02:28:55,45.98788,-59.24017,"SALM_UNBMIR_1"
"84","Atlantic salmon","2021_010",3,9,2022-06-17 16:12:59,2023-06-09 19:23:43,45.98789,-59.21236,"SALM_ESRF_28 SALM_PBU_10 SALM_QSLR_3"
"85","Atlantic salmon","2021_011",3,14,2022-06-09 07:12:01,2023-06-17 03:51:23,45.98792,-59.19902,"SALM_ESRF_28 SALM_ESRF_48 SALM_V2LNSSA_4"
"86","Atlantic salmon","2021_012",1,7,2023-06-17 04:08:00,2023-06-17 04:21:44,45.98796,-59.1857,"SALM_ESRF_48"
"87","Atlantic salmon","2021_013",3,32,2022-11-15 22:32:26,2024-03-09 01:31:14,45.98779,-59.1707375,"SALM_QSLR_3 SALM_V2LCBHNP_2 SALM_V2LCBHNP_7"
"88","Atlantic salmon","2021_014",4,50,2022-06-17 01:54:14,2024-05-26 17:29:28,45.9886016,-59.1583984,"SALM_ESRF_24 SALM_QSLR_4 SALM_V2LCBHNP_1 SALM_V2LCBHNP_2"
"89","Atlantic salmon","2021_016",2,37,2023-05-15 16:43:50,2024-05-26 16:57:48,45.9881986486486,-59.1315067567568,"SALM_ESRF_44 SALM_V2LCBHNP_1"
"90","Atlantic salmon","2021_017",3,64,2023-05-15 16:27:59,2024-05-26 16:39:53,45.9882128125,-59.1183524999999,"SALM_ESRF_44 SALM_V2LCBHNP_1 SALM_V2LCBHNP_3"
"91","Atlantic salmon","2021_018",4,65,2022-11-24 22:40:45,2024-05-26 16:24:27,45.9885552307692,-59.1056133846154,"SALM_ESRF_38 SALM_QSLR_3 SALM_V2LCBHNP_1 SALM_V2LCBHNP_5"
"92","Atlantic salmon","2021_019",4,64,2022-06-05 16:03:51,2024-05-26 16:09:52,45.98829125,-59.09192125,"SALM_ESRF_26 SALM_ESRF_38 SALM_ESRF_44 SALM_V2LCBHNP_1"
"93","Atlantic salmon","2021_020",4,46,2022-06-05 15:58:36,2024-05-26 15:54:02,45.9886234782609,-59.0790769565218,"SALM_ESRF_25 SALM_ESRF_26 SALM_ESRF_38 SALM_V2LCBHNP_1"
"94","Atlantic salmon","2021_021",4,47,2022-06-04 18:49:00,2024-05-26 15:23:36,45.9880285106383,-59.0641985106383,"SALM_ESRF_22 SALM_ESRF_25 SALM_ESRF_38 SALM_V2LCBHNP_1"
"95","Atlantic salmon","2021_022",3,48,2022-06-04 18:12:35,2024-05-26 10:40:18,45.9881270833333,-59.0518925,"SALM_ESRF_22 SALM_ESRF_25 SALM_V2LCBHNP_1"
"96","Atlantic salmon","2021_023",1,18,2022-06-13 04:24:25,2022-06-13 05:09:03,45.98809,-59.03802,"SALM_ESRF_25"
"97","Atlantic salmon","2021_024",1,15,2022-06-13 03:34:30,2022-06-13 04:10:06,45.99334,-59.02769,"SALM_ESRF_25"
"98","Atlantic salmon","2021_025",3,20,2022-06-12 23:12:48,2024-05-12 20:53:18,45.998173,-59.017205,"SALM_ESRF_25 SALM_ESRF_33 SALM_V2LCBHNP_4"
"99","Atlantic salmon","2021_026",2,19,2022-06-12 22:54:38,2023-06-13 10:09:36,46.00319,-59.00584,"SALM_ESRF_25 SALM_ESRF_33"
"100","Atlantic salmon","2021_027",3,41,2022-06-04 12:22:18,2024-02-12 19:39:04,46.0084236585366,-58.9949256097561,"SALM_ESRF_22 SALM_ESRF_33 SALM_V2LCBHNP_2"
"101","Atlantic salmon","2021_028",2,27,2022-06-04 10:56:36,2023-06-13 10:55:36,46.01304,-58.98382,"SALM_ESRF_22 SALM_ESRF_33"
"102","Atlantic salmon","2021_029",1,3,2022-06-06 16:29:01,2022-06-06 16:40:36,46.01794,-58.97294,"SALM_V2LNSSA_5"
"103","Atlantic salmon","2021_030",1,3,2022-06-06 16:43:57,2022-06-06 16:56:58,46.02283,-58.96167,"SALM_V2LNSSA_5"
"104","Atlantic salmon","2021_031",1,6,2022-11-07 15:55:47,2022-11-07 16:05:39,46.02784,-58.95052,"SALM_QSLR_2"
"105","Atlantic salmon","2021_032",1,3,2023-06-15 23:04:55,2023-06-15 23:08:10,46.03277,-58.93972,"SALM_ESRF_37"
"106","Atlantic salmon","2021_033",1,7,2023-06-13 01:25:04,2023-06-13 01:42:53,46.03757,-58.92871,"SALM_ESRF_36"
"107","Atlantic salmon","2021_034",2,7,2022-06-17 06:12:37,2023-06-13 02:34:31,46.04268,-58.91758,"SALM_ESRF_24 SALM_ESRF_36"
"108","Atlantic salmon","2021_035",2,6,2022-06-17 06:26:22,2023-06-02 20:07:30,46.04759,-58.9063,"SALM_ESRF_24 SALM_ESRF_42"
"109","Atlantic salmon","2021_036",2,7,2023-06-02 20:13:05,2023-06-13 04:52:24,46.05278,-58.89504,"SALM_ESRF_36 SALM_ESRF_42"
"110","Atlantic salmon","2021_037",3,14,2023-05-04 11:28:04,2023-06-13 05:52:24,46.05776,-58.88392,"SALM_ESRF_36 SALM_ESRF_42 SALM_ESRF_44"
"111","Atlantic salmon","2021_038",4,46,2022-06-06 21:28:12,2023-06-13 06:43:46,46.06263,-58.87281,"SALM_ESRF_36 SALM_ESRF_40 SALM_ESRF_42 SALM_V2LNSSA_5"
"112","Atlantic salmon","2021_039",4,66,2022-06-11 16:21:47,2023-06-13 07:03:43,46.06738,-58.8619399999999,"SALM_ESRF_31 SALM_ESRF_36 SALM_ESRF_40 SALM_ESRF_42"
"113","Atlantic salmon","2021_040",5,37,2022-04-21 21:23:39,2024-02-04 23:19:10,46.0724,-58.8509216216217,"SALM_ESRF_21 SALM_ESRF_31 SALM_ESRF_40 SALM_ESRF_42 SALM_V2LCBHNP_6"
"114","Atlantic salmon","2021_041",3,40,2022-04-21 21:19:55,2023-06-03 07:13:37,46.07704,-58.84016,"SALM_ESRF_21 SALM_ESRF_40 SALM_ESRF_42"
"115","Atlantic salmon","2021_043",4,30,2022-06-11 10:24:00,2024-05-10 19:53:59,46.0870113333333,-58.817898,"SALM_ESRF_31 SALM_ESRF_38 SALM_ESRF_40 SALM_ESRF_46"
"116","Atlantic salmon","2021_044",2,7,2023-05-12 13:58:47,2023-05-29 13:49:59,46.09175,-58.80698,"SALM_ESRF_38 SALM_ESRF_40"
"117","Atlantic salmon","2021_045",3,56,2022-06-16 19:25:13,2024-06-12 14:25:51,46.0968585714286,-58.7960873214285,"SALM_ESRF_23 SALM_ESRF_40 SALM_V2LCBHNP_5"
"118","Atlantic salmon","2021_046",4,27,2022-06-16 19:14:37,2024-02-01 02:43:26,46.1015222222222,-58.7853059259259,"SALM_ESRF_23 SALM_ESRF_40 SALM_QSLR_1 SALM_V2LCBHNP_6"
"119","Atlantic salmon","N1",2,2,2015-06-10 02:14:56,2015-12-25 20:22:48,46.17733,-59.22367,"SALM_BDK_1 SALM_BDK_2"
"120","Atlantic salmon","N10",2,21,2015-06-10 06:54:58,2018-06-24 10:15:27,46.2117276190476,-59.1179228571429,"SALM_BDK_1 SALM_PBU_9"
"121","Atlantic salmon","N11",2,21,2015-06-10 07:42:27,2018-06-24 10:29:23,46.2156814285714,-59.1061785714286,"SALM_BDK_1 SALM_PBU_9"
"122","Atlantic salmon","N12",1,1,2018-06-18 06:05:26,2018-06-18 06:05:26,46.21945,-59.09393,"SALM_PBU_10"
"123","Atlantic salmon","N13",5,33,2017-05-26 14:09:05,2021-07-20 23:22:27,46.2025809090909,-59.1466818181818,"SALM_ASF_1 SALM_PBU_1 SALM_PBU_10 SALM_QRPT_1 SALM_QRPT_3"
"124","Atlantic salmon","N14",1,3,2017-06-25 02:02:59,2017-06-25 02:05:35,46.16972,-59.24736,"SALM_PBU_1"
"125","Atlantic salmon","N17",1,2,2021-06-15 09:16:12,2021-06-15 09:21:09,46.22684,-59.07134,"SALM_QRPT_1"
"126","Atlantic salmon","N18",2,5,2017-05-13 00:24:18,2020-06-19 18:24:17,46.23089,-59.058894,"SALM_ASF_2 SALM_TNGS_1"
"127","Atlantic salmon","N19",3,25,2017-05-13 00:22:58,2021-06-03 19:54:39,46.2344048,-59.0472584,"SALM_ASF_2 SALM_ESRF_16 SALM_MARSS_103"
"128","Atlantic salmon","N2",2,75,2015-06-10 02:20:22,2015-12-25 20:58:52,46.1811699999999,-59.2118300000001,"SALM_BDK_1 SALM_BDK_2"
"129","Atlantic salmon","N20",3,10,2017-05-13 00:52:03,2021-06-12 20:12:25,46.238404,-59.035979,"SALM_ASF_2 SALM_ESRF_9 SALM_PBU_11"
"130","Atlantic salmon","N21",1,3,2017-07-12 17:30:50,2017-07-12 17:32:05,46.24191,-59.02366,"SALM_MARSS_101"
"131","Atlantic salmon","N22",2,6,2017-07-12 17:41:09,2019-06-24 03:44:51,46.2466316666667,-59.012185,"SALM_MARSS_101 SALM_PBU_12"
"132","Atlantic salmon","N3",1,35,2015-06-10 03:00:53,2015-06-10 03:38:36,46.185,-59.20017,"SALM_BDK_1"
"133","Atlantic salmon","N4",2,20,2015-06-10 03:51:09,2021-06-15 20:29:10,46.18886,-59.188282,"SALM_BDK_1 SALM_ESRF_17"
"134","Atlantic salmon","N5",1,29,2015-06-10 04:20:02,2015-06-10 04:46:30,46.19267,-59.17667,"SALM_BDK_1"
"135","Atlantic salmon","N6",1,24,2015-06-10 04:50:56,2015-06-10 05:19:57,46.1965,-59.16483,"SALM_BDK_1"
"136","Atlantic salmon","N7",3,41,2015-06-10 05:24:42,2021-06-12 13:32:03,46.2003031707317,-59.153326097561,"SALM_BDK_1 SALM_ESRF_3 SALM_TNGS_1"
"137","Atlantic salmon","N8",1,30,2015-06-10 05:56:02,2015-06-10 06:20:43,46.20417,-59.14133,"SALM_BDK_1"
"138","Atlantic salmon","N9",1,24,2015-06-10 06:21:30,2015-06-10 06:51:11,46.208,-59.12967,"SALM_BDK_1"
"139","Atlantic salmon","S1",6,87,2015-12-26 17:07:58,2021-06-18 14:32:07,46.0219451724138,-59.033561954023,"SALM_BDK_2 SALM_ESRF_15 SALM_PBU_15 SALM_PBU_16 SALM_PBU_17 SALM_QRPT_2"
"140","Atlantic salmon","S10",5,33,2015-06-19 12:00:45,2021-06-13 13:15:21,46.0217987878788,-58.91712,"SALM_PBN_5 SALM_PBU_20 SALM_PBU_21 SALM_TNGS_2 SALM_V2LNSSA_3"
"141","Atlantic salmon","S11",2,24,2015-06-19 12:11:24,2019-06-23 00:40:35,46.0218354166667,-58.9041725,"SALM_PBN_5 SALM_PBU_18"
"142","Atlantic salmon","S12",3,54,2015-06-19 09:32:49,2019-06-19 01:47:42,46.0218179629629,-58.8913216666667,"SALM_MARSS_102 SALM_PBN_6 SALM_V2LNSSA_7"
"143","Atlantic salmon","S13",4,30,2015-06-19 10:01:44,2021-06-14 16:27:35,46.0217443333334,-58.8781223333333,"SALM_ESRF_4 SALM_MARSS_104 SALM_PBN_6 SALM_PBU_22"
"144","Atlantic salmon","S14",4,18,2019-06-29 23:23:28,2021-06-18 12:54:32,46.0215,-59.09828,"SALM_ESRF_11 SALM_ESRF_13 SALM_PBU_13 SALM_QRPT_2"
"145","Atlantic salmon","S15",6,68,2019-06-25 09:43:45,2021-06-18 13:19:47,46.0214454411764,-59.0853461764705,"SALM_ESRF_1 SALM_ESRF_11 SALM_ESRF_13 SALM_PBU_11 SALM_PBU_14 SALM_QRPT_2"
"146","Atlantic salmon","S16",3,20,2021-06-13 03:07:29,2021-06-18 13:37:11,46.02145,-59.07284,"SALM_ESRF_13 SALM_ESRF_15 SALM_QRPT_2"
"147","Atlantic salmon","S17",3,34,2017-06-20 23:59:39,2021-06-18 13:58:02,46.0213111764706,-59.0594111764705,"SALM_ESRF_15 SALM_NARR_1 SALM_QRPT_2"
"148","Atlantic salmon","S18",3,42,2017-05-12 18:04:02,2021-06-15 13:27:38,46.0209002380952,-59.04683,"SALM_ASF_2 SALM_ESRF_13 SALM_ESRF_15"
"149","Atlantic salmon","S19",1,2,2019-06-19 02:37:27,2019-06-19 02:38:36,46.02167,-58.8648,"SALM_PBU_22"
"150","Atlantic salmon","S2",3,27,2015-06-18 22:27:04,2021-06-13 07:19:22,46.0216466666666,-59.02071,"SALM_ESRF_15 SALM_MARSS_105 SALM_PBN_3"
"151","Atlantic salmon","S20",3,33,2018-06-16 20:37:49,2021-06-14 20:03:19,46.0215672727273,-58.8522172727273,"SALM_ESRF_6 SALM_PBU_20 SALM_PBU_23"
"152","Atlantic salmon","S21",2,8,2017-06-21 14:18:23,2021-06-12 21:13:45,46.02189875,-58.839615,"SALM_PBU_3 SALM_V2LNSSA_2"
"153","Atlantic salmon","S22",2,16,2018-06-17 03:51:02,2018-06-20 23:06:10,46.02174,-58.82628,"SALM_PBU_24 SALM_PBU_25"
"154","Atlantic salmon","S23",2,33,2017-06-18 19:58:14,2018-06-17 04:57:49,46.0217936363636,-58.81303,"SALM_NARR_2 SALM_PBU_24"
"155","Atlantic salmon","S3",5,17,2015-06-18 22:47:11,2021-06-13 08:07:27,46.0218035294118,-59.0076341176471,"SALM_ESRF_10 SALM_ESRF_15 SALM_ESRF_19 SALM_PBN_3 SALM_PBU_18"
"156","Atlantic salmon","S4",5,20,2015-06-18 22:58:37,2021-06-15 16:50:58,46.021832,-58.994774,"SALM_ESRF_13 SALM_ESRF_15 SALM_ESRF_8 SALM_PBN_3 SALM_PBU_18"
"157","Atlantic salmon","S5",7,71,2015-06-18 23:18:02,2021-06-15 03:48:57,46.0217412676056,-58.9820083098591,"SALM_ESRF_15 SALM_ESRF_2 SALM_ESRF_7 SALM_PBN_3 SALM_PBU_18 SALM_PBU_19 SALM_PBU_2"
"158","Atlantic salmon","S6",4,28,2015-06-18 23:34:54,2021-06-15 04:13:06,46.0217842857143,-58.9688985714286,"SALM_ESRF_15 SALM_ESRF_2 SALM_ESRF_7 SALM_PBN_3"
"159","Atlantic salmon","S7",4,21,2015-06-16 15:56:26,2021-06-15 04:27:53,46.0218376190476,-58.9560209523809,"SALM_ESRF_2 SALM_ESRF_5 SALM_KNE_1 SALM_PBN_2"
"160","Atlantic salmon","S8",5,22,2015-06-15 20:25:16,2021-06-15 04:45:23,46.021815,-58.9430177272727,"SALM_ESRF_2 SALM_ESRF_5 SALM_PBN_1 SALM_PBN_2 SALM_PBN_4"
"161","Atlantic salmon","S9",4,20,2015-06-15 20:34:39,2021-06-14 04:26:17,46.0218075,-58.930105,"SALM_ESRF_18 SALM_PBN_1 SALM_PBU_20 SALM_V2LNSSA_1"
"162","Atlantic sturgeon","N13",1,2,2018-11-19 12:41:47,2018-11-19 12:52:35,46.16548,-59.25893,"STURG_QSLR_1"
"163","Atlantic sturgeon","N23",1,7,2018-11-19 12:14:07,2018-11-19 12:37:00,46.161,-59.27147,"STURG_QSLR_1"
"164","Blue shark","2021_005",1,3,2023-08-02 23:30:20,2023-08-02 23:39:33,45.98778,-59.27967,"BLUESH_NSBS_9"
"165","Blue shark","2021_006",1,5,2023-08-02 23:45:35,2023-08-02 23:53:05,45.98781,-59.26683,"BLUESH_NSBS_9"
"166","Blue shark","2021_029",1,8,2022-08-17 18:31:06,2022-08-17 18:46:23,46.01794,-58.97294,"BLUESH_NSBS_9"
"167","Blue shark","2021_030",1,1,2022-08-17 18:05:27,2022-08-17 18:05:27,46.02283,-58.96167,"BLUESH_NSBS_9"
"168","Blue shark","2021_035",1,2,2022-07-23 12:18:25,2022-07-23 12:20:28,46.04759,-58.9063,"BLUESH_NSBS_8"
"169","Blue shark","2021_036",2,26,2022-07-23 11:24:31,2023-11-07 03:56:42,46.0527984615385,-58.8950330769231,"BLUESH_NSBS_13 BLUESH_NSBS_8"
"170","Blue shark","2021_037",2,7,2022-09-09 18:13:00,2023-11-07 03:54:03,46.0579057142857,-58.8839371428571,"BLUESH_NSBS_10 BLUESH_NSBS_13"
"171","Blue shark","2021_038",1,15,2022-09-09 18:16:35,2022-09-09 19:01:07,46.06263,-58.87281,"BLUESH_NSBS_10"
"172","Blue shark","2021_039",1,9,2022-09-09 19:03:03,2022-09-09 19:21:23,46.06738,-58.86194,"BLUESH_NSBS_10"
"173","Blue shark","2021_044",1,6,2024-07-23 17:56:39,2024-07-23 18:09:10,46.09156,-58.80686,"BLUESH_NSBS_11"
"174","Blue shark","2021_045",1,3,2024-07-23 18:02:19,2024-07-23 18:10:53,46.09648,-58.7971,"BLUESH_NSBS_11"
"175","Blue shark","2021_046",1,11,2024-07-25 04:38:11,2024-07-25 05:00:36,46.1017,-58.78578,"BLUESH_NSBS_11"
"176","Blue shark","N10",1,3,2016-08-10 22:59:08,2016-08-10 23:03:18,46.21152,-59.11808,"BLUESH_NSBS_3"
"177","Blue shark","N11",1,5,2015-09-05 10:43:25,2015-09-05 10:54:16,46.21567,-59.10617,"BLUESH_NSBS_2"
"178","Blue shark","N12",2,29,2015-09-05 10:53:30,2017-07-20 11:38:55,46.2194655172414,-59.0943058620689,"BLUESH_NSBS_1 BLUESH_NSBS_2"
"179","Blue shark","N13",2,28,2015-09-05 11:30:36,2019-08-21 03:17:54,46.2234232142857,-59.0826442857143,"BLUESH_MFSAR_6 BLUESH_NSBS_2"
"180","Blue shark","N17",2,10,2018-10-02 02:47:55,2019-08-21 02:52:15,46.226875,-59.071438,"BLUESH_MFSAR_6 BLUESH_NSBS_4"
"181","Blue shark","N18",1,11,2016-08-11 03:51:04,2016-08-11 04:15:00,46.23112,-59.05933,"BLUESH_NSBS_3"
"182","Blue shark","N19",2,18,2016-08-06 14:52:07,2016-08-11 04:56:02,46.23421,-59.0475,"BLUESH_NSBS_2 BLUESH_NSBS_3"
"183","Blue shark","N2",3,18,2015-08-26 12:23:00,2016-10-01 07:26:08,46.1812133333333,-59.2119094444444,"BLUESH_MFSAR_1 BLUESH_MFSAR_2 BLUESH_NSBS_2"
"184","Blue shark","N20",2,26,2016-08-11 05:19:39,2016-10-02 01:02:12,46.23851,-59.03595,"BLUESH_MFSAR_2 BLUESH_NSBS_3"
"185","Blue shark","N21",1,14,2016-10-02 01:23:22,2016-10-02 04:06:29,46.24271,-59.02378,"BLUESH_MFSAR_2"
"186","Blue shark","N3",3,36,2015-08-26 12:17:31,2016-10-01 08:00:12,46.1840925,-59.2005,"BLUESH_MFSAR_1 BLUESH_MFSAR_2 BLUESH_NSBS_2"
"187","Blue shark","N4",1,7,2016-10-01 08:03:08,2016-10-01 08:39:52,46.18923,-59.18829,"BLUESH_MFSAR_2"
"188","Blue shark","N5",1,8,2016-10-01 08:49:58,2016-10-01 09:26:07,46.19246,-59.17666,"BLUESH_MFSAR_2"
"189","Blue shark","N6",2,14,2016-10-01 09:34:28,2019-08-31 17:23:48,46.1966085714286,-59.1646621428572,"BLUESH_MFSAR_2 BLUESH_MFSAR_6"
"190","Blue shark","N7",3,36,2015-08-17 14:28:16,2019-08-31 17:21:44,46.2003163888889,-59.1532233333334,"BLUESH_MFSAR_2 BLUESH_MFSAR_6 BLUESH_NSBS_2"
"191","Blue shark","N8",2,33,2016-08-10 21:52:05,2016-10-01 12:39:45,46.2037,-59.14133,"BLUESH_MFSAR_2 BLUESH_NSBS_3"
"192","Blue shark","N9",3,31,2016-08-10 22:32:02,2016-10-01 13:14:32,46.20791,-59.13042,"BLUESH_MFSAR_2 BLUESH_NSBS_1 BLUESH_NSBS_3"
"193","Blue shark","S1",3,5,2015-08-19 11:01:49,2019-09-25 15:55:31,46.021582,-59.03368,"BLUESH_MFSAR_5 BLUESH_NSBS_1 BLUESH_NSBS_2"
"194","Blue shark","S10",3,29,2015-08-18 04:27:24,2017-10-06 12:43:36,46.0218796551724,-58.9171820689655,"BLUESH_NSBS_1 BLUESH_NSBS_3 BLUESH_NSBS_6"
"195","Blue shark","S11",1,7,2015-08-18 04:43:20,2015-08-18 04:54:15,46.02183,-58.90417,"BLUESH_NSBS_6"
"196","Blue shark","S12",2,8,2015-08-18 04:59:36,2016-09-15 02:24:20,46.02213,-58.8910125,"BLUESH_NSBS_3 BLUESH_NSBS_6"
"197","Blue shark","S13",2,11,2016-09-15 02:30:31,2019-08-29 20:47:01,46.0218072727273,-58.8780218181818,"BLUESH_MFSAR_6 BLUESH_NSBS_3"
"198","Blue shark","S16",2,6,2017-07-19 20:02:47,2019-09-25 16:54:24,46.02147,-59.0722066666667,"BLUESH_MFSAR_5 BLUESH_NSBS_1"
"199","Blue shark","S17",1,2,2019-09-25 16:32:09,2019-09-25 16:35:11,46.0213,-59.05939,"BLUESH_MFSAR_5"
"200","Blue shark","S18",1,1,2019-09-25 16:06:13,2019-09-25 16:06:13,46.02084,-59.04672,"BLUESH_MFSAR_5"
"201","Blue shark","S19",1,8,2019-08-01 10:52:40,2019-08-01 11:12:29,46.02167,-58.8648,"BLUESH_MFSAR_6"
"202","Blue shark","S2",2,9,2016-09-19 08:33:06,2018-08-29 23:27:15,46.0217677777778,-59.0206844444445,"BLUESH_NSBS_3 BLUESH_NSBS_5"
"203","Blue shark","S20",1,2,2019-07-28 20:39:21,2019-07-28 20:41:23,46.02151,-58.85219,"BLUESH_NSBS_7"
"204","Blue shark","S21",2,19,2017-10-13 19:44:49,2019-07-28 21:05:34,46.0219352631579,-58.8395584210526,"BLUESH_NSBS_1 BLUESH_NSBS_7"
"205","Blue shark","S22",2,4,2016-09-07 15:10:04,2019-07-28 21:23:56,46.02188,-58.82617,"BLUESH_NSBS_1 BLUESH_NSBS_7"
"206","Blue shark","S23",1,8,2016-09-07 15:17:25,2016-09-07 15:29:50,46.02208,-58.81299,"BLUESH_NSBS_1"
"207","Blue shark","S3",2,18,2016-09-19 08:02:53,2019-09-25 15:03:36,46.0218372222222,-59.0077327777778,"BLUESH_MFSAR_5 BLUESH_NSBS_3"
"208","Blue shark","S4",1,1,2019-09-25 14:41:35,2019-09-25 14:41:35,46.02184,-58.99466,"BLUESH_MFSAR_5"
"209","Blue shark","S6",1,2,2019-09-25 13:53:59,2019-09-25 13:56:16,46.02175,-58.96895,"BLUESH_MFSAR_5"
"210","Blue shark","S7",1,4,2015-08-18 03:42:02,2015-08-18 03:47:05,46.02183,-58.956,"BLUESH_NSBS_6"
"211","Blue shark","S8",1,6,2015-08-18 03:57:57,2015-08-18 04:09:29,46.02183,-58.943,"BLUESH_NSBS_6"
"212","Blue shark","S9",1,7,2015-08-18 04:11:10,2015-08-18 04:24:06,46.02183,-58.93,"BLUESH_NSBS_6"
"213","Bluefin tuna","2021_001",6,30,2021-09-27 14:00:50,2024-07-23 18:05:58,45.987956,-59.3335,"BLUEFIN_TAG_35 BLUEFIN_TAG_37 BLUEFIN_TAG_38 BLUEFIN_TAG_51 BLUEFIN_TAG_52 BLUEFIN_TAG_62"
"214","Bluefin tuna","2021_002",2,18,2021-11-03 06:29:16,2021-11-12 09:11:42,45.98769,-59.32067,"BLUEFIN_TAG_35 BLUEFIN_TAG_37"
"215","Bluefin tuna","2021_003",8,24,2021-11-03 06:16:56,2023-10-31 23:44:37,45.9878183333334,-59.307395,"BLUEFIN_DFOBFT_6 BLUEFIN_TAG_15 BLUEFIN_TAG_35 BLUEFIN_TAG_45 BLUEFIN_TAG_46 BLUEFIN_TAG_50 BLUEFIN_TAG_52 BLUEFIN_TAG_59"
"216","Bluefin tuna","2021_004",6,53,2021-09-08 05:58:57,2023-10-28 11:12:35,45.9877594339622,-59.2940094339623,"BLUEFIN_TAG_15 BLUEFIN_TAG_33 BLUEFIN_TAG_35 BLUEFIN_TAG_45 BLUEFIN_TAG_46 BLUEFIN_TAG_55"
"217","Bluefin tuna","2021_005",6,55,2021-10-31 23:42:25,2022-10-11 01:37:01,45.98778,-59.2796699999999,"BLUEFIN_BFTTAG_2 BLUEFIN_TAG_15 BLUEFIN_TAG_32 BLUEFIN_TAG_35 BLUEFIN_TAG_45 BLUEFIN_TAG_46"
"218","Bluefin tuna","2021_006",4,33,2021-11-03 03:17:17,2023-11-25 15:13:28,45.9878584848485,-59.2666981818182,"BLUEFIN_DFOBFT_2 BLUEFIN_DFOBFT_3 BLUEFIN_TAG_15 BLUEFIN_TAG_35"
"219","Bluefin tuna","2021_007",1,1,2023-10-26 11:26:38,2023-10-26 11:26:38,45.9883,-59.25373,"BLUEFIN_DFOBFT_3"
"220","Bluefin tuna","2021_008",3,26,2021-11-03 01:10:26,2022-09-29 15:07:31,45.98788,-59.24017,"BLUEFIN_DFOBFT_2 BLUEFIN_TAG_35 BLUEFIN_TAG_51"
"221","Bluefin tuna","2021_009",6,41,2021-11-03 01:21:24,2023-11-26 02:09:05,45.9879926829268,-59.2251339024391,"BLUEFIN_DFOBFT_10 BLUEFIN_DFOBFT_2 BLUEFIN_DFOBFT_9 BLUEFIN_TAG_35 BLUEFIN_TAG_44 BLUEFIN_TAG_56"
"222","Bluefin tuna","2021_010",4,16,2021-11-26 09:58:37,2023-11-26 02:13:26,45.98795625,-59.21243375,"BLUEFIN_DFOBFT_10 BLUEFIN_DFOBFT_2 BLUEFIN_TAG_44 BLUEFIN_TAG_58"
"223","Bluefin tuna","2021_011",6,15,2021-11-08 05:27:39,2023-06-21 03:01:36,45.98792,-59.19902,"BLUEFIN_DFOBFT_1 BLUEFIN_TAG_15 BLUEFIN_TAG_30 BLUEFIN_TAG_39 BLUEFIN_TAG_53 BLUEFIN_TAG_54"
"224","Bluefin tuna","2021_012",5,39,2021-10-04 17:25:34,2024-07-14 15:05:14,45.9881458974359,-59.185581025641,"BLUEFIN_DFOBFT_13 BLUEFIN_TAG_42 BLUEFIN_TAG_43 BLUEFIN_TAG_48 BLUEFIN_TAG_53"
"225","Bluefin tuna","2021_013",4,27,2021-11-23 15:58:13,2024-07-14 14:42:40,45.9877566666667,-59.1706222222222,"BLUEFIN_DFOBFT_13 BLUEFIN_TAG_31 BLUEFIN_TAG_43 BLUEFIN_TAG_65"
"226","Bluefin tuna","2021_014",1,2,2021-12-07 18:02:05,2021-12-07 18:03:11,45.988,-59.15853,"BLUEFIN_DFOBFT_2"
"227","Bluefin tuna","2021_016",2,5,2023-07-30 20:02:58,2023-08-25 04:03:31,45.988104,-59.131774,"BLUEFIN_DFOBFT_2 BLUEFIN_DFOBFT_7"
"228","Bluefin tuna","2021_017",2,21,2023-07-30 19:54:51,2023-08-25 05:26:46,45.9882985714286,-59.1184466666667,"BLUEFIN_DFOBFT_2 BLUEFIN_DFOBFT_7"
"229","Bluefin tuna","2021_018",3,9,2023-07-30 19:43:50,2023-11-17 23:06:01,45.9884566666667,-59.1055455555556,"BLUEFIN_DFOBFT_2 BLUEFIN_DFOBFT_7 BLUEFIN_TAG_50"
"230","Bluefin tuna","2021_019",1,8,2023-11-17 22:47:59,2023-11-17 22:56:14,45.98881,-59.09204,"BLUEFIN_TAG_50"
"231","Bluefin tuna","2021_020",5,23,2021-11-07 22:14:34,2023-11-26 09:16:30,45.9884069565218,-59.0788839130435,"BLUEFIN_DFOBFT_11 BLUEFIN_DFOBFT_6 BLUEFIN_TAG_15 BLUEFIN_TAG_34 BLUEFIN_TAG_50"
"232","Bluefin tuna","2021_021",5,21,2022-06-20 21:13:05,2023-11-26 09:19:53,45.9881152380952,-59.0642852380953,"BLUEFIN_DFOBFT_11 BLUEFIN_DFOBFT_6 BLUEFIN_TAG_34 BLUEFIN_TAG_43 BLUEFIN_TAG_50"
"233","Bluefin tuna","2021_022",3,10,2022-11-27 04:39:04,2023-11-17 22:08:08,45.988129,-59.051908,"BLUEFIN_DFOBFT_1 BLUEFIN_DFOBFT_6 BLUEFIN_TAG_50"
"234","Bluefin tuna","2021_023",2,11,2023-10-20 14:24:10,2023-10-21 10:08:03,45.98825,-59.03927,"BLUEFIN_DFOBFT_1 BLUEFIN_TAG_64"
"235","Bluefin tuna","2021_024",1,3,2023-11-09 14:57:14,2023-11-09 14:59:39,45.99347,-59.028,"BLUEFIN_TAG_63"
"236","Bluefin tuna","2021_025",1,2,2023-11-09 14:54:33,2023-11-09 14:55:47,45.99829,-59.01779,"BLUEFIN_TAG_63"
"237","Bluefin tuna","2021_026",2,5,2022-09-26 06:14:40,2023-08-24 20:02:51,46.003302,-59.006496,"BLUEFIN_DFOBFT_7 BLUEFIN_TAG_49"
"238","Bluefin tuna","2021_027",4,27,2022-09-26 06:10:52,2024-07-01 19:28:06,46.0083577777778,-58.9948737037037,"BLUEFIN_DFOBFT_5 BLUEFIN_DFOBFT_7 BLUEFIN_TAG_39 BLUEFIN_TAG_49"
"239","Bluefin tuna","2021_028",2,5,2022-10-02 14:20:51,2022-10-02 21:08:55,46.01304,-58.98382,"BLUEFIN_DFOBFT_5 BLUEFIN_TAG_35"
"240","Bluefin tuna","2021_029",2,3,2021-08-14 14:23:32,2021-11-08 09:18:47,46.01794,-58.97294,"BLUEFIN_TAG_21 BLUEFIN_TAG_36"
"241","Bluefin tuna","2021_030",2,13,2021-08-14 14:22:07,2021-11-08 09:22:40,46.02283,-58.96167,"BLUEFIN_TAG_21 BLUEFIN_TAG_36"
"242","Bluefin tuna","2021_031",1,4,2021-08-14 14:34:08,2021-08-14 14:38:39,46.02784,-58.95052,"BLUEFIN_TAG_21"
"243","Bluefin tuna","2021_032",2,4,2022-11-15 19:33:32,2023-08-21 21:45:23,46.0329475,-58.93973,"BLUEFIN_TAG_53 BLUEFIN_TAG_55"
"244","Bluefin tuna","2021_033",1,2,2022-10-16 05:01:42,2022-10-16 05:10:58,46.03757,-58.92871,"BLUEFIN_TAG_55"
"245","Bluefin tuna","2021_034",3,14,2022-10-16 04:57:41,2023-06-24 06:10:03,46.04268,-58.91758,"BLUEFIN_DFOBFT_4 BLUEFIN_TAG_55 BLUEFIN_TAG_57"
"246","Bluefin tuna","2021_035",3,15,2022-11-29 18:54:37,2023-08-26 06:58:00,46.0477766666667,-58.90616,"BLUEFIN_DFOBFT_12 BLUEFIN_DFOBFT_4 BLUEFIN_TAG_57"
"247","Bluefin tuna","2021_036",3,15,2021-09-22 23:31:42,2023-06-24 05:54:40,46.05278,-58.89504,"BLUEFIN_DFOBFT_4 BLUEFIN_TAG_35 BLUEFIN_TAG_40"
"248","Bluefin tuna","2021_037",3,10,2021-09-22 23:39:11,2022-07-08 08:09:13,46.05776,-58.88392,"BLUEFIN_TAG_22 BLUEFIN_TAG_35 BLUEFIN_TAG_40"
"249","Bluefin tuna","2021_038",1,1,2021-11-04 08:10:34,2021-11-04 08:10:34,46.06263,-58.87281,"BLUEFIN_TAG_35"
"250","Bluefin tuna","2021_039",2,10,2023-07-08 12:37:01,2023-09-28 14:50:07,46.067575,-58.861994,"BLUEFIN_DFOBFT_3 BLUEFIN_TAG_61"
"251","Bluefin tuna","2021_040",1,2,2023-09-26 21:00:33,2023-09-26 21:02:31,46.07275,-58.8506,"BLUEFIN_TAG_60"
"252","Bluefin tuna","2021_041",2,16,2021-10-03 00:26:33,2022-09-07 16:18:14,46.07704,-58.84016,"BLUEFIN_DFOBFT_3 BLUEFIN_TAG_41"
"253","Bluefin tuna","2021_042",1,5,2021-10-03 00:27:51,2021-10-03 00:33:13,46.08203,-58.82902,"BLUEFIN_TAG_41"
"254","Bluefin tuna","2021_043",2,2,2022-10-06 14:27:49,2022-11-10 12:22:10,46.08696,-58.81787,"BLUEFIN_TAG_46 BLUEFIN_TAG_55"
"255","Bluefin tuna","2021_044",1,4,2022-10-06 14:04:10,2022-10-06 14:16:31,46.09175,-58.80698,"BLUEFIN_TAG_46"
"256","Bluefin tuna","2021_045",2,9,2022-10-06 14:03:25,2023-11-17 10:56:51,46.0967022222222,-58.7965055555556,"BLUEFIN_TAG_46 BLUEFIN_TAG_50"
"257","Bluefin tuna","2021_046",2,15,2022-10-06 13:52:07,2023-11-17 13:29:36,46.101588,-58.7854813333334,"BLUEFIN_TAG_46 BLUEFIN_TAG_50"
"258","Bluefin tuna","N1",7,18,2015-07-29 11:52:30,2021-07-18 03:04:46,46.1772788888889,-59.22358,"BLUEFIN_TAG_1 BLUEFIN_TAG_14 BLUEFIN_TAG_3 BLUEFIN_TAG_30 BLUEFIN_TAG_32 BLUEFIN_TAG_4 BLUEFIN_TAG_7"
"259","Bluefin tuna","N10",3,28,2015-07-29 09:56:56,2020-11-18 16:29:45,46.2118160714286,-59.1178707142857,"BLUEFIN_BFTTAG_4 BLUEFIN_TAG_2 BLUEFIN_TAG_7"
"260","Bluefin tuna","N11",1,19,2015-08-21 07:30:24,2015-08-21 07:45:00,46.21567,-59.10617,"BLUEFIN_TAG_2"
"261","Bluefin tuna","N12",2,14,2015-08-21 07:45:42,2021-07-29 16:26:27,46.2194942857143,-59.0942928571429,"BLUEFIN_TAG_19 BLUEFIN_TAG_2"
"262","Bluefin tuna","N13",5,29,2015-08-21 07:54:49,2021-07-29 16:28:18,46.1954613793104,-59.1677503448276,"BLUEFIN_BFTTAG_9 BLUEFIN_TAG_19 BLUEFIN_TAG_2 BLUEFIN_TAG_23 BLUEFIN_TAG_30"
"263","Bluefin tuna","N14",4,17,2019-06-16 22:55:51,2021-07-18 03:34:48,46.1698388235294,-59.2474870588235,"BLUEFIN_BFTTAG_12 BLUEFIN_BFTTAG_3 BLUEFIN_TAG_20 BLUEFIN_TAG_30"
"264","Bluefin tuna","N15",6,20,2017-07-04 23:10:11,2021-07-18 03:23:35,46.1732055,-59.235634,"BLUEFIN_BFTTAG_3 BLUEFIN_BFTTAG_6 BLUEFIN_TAG_11 BLUEFIN_TAG_14 BLUEFIN_TAG_30 BLUEFIN_TAG_6"
"265","Bluefin tuna","N19",1,2,2018-10-28 17:45:17,2018-10-28 17:46:39,46.23446,-59.04725,"BLUEFIN_TAG_12"
"266","Bluefin tuna","N2",3,4,2015-07-29 11:41:02,2019-10-20 12:04:00,46.18116,-59.212085,"BLUEFIN_BFTTAG_13 BLUEFIN_TAG_4 BLUEFIN_TAG_7"
"267","Bluefin tuna","N20",2,8,2019-08-10 13:19:50,2021-07-24 15:13:36,46.23849,-59.03591,"BLUEFIN_TAG_24 BLUEFIN_TAG_28"
"268","Bluefin tuna","N21",3,12,2019-09-23 12:49:24,2021-07-24 15:21:50,46.24222,-59.02373,"BLUEFIN_TAG_25 BLUEFIN_TAG_26 BLUEFIN_TAG_28"
"269","Bluefin tuna","N22",1,3,2019-09-23 12:38:49,2019-09-23 12:47:55,46.24656,-59.01227,"BLUEFIN_TAG_26"
"270","Bluefin tuna","N23",3,13,2019-06-22 18:41:27,2021-07-18 04:04:21,46.1611076923077,-59.2714276923077,"BLUEFIN_TAG_13 BLUEFIN_TAG_17 BLUEFIN_TAG_30"
"271","Bluefin tuna","N3",2,11,2015-07-29 11:36:07,2018-11-04 18:27:37,46.1842454545455,-59.2004145454545,"BLUEFIN_TAG_10 BLUEFIN_TAG_7"
"272","Bluefin tuna","N4",3,17,2015-08-21 02:24:08,2017-11-07 11:32:50,46.1890782352941,-59.1882894117647,"BLUEFIN_TAG_11 BLUEFIN_TAG_2 BLUEFIN_TAG_7"
"273","Bluefin tuna","N5",3,36,2015-08-21 02:36:28,2019-07-17 19:35:30,46.1926038888889,-59.1766683333334,"BLUEFIN_TAG_2 BLUEFIN_TAG_7 BLUEFIN_TAG_9"
"274","Bluefin tuna","N6",3,22,2015-08-21 03:23:51,2019-07-17 19:31:21,46.196555,-59.1647631818182,"BLUEFIN_TAG_2 BLUEFIN_TAG_7 BLUEFIN_TAG_9"
"275","Bluefin tuna","N7",1,5,2018-10-01 18:22:41,2018-10-01 18:27:53,46.20018,-59.15327,"BLUEFIN_BFTTAG_1"
"276","Bluefin tuna","N8",1,20,2015-08-21 05:59:17,2015-08-21 06:34:45,46.20417,-59.14133,"BLUEFIN_TAG_2"
"277","Bluefin tuna","N9",3,16,2015-08-21 06:38:18,2019-09-18 21:00:32,46.207985625,-59.129765,"BLUEFIN_BFTTAG_10 BLUEFIN_BFTTAG_9 BLUEFIN_TAG_2"
"278","Bluefin tuna","S1",2,3,2015-10-18 01:00:20,2015-10-25 12:57:00,46.02183,-59.03367,"BLUEFIN_TAG_1 BLUEFIN_TAG_6"
"279","Bluefin tuna","S10",2,13,2015-08-15 17:51:39,2018-10-01 21:37:48,46.0218484615385,-58.9170692307692,"BLUEFIN_BFTTAG_1 BLUEFIN_TAG_2"
"280","Bluefin tuna","S11",5,14,2015-07-07 23:25:45,2019-09-23 16:14:37,46.02187,-58.9041971428572,"BLUEFIN_BFTTAG_1 BLUEFIN_TAG_1 BLUEFIN_TAG_14 BLUEFIN_TAG_2 BLUEFIN_TAG_26"
"281","Bluefin tuna","S12",2,8,2017-10-29 15:03:51,2018-11-09 07:07:48,46.0218075,-58.891425,"BLUEFIN_TAG_14 BLUEFIN_TAG_4"
"282","Bluefin tuna","S13",3,15,2017-10-29 14:54:32,2020-09-09 20:13:36,46.021726,-58.878224,"BLUEFIN_BFTTAG_13 BLUEFIN_TAG_11 BLUEFIN_TAG_4"
"283","Bluefin tuna","S14",1,3,2021-06-15 12:46:18,2021-06-15 12:49:15,46.02117,-59.0982,"BLUEFIN_TAG_32"
"284","Bluefin tuna","S15",1,5,2018-10-16 15:44:11,2018-10-16 15:59:30,46.02143,-59.08513,"BLUEFIN_BFTTAG_5"
"285","Bluefin tuna","S16",1,1,2019-10-07 16:23:20,2019-10-07 16:23:20,46.02145,-59.07284,"BLUEFIN_BFTTAG_2"
"286","Bluefin tuna","S17",2,11,2021-06-30 02:42:24,2021-07-17 22:53:15,46.0213,-59.05939,"BLUEFIN_BFTTAG_7 BLUEFIN_TAG_30"
"287","Bluefin tuna","S18",1,5,2021-07-17 22:54:39,2021-07-17 23:00:58,46.02084,-59.04672,"BLUEFIN_TAG_30"
"288","Bluefin tuna","S19",2,3,2018-10-15 09:45:38,2020-09-09 20:04:09,46.02164,-58.8648733333333,"BLUEFIN_BFTTAG_10 BLUEFIN_TAG_11"
"289","Bluefin tuna","S2",2,2,2015-10-25 12:49:40,2017-08-06 22:32:33,46.021705,-59.02096,"BLUEFIN_TAG_11 BLUEFIN_TAG_6"
"290","Bluefin tuna","S21",1,13,2017-08-15 05:24:17,2017-08-15 05:37:49,46.02203,-58.83959,"BLUEFIN_TAG_8"
"291","Bluefin tuna","S22",2,11,2019-08-23 02:58:58,2019-10-08 07:46:53,46.02172,-58.82676,"BLUEFIN_TAG_20 BLUEFIN_TAG_27"
"292","Bluefin tuna","S23",2,9,2019-08-23 02:49:56,2019-10-08 07:38:01,46.02164,-58.81322,"BLUEFIN_TAG_20 BLUEFIN_TAG_27"
"293","Bluefin tuna","S3",4,13,2015-08-22 21:59:16,2020-10-22 13:04:24,46.0218361538462,-59.0078115384615,"BLUEFIN_BFTTAG_13 BLUEFIN_TAG_11 BLUEFIN_TAG_2 BLUEFIN_TAG_35"
"294","Bluefin tuna","S4",2,5,2018-11-10 22:54:04,2020-10-22 13:10:14,46.021832,-58.994708,"BLUEFIN_TAG_18 BLUEFIN_TAG_35"
"295","Bluefin tuna","S5",2,3,2018-11-10 22:55:27,2019-11-07 05:03:19,46.0216866666667,-58.9819666666667,"BLUEFIN_BFTTAG_14 BLUEFIN_TAG_18"
"296","Bluefin tuna","S6",1,1,2018-08-25 23:46:00,2018-08-25 23:46:00,46.02176,-58.96889,"BLUEFIN_TAG_4"
"297","Bluefin tuna","S7",3,4,2018-08-25 23:36:38,2020-08-11 02:23:59,46.0218475,-58.956085,"BLUEFIN_TAG_10 BLUEFIN_TAG_29 BLUEFIN_TAG_4"
"298","Bluefin tuna","S8",1,2,2015-08-21 16:53:35,2015-08-21 18:36:42,46.02183,-58.943,"BLUEFIN_TAG_2"
"299","Bluefin tuna","S9",2,6,2015-08-15 17:47:03,2015-10-18 16:05:06,46.02183,-58.93,"BLUEFIN_TAG_1 BLUEFIN_TAG_2"
"300","Grey seal","2021_012",1,8,2024-02-20 07:09:16,2024-02-20 07:35:28,45.98821,-59.18554,"GSEAL_GSFP_5"
"301","Grey seal","2021_017",2,6,2024-03-02 12:33:26,2024-05-04 02:53:57,45.98842,-59.11858,"GSEAL_GSFP_2 GSEAL_RISME_1"
"302","Grey seal","2021_018",1,9,2024-05-04 03:00:41,2024-05-04 03:08:35,45.98887,-59.10583,"GSEAL_RISME_1"
"303","Grey seal","2021_020",1,13,2024-03-02 17:46:07,2024-03-02 18:18:02,45.98884,-59.07927,"GSEAL_GSFP_2"
"304","Grey seal","2021_021",1,2,2024-03-03 10:59:57,2024-03-03 11:04:10,45.98842,-59.06459,"GSEAL_GSFP_2"
"305","Grey seal","2021_022",1,6,2024-03-03 11:15:53,2024-03-03 11:28:46,45.98829,-59.05321,"GSEAL_GSFP_2"
"306","Grey seal","2021_023",1,4,2024-03-03 11:38:09,2024-03-03 11:44:42,45.98825,-59.03927,"GSEAL_GSFP_2"
"307","Grey seal","2021_024",1,2,2023-02-20 21:21:57,2023-02-20 21:24:20,45.99334,-59.02769,"GSEAL_GSFP_1"
"308","Grey seal","2021_040",1,3,2024-02-22 03:59:26,2024-02-22 04:08:14,46.07275,-58.8506,"GSEAL_GSFP_4"
"309","Leatherback turtle","2021_003",1,18,2023-09-15 22:09:07,2023-09-15 22:26:44,45.98826,-59.30772,"LHBACK_JBLB_1"
"310","Leatherback turtle","2021_017",1,2,2023-09-05 04:21:48,2023-09-05 04:23:48,45.98842,-59.11858,"LHBACK_JBLB_1"
"311","Leatherback turtle","2021_024",1,17,2023-10-15 10:43:42,2023-10-15 11:02:40,45.99347,-59.028,"LHBACK_JBLB_1"
"312","Leatherback turtle","2021_025",1,11,2023-10-15 10:15:03,2023-10-15 10:44:28,45.99829,-59.01779,"LHBACK_JBLB_1"
"313","Leatherback turtle","2021_026",1,20,2023-10-15 09:46:41,2023-10-15 10:12:35,46.00333,-59.00666,"LHBACK_JBLB_1"
"314","Leatherback turtle","S1",1,13,2019-08-24 22:23:08,2019-08-24 22:38:26,46.02144,-59.03361,"LHBACK_LBTPCR_1"
"315","Leatherback turtle","S18",1,1,2019-08-24 22:21:53,2019-08-24 22:21:53,46.02084,-59.04672,"LHBACK_LBTPCR_1"
"316","Leatherback turtle","S6",1,7,2019-08-25 00:31:57,2019-08-25 00:40:33,46.02175,-58.96895,"LHBACK_LBTPCR_1"
"317","Leatherback turtle","S7",1,18,2019-08-25 00:41:25,2019-08-25 01:09:40,46.02187,-58.95611,"LHBACK_LBTPCR_1"
"318","Porbeagle shark","N11",1,1,2018-11-17 22:33:16,2018-11-17 22:33:16,46.21575,-59.10623,"PORB_JPBS_1"
"319","Porbeagle shark","N20",1,3,2018-07-28 13:55:58,2018-07-28 14:00:04,46.23842,-59.03594,"PORB_JPBS_2"
"320","Porbeagle shark","N21",1,1,2017-11-04 19:58:31,2017-11-04 19:58:31,46.24191,-59.02366,"PORB_JPBS_4"
"321","Porbeagle shark","S1",1,5,2017-08-07 04:34:51,2017-08-07 04:47:56,46.02176,-59.0339,"PORB_JPBS_4"
"322","Porbeagle shark","S10",1,2,2018-11-18 03:48:34,2018-11-18 03:50:29,46.02187,-58.91715,"PORB_JPBS_1"
"323","Porbeagle shark","S12",1,3,2017-08-09 01:13:19,2017-08-09 01:25:33,46.02181,-58.89144,"PORB_JPBS_2"
"324","Porbeagle shark","S17",1,3,2017-08-07 04:05:22,2017-08-07 04:09:00,46.02149,-59.05975,"PORB_JPBS_4"
"325","Porbeagle shark","S18",1,6,2017-08-07 04:18:46,2017-08-07 04:27:46,46.02107,-59.04714,"PORB_JPBS_4"
"326","Porbeagle shark","S2",1,4,2017-08-07 04:49:39,2017-08-07 04:58:48,46.02158,-59.02125,"PORB_JPBS_4"
"327","Porbeagle shark","S3",1,5,2017-08-07 05:05:49,2017-08-07 05:13:20,46.02195,-59.00781,"PORB_JPBS_4"
"328","Porbeagle shark","S4",1,7,2017-08-07 05:26:45,2017-08-07 05:36:47,46.02174,-58.99511,"PORB_JPBS_4"
"329","Porbeagle shark","S7",2,11,2017-07-15 03:13:09,2017-07-17 21:54:56,46.02175,-58.956,"PORB_JPBS_1 PORB_JPBS_3"
"330","Porbeagle shark","S8",2,17,2017-07-15 03:20:00,2017-07-17 22:10:08,46.02185,-58.9432,"PORB_JPBS_1 PORB_JPBS_3"
"331","Porbeagle shark","S9",1,2,2017-07-17 22:14:02,2017-07-17 22:19:47,46.02186,-58.93022,"PORB_JPBS_3"
"332","Shortfin mako","2021_001",1,10,2021-08-27 04:21:33,2021-08-27 04:35:32,45.98766,-59.3335,"MAKO_RICSS_1"
"333","Shortfin mako","2021_002",1,8,2021-08-27 04:39:11,2021-08-27 04:49:45,45.98769,-59.32067,"MAKO_RICSS_1"
"334","Shortfin mako","2021_003",1,1,2021-08-27 04:59:42,2021-08-27 04:59:42,45.98773,-59.30733,"MAKO_RICSS_1"
"335","Shortfin mako","2021_009",1,3,2021-08-27 06:48:18,2021-08-27 06:55:54,45.98785,-59.22519,"MAKO_RICSS_1"
"336","Shortfin mako","2021_010",1,5,2021-08-27 07:02:25,2021-08-27 07:07:54,45.98789,-59.21236,"MAKO_RICSS_1"
"337","Shortfin mako","2021_011",1,2,2021-08-27 07:15:47,2021-08-27 07:20:48,45.98792,-59.19902,"MAKO_RICSS_1"
"338","Snow crab","N14",1,148,2019-04-15 09:12:45,2019-04-16 18:43:29,46.1693400000001,-59.24744,"CRAB_ZSC_2"
"339","Snow crab","N8",1,162,2019-04-01 23:02:38,2019-04-03 00:36:51,46.2039699999998,-59.1415399999999,"CRAB_ZSC_2"
"340","Snow crab","S15",1,61,2019-09-25 06:34:30,2020-01-19 10:29:57,46.02146,-59.0855499999999,"CRAB_ZSC_1"
"341","White shark","2021_001",12,63,2021-11-04 22:07:54,2024-07-19 21:31:16,45.9881180952381,-59.3335000000001,"WHITE_CCOCE_11 WHITE_CCOCE_7 WHITE_HMSWEA_3 WHITE_MSRPWS_12 WHITE_MSRPWS_17 WHITE_MSRPWS_19 WHITE_MSRPWS_21 WHITE_MSRPWS_22 WHITE_MSRPWS_3 WHITE_MSRPWS_7 WHITE_NY_12 WHITE_NY_9"
"342","White shark","2021_002",3,6,2021-08-26 13:24:25,2022-08-05 19:02:38,45.98769,-59.32067,"WHITE_CCOCE_3 WHITE_MSRPWS_17 WHITE_MSRPWS_36"
"343","White shark","2021_003",11,43,2022-06-15 02:03:39,2024-07-22 23:19:49,45.9879518604652,-59.3074932558139,"WHITE_CCOCE_11 WHITE_CCOCE_7 WHITE_MSRPWS_22 WHITE_MSRPWS_28 WHITE_MSRPWS_34 WHITE_MSRPWS_35 WHITE_MSRPWS_36 WHITE_MSRPWS_47 WHITE_MSRPWS_7 WHITE_MSRPWS_9 WHITE_NY_3"
"344","White shark","2021_004",9,45,2022-08-05 19:27:43,2023-09-27 13:53:39,45.9877566666666,-59.2940066666667,"WHITE_CCOCE_11 WHITE_CCOCE_7 WHITE_MSRPWS_19 WHITE_MSRPWS_32 WHITE_MSRPWS_34 WHITE_MSRPWS_35 WHITE_MSRPWS_36 WHITE_MSRPWS_39 WHITE_MSRPWS_7"
"345","White shark","2021_005",10,49,2021-08-26 08:09:57,2024-06-23 20:44:38,45.9878224489796,-59.2800585714285,"WHITE_CCOCE_19 WHITE_CCOCE_7 WHITE_MSRPWS_17 WHITE_MSRPWS_19 WHITE_MSRPWS_21 WHITE_MSRPWS_32 WHITE_MSRPWS_35 WHITE_MSRPWS_36 WHITE_MSRPWS_38 WHITE_MSRPWS_39"
"346","White shark","2021_006",11,25,2022-07-22 06:03:55,2024-07-22 12:43:38,45.9879764,-59.2663776,"WHITE_CCOCE_7 WHITE_MSRPWS_1 WHITE_MSRPWS_11 WHITE_MSRPWS_19 WHITE_MSRPWS_2 WHITE_MSRPWS_32 WHITE_MSRPWS_34 WHITE_MSRPWS_35 WHITE_MSRPWS_36 WHITE_MSRPWS_38 WHITE_SBUSOMAS01_1"
"347","White shark","2021_007",5,19,2023-09-25 21:04:08,2024-07-22 12:41:59,45.9883,-59.25373,"WHITE_CCOCE_7 WHITE_MSRPWS_1 WHITE_MSRPWS_11 WHITE_MSRPWS_2 WHITE_MSRPWS_32"
"348","White shark","2021_008",8,34,2021-11-04 17:22:41,2024-07-27 12:38:56,45.988075882353,-59.2401223529412,"WHITE_CCOCE_7 WHITE_HMSWEA_3 WHITE_MSRPWS_1 WHITE_MSRPWS_25 WHITE_MSRPWS_26 WHITE_MSRPWS_30 WHITE_MSRPWS_32 WHITE_MSRPWS_6"
"349","White shark","2021_009",6,33,2023-07-27 09:27:56,2024-07-22 12:17:39,45.9887718181818,-59.2248275757576,"WHITE_HMSWEA_3 WHITE_MSRPWS_1 WHITE_MSRPWS_18 WHITE_MSRPWS_25 WHITE_MSRPWS_27 WHITE_MSRPWS_45"
"350","White shark","2021_010",6,19,2022-08-05 20:48:12,2024-06-28 13:10:22,45.9883642105263,-59.2128878947368,"WHITE_CCOCE_14 WHITE_HMSWEA_3 WHITE_MSRPWS_18 WHITE_MSRPWS_27 WHITE_MSRPWS_36 WHITE_MSRPWS_45"
"351","White shark","2021_011",4,11,2023-07-27 09:51:47,2024-06-24 14:35:04,45.9880127272727,-59.1989763636364,"WHITE_MSRPWS_10 WHITE_MSRPWS_25 WHITE_MSRPWS_27 WHITE_MSRPWS_34"
"352","White shark","2021_012",2,4,2022-08-05 21:15:16,2023-08-01 15:56:47,45.98796,-59.1857,"WHITE_MSRPWS_18 WHITE_MSRPWS_36"
"353","White shark","2021_013",10,29,2021-10-18 10:53:43,2024-07-07 01:33:13,45.9878955172414,-59.1711024137931,"WHITE_CCOCE_13 WHITE_CCOCE_15 WHITE_MSRPWS_17 WHITE_MSRPWS_18 WHITE_MSRPWS_36 WHITE_MSRPWS_37 WHITE_MSRPWS_45 WHITE_MSRPWS_7 WHITE_MSRPWS_8 WHITE_NY_3"
"354","White shark","2021_014",7,21,2021-10-18 10:54:59,2023-10-04 14:46:41,45.9880914285715,-59.15851,"WHITE_HMSWEA_1 WHITE_MSRPWS_17 WHITE_MSRPWS_18 WHITE_MSRPWS_27 WHITE_MSRPWS_36 WHITE_MSRPWS_37 WHITE_MSRPWS_45"
"355","White shark","2021_016",4,15,2021-10-31 22:28:53,2023-10-04 15:14:27,45.988138,-59.131678,"WHITE_HMSWEA_1 WHITE_MSRPWS_18 WHITE_MSRPWS_27 WHITE_NY_1"
"356","White shark","2021_017",9,28,2022-08-05 22:20:38,2024-06-19 19:01:58,45.9881467857143,-59.11828,"WHITE_CCOCE_17 WHITE_HMSWEA_1 WHITE_MSRPWS_18 WHITE_MSRPWS_27 WHITE_MSRPWS_34 WHITE_MSRPWS_36 WHITE_MSRPWS_41 WHITE_MSRPWS_43 WHITE_NY_3"
"357","White shark","2021_018",10,32,2022-07-24 11:11:08,2024-06-19 19:11:27,45.9884921875,-59.10557,"WHITE_CCOCE_17 WHITE_HMSWEA_1 WHITE_MSRPWS_18 WHITE_MSRPWS_27 WHITE_MSRPWS_29 WHITE_MSRPWS_3 WHITE_MSRPWS_36 WHITE_MSRPWS_4 WHITE_MSRPWS_43 WHITE_NY_3"
"358","White shark","2021_019",8,25,2021-11-16 14:47:33,2024-07-29 23:31:20,45.9882124,-59.0919032,"WHITE_CCOCE_17 WHITE_MSRPWS_12 WHITE_MSRPWS_18 WHITE_MSRPWS_27 WHITE_MSRPWS_29 WHITE_MSRPWS_36 WHITE_MSRPWS_43 WHITE_MSRPWS_8"
"359","White shark","2021_020",4,16,2021-09-05 04:49:23,2024-08-05 05:04:09,45.988269375,-59.07876125,"WHITE_HMSWEA_1 WHITE_MSRPWS_26 WHITE_MSRPWS_27 WHITE_MSRPWS_36"
"360","White shark","2021_021",4,11,2021-11-13 21:18:21,2024-06-19 19:46:38,45.9880927272727,-59.0642627272727,"WHITE_CCOCE_17 WHITE_MSRPWS_11 WHITE_MSRPWS_36 WHITE_MSRPWS_6"
"361","White shark","2021_022",3,22,2022-08-05 23:21:32,2024-07-15 01:59:31,45.9882272727273,-59.0527027272727,"WHITE_CCOCE_17 WHITE_MSRPWS_36 WHITE_MSRPWS_5"
"362","White shark","2021_023",6,38,2022-08-05 23:29:28,2024-07-15 02:14:56,45.9881952631579,-59.0388423684211,"WHITE_CCOCE_10 WHITE_CCOCE_17 WHITE_CCOCE_18 WHITE_MSRPWS_32 WHITE_MSRPWS_36 WHITE_MSRPWS_5"
"363","White shark","2021_024",5,19,2022-08-05 23:40:55,2024-07-15 02:25:19,45.9933878947368,-59.0278042105263,"WHITE_CCOCE_10 WHITE_MSRPWS_25 WHITE_MSRPWS_36 WHITE_MSRPWS_41 WHITE_MSRPWS_5"
"364","White shark","2021_025",6,17,2022-08-05 23:55:22,2024-07-15 02:33:40,45.9981417647059,-59.0170488235294,"WHITE_CCOCE_10 WHITE_MSRPWS_25 WHITE_MSRPWS_36 WHITE_MSRPWS_4 WHITE_MSRPWS_41 WHITE_MSRPWS_5"
"365","White shark","2021_026",8,52,2021-11-02 17:05:00,2024-07-22 00:10:43,46.0032680769231,-59.0062973076923,"WHITE_CCOCE_10 WHITE_CCOCE_17 WHITE_MSRPWS_1 WHITE_MSRPWS_22 WHITE_MSRPWS_25 WHITE_MSRPWS_4 WHITE_MSRPWS_41 WHITE_NY_9"
"366","White shark","2021_027",4,14,2021-11-03 00:55:10,2024-07-21 23:15:10,46.0081971428571,-58.9947471428571,"WHITE_CCOCE_10 WHITE_MSRPWS_24 WHITE_MSRPWS_4 WHITE_VMLPPWS_1"
"367","White shark","2021_028",2,7,2022-06-06 13:04:04,2022-11-04 02:19:48,46.01304,-58.98382,"WHITE_CCOCE_15 WHITE_MSRPWS_23"
"368","White shark","2021_029",8,41,2022-06-06 13:09:01,2024-07-15 04:18:52,46.0181809756097,-58.9729780487805,"WHITE_CCOCE_17 WHITE_CCOCE_5 WHITE_HMSWEA_1 WHITE_MSRPWS_13 WHITE_MSRPWS_2 WHITE_MSRPWS_23 WHITE_MSRPWS_38 WHITE_MSRPWS_5"
"369","White shark","2021_030",4,15,2023-09-24 18:13:56,2024-07-15 04:41:12,46.02308,-58.9613,"WHITE_HMSWEA_1 WHITE_MSRPWS_2 WHITE_MSRPWS_38 WHITE_MSRPWS_5"
"370","White shark","2021_031",2,14,2022-07-02 14:14:42,2022-07-21 14:50:42,46.02784,-58.95052,"WHITE_CCOCE_5 WHITE_MSRPWS_30"
"371","White shark","2021_032",3,20,2022-07-21 12:15:35,2024-06-19 23:34:06,46.0328055,-58.939722,"WHITE_CCOCE_17 WHITE_HMSWEA_1 WHITE_MSRPWS_30"
"372","White shark","2021_033",1,21,2022-07-21 15:25:01,2022-07-21 16:06:05,46.03757,-58.92871,"WHITE_MSRPWS_30"
"373","White shark","2021_034",3,23,2022-07-21 15:58:12,2023-07-09 15:36:29,46.04268,-58.91758,"WHITE_MSRPWS_29 WHITE_MSRPWS_30 WHITE_MSRPWS_41"
"374","White shark","2021_035",4,17,2022-07-24 15:06:20,2023-07-17 08:42:11,46.04759,-58.9063,"WHITE_MSRPWS_29 WHITE_MSRPWS_41 WHITE_MSRPWS_43 WHITE_NY_12"
"375","White shark","2021_036",3,17,2022-07-24 15:15:14,2023-07-31 08:05:30,46.05278,-58.89504,"WHITE_MSRPWS_25 WHITE_MSRPWS_29 WHITE_MSRPWS_43"
"376","White shark","2021_037",4,20,2022-10-31 22:04:13,2024-06-30 23:36:38,46.0578365,-58.883929,"WHITE_CCOCE_14 WHITE_CCOCE_15 WHITE_MSRPWS_25 WHITE_MSRPWS_43"
"377","White shark","2021_038",2,12,2022-10-31 22:16:41,2023-07-12 11:33:31,46.06263,-58.87281,"WHITE_CCOCE_14 WHITE_MSRPWS_43"
"378","White shark","2021_039",2,13,2021-09-26 10:13:45,2022-10-31 22:39:33,46.06738,-58.86194,"WHITE_MSRPWS_43 WHITE_NY_14"
"379","White shark","2021_040",3,15,2022-10-31 22:41:45,2023-09-21 19:25:37,46.0724786666667,-58.8508493333333,"WHITE_HMSWEA_2 WHITE_MSRPWS_32 WHITE_MSRPWS_43"
"380","White shark","2021_041",4,30,2022-07-21 18:34:59,2023-08-06 16:29:39,46.07704,-58.84016,"WHITE_MSRPWS_3 WHITE_MSRPWS_30 WHITE_MSRPWS_32 WHITE_MSRPWS_43"
"381","White shark","2021_042",1,10,2022-07-21 18:50:09,2022-07-21 19:13:14,46.08203,-58.82902,"WHITE_MSRPWS_30"
"382","White shark","2021_043",5,27,2021-11-03 10:32:59,2024-07-15 08:37:48,46.0870251851852,-58.8179055555555,"WHITE_MSRPWS_20 WHITE_MSRPWS_30 WHITE_MSRPWS_36 WHITE_MSRPWS_43 WHITE_MSRPWS_5"
"383","White shark","2021_044",6,20,2021-11-03 10:31:21,2024-07-15 08:56:12,46.091674,-58.806932,"WHITE_CCOCE_15 WHITE_MSRPWS_17 WHITE_MSRPWS_20 WHITE_MSRPWS_36 WHITE_MSRPWS_43 WHITE_MSRPWS_5"
"384","White shark","2021_045",2,14,2023-10-21 08:51:23,2024-07-15 09:12:12,46.09648,-58.7971,"WHITE_CCOCE_15 WHITE_MSRPWS_5"
"385","White shark","2021_046",3,7,2023-10-27 21:23:34,2024-10-18 23:37:25,46.1017,-58.7856657142857,"WHITE_CCOCE_16 WHITE_MSRPWS_12 WHITE_MSRPWS_5"
"386","White shark","N1",2,9,2021-06-19 14:31:18,2021-06-28 21:00:07,46.17721,-59.22343,"WHITE_CCOCE_4 WHITE_MSRPWS_33"
"387","White shark","N11",1,1,2020-07-07 07:37:17,2020-07-07 07:37:17,46.2159,-59.10635,"WHITE_CCOCE_8"
"388","White shark","N12",3,24,2020-07-07 08:14:50,2021-08-01 04:57:20,46.21948,-59.0942,"WHITE_CCOCE_8 WHITE_MSRPWS_12 WHITE_NY_14"
"389","White shark","N13",5,15,2019-07-01 03:18:45,2020-08-13 08:46:31,46.20426,-59.1413786666667,"WHITE_CCOCE_8 WHITE_CCOCE_9 WHITE_MSRPWS_14 WHITE_NY_14 WHITE_V2LWSAMP_1"
"390","White shark","N15",1,2,2021-06-19 14:28:05,2021-06-19 14:29:32,46.17335,-59.23598,"WHITE_CCOCE_4"
"391","White shark","N19",1,6,2020-10-01 00:29:06,2020-10-01 00:35:21,46.23442,-59.0472,"WHITE_CCOCE_6"
"392","White shark","N20",1,2,2020-10-01 00:38:55,2020-10-01 00:40:22,46.23849,-59.03591,"WHITE_CCOCE_6"
"393","White shark","N21",1,6,2020-08-13 17:53:50,2020-08-13 18:01:58,46.24222,-59.02373,"WHITE_MSRPWS_2"
"394","White shark","N23",3,11,2019-09-30 12:01:46,2020-08-08 04:43:38,46.16128,-59.27136,"WHITE_MSRPWS_14 WHITE_MSRPWS_7 WHITE_V2LWSAMP_1"
"395","White shark","N3",1,2,2020-11-20 12:49:45,2020-11-20 12:51:17,46.18385,-59.20066,"WHITE_CCOCE_2"
"396","White shark","N4",3,9,2020-07-04 15:12:38,2020-11-20 12:35:14,46.18898,-59.18809,"WHITE_CCOCE_2 WHITE_MSRPWS_31 WHITE_MSRPWS_37"
"397","White shark","N5",2,4,2020-07-04 15:22:09,2020-11-20 12:31:22,46.19253,-59.17666,"WHITE_CCOCE_2 WHITE_MSRPWS_31"
"398","White shark","N6",2,6,2020-07-20 16:40:18,2020-11-20 12:21:55,46.19659,-59.16482,"WHITE_CCOCE_2 WHITE_MSRPWS_33"
"399","White shark","N7",1,5,2020-11-20 12:01:38,2020-11-20 12:07:54,46.20022,-59.15381,"WHITE_CCOCE_2"
"400","White shark","N8",1,3,2020-11-20 12:42:36,2020-11-20 12:46:37,46.20418,-59.14111,"WHITE_CCOCE_2"
"401","White shark","S1",2,18,2020-08-13 23:31:48,2021-06-22 05:53:02,46.02144,-59.03361,"WHITE_CCOCE_8 WHITE_MSRPWS_2"
"402","White shark","S10",1,4,2019-09-05 17:54:28,2019-09-05 17:58:52,46.02154,-58.91703,"WHITE_MSRPWS_13"
"403","White shark","S11",1,4,2019-09-05 18:02:58,2019-09-05 18:07:06,46.02187,-58.90431,"WHITE_MSRPWS_13"
"404","White shark","S12",1,1,2016-02-20 00:27:04,2016-02-20 00:27:04,46.02183,-58.89117,"WHITE_MSRPWS_16"
"405","White shark","S13",2,8,2016-02-20 00:18:50,2019-09-05 18:21:40,46.02182,-58.87818625,"WHITE_MSRPWS_13 WHITE_MSRPWS_16"
"406","White shark","S15",1,3,2020-08-08 17:48:29,2020-08-08 17:51:34,46.02146,-59.08555,"WHITE_MSRPWS_25"
"407","White shark","S16",1,2,2020-08-08 00:41:54,2020-08-08 00:43:14,46.02145,-59.07284,"WHITE_MSRPWS_7"
"408","White shark","S17",1,5,2020-08-08 00:31:22,2020-08-08 00:36:58,46.0213,-59.05939,"WHITE_MSRPWS_7"
"409","White shark","S18",2,11,2020-08-08 00:23:06,2021-06-22 05:33:38,46.02084,-59.04672,"WHITE_CCOCE_8 WHITE_MSRPWS_7"
"410","White shark","S19",1,5,2020-07-25 05:01:00,2020-07-25 05:11:18,46.02158,-58.86502,"WHITE_CCOCE_1"
"411","White shark","S2",2,3,2019-07-18 17:09:58,2020-10-07 05:48:31,46.02151,-59.0206333333333,"WHITE_MSRPWS_10 WHITE_MSRPWS_37"
"412","White shark","S20",1,2,2020-07-25 05:02:55,2020-07-25 05:06:07,46.02172,-58.85229,"WHITE_CCOCE_1"
"413","White shark","S3",2,8,2019-07-18 17:17:47,2020-10-07 05:53:33,46.0218425,-59.00577,"WHITE_MSRPWS_10 WHITE_MSRPWS_37"
"414","White shark","S4",2,13,2019-07-18 17:24:15,2021-07-31 22:20:31,46.0218276923077,-58.9947338461538,"WHITE_MSRPWS_10 WHITE_MSRPWS_26"
"415","White shark","S5",1,2,2021-07-31 22:29:44,2021-07-31 22:31:09,46.02172,-58.98192,"WHITE_MSRPWS_26"
"416","White shark","S7",1,3,2019-09-28 01:09:17,2019-09-28 01:13:10,46.02187,-58.95611,"WHITE_MSRPWS_10"
"417","White shark","S8",3,13,2019-09-05 16:59:29,2020-07-12 20:04:10,46.02172,-58.94313,"WHITE_CCOCE_7 WHITE_MSRPWS_10 WHITE_MSRPWS_13"
"418","White shark","S9",2,6,2019-09-05 17:44:23,2020-07-12 20:29:23,46.02179,-58.93022,"WHITE_CCOCE_7 WHITE_MSRPWS_13"
