"common_name","Total_n","Detections_Removed","Detections_Kept"
"American eel",167,"56 (33.5%)","111 (66.5%)"
"Atlantic cod",14743,"311 (2.1%)","14432 (97.9%)"
"Atlantic halibut",511,"5 (1%)","506 (99%)"
"Atlantic mackerel",9,"0 (0%)","9 (100%)"
"Atlantic salmon",2561,"247 (9.6%)","2314 (90.4%)"
"Atlantic sturgeon",9,"0 (0%)","9 (100%)"
"Blue shark",609,"29 (4.8%)","580 (95.2%)"
"Bluefin tuna",1183,"45 (3.8%)","1138 (96.2%)"
"Grey seal",54,"1 (1.9%)","53 (98.1%)"
"Leatherback turtle",110,"3 (2.7%)","107 (97.3%)"
"Porbeagle shark",72,"2 (2.8%)","70 (97.2%)"
"Shortfin mako",29,"0 (0%)","29 (100%)"
"Snow crab",371,"0 (0%)","371 (100%)"
"White shark",1304,"55 (4.2%)","1249 (95.8%)"
