,Species,Project,Release location,Detections,Individuals,,
1,American eel,BDLSPG - Apoqnmatulti'k - Bras D'Or Lake,"Amaguadee's Pond, Bras d'Or Lake, Cape Breton",7,1,,
2,American eel,BDLSPG - Apoqnmatulti'k - Bras D'Or Lake,"Bras d'Or Lake, Cape Breton",31,1,,
3,American eel,BDLSPG - Apoqnmatulti'k - Bras D'Or Lake,"Outside John Pauls Pond, Bras d'Or Lake, Cape Breton",16,1,,
4,American eel,BQEEL - Bay of Quinte Eel Tracking,"Bay of Quinte, Lake Ontario",57,2,,
5,Atlantic cod,SBICOD - Cod Movements in the Northern Gulf,"Strait of Belle Ils., Gulf of  St. Lawrence",18,1,,
6,Atlantic cod,SGS - OTN Canada Sable Island Grey Seal Bioprobes,East Scotian Shelf,264,4,,
7,Atlantic cod,SGS - OTN Canada Sable Island Grey Seal Bioprobes,Southern St.Anns Bank,14102,41,,
8,Atlantic cod,"SPI - Shippagan, NB: Cod tagging",Southern Gulf of St. Lawrence,48,2,,
9,Atlantic halibut,HALIBT - Acoustic Array and Halibut Tagging,Scotian Shelf,417,2,,
10,Atlantic halibut,MEHAL - Maine Atlantic Halibut Tagging,"Gulf of Maine, USA",89,3,,
11,Atlantic mackerel,V2LNASTI - Mackerel tracking in the Northwest Arm,"Halifax, NS",9,1,,
12,Atlantic salmon,ASF - Atlantic Salmon Federation Tagging Projects,Gulf of St. Lawrence or Saint Andrews NB,43,2,,
13,Atlantic salmon,BDK - Overwinter Bras d’Or Atlantic salmon populations,"Bras d'Or Lakes, Cape Breton",305,2,,
14,Atlantic salmon,ESRF - Atlantic Salmon Offshore Tracking Project,Cascapedia,6,1,,
15,Atlantic salmon,ESRF - Atlantic Salmon Offshore Tracking Project,LaHave River,12,1,,
16,Atlantic salmon,ESRF - Atlantic Salmon Offshore Tracking Project,LeHave,41,7,,
17,Atlantic salmon,ESRF - Atlantic Salmon Offshore Tracking Project,Margaree River,91,2,,
18,Atlantic salmon,ESRF - Atlantic Salmon Offshore Tracking Project,Morell River,75,2,,
19,Atlantic salmon,ESRF - Atlantic Salmon Offshore Tracking Project,North River,210,2,,
20,Atlantic salmon,ESRF - Atlantic Salmon Offshore Tracking Project,Restigouche River,7,1,,
21,Atlantic salmon,ESRF - Atlantic Salmon Offshore Tracking Project,Saint John River,31,2,,
22,Atlantic salmon,ESRF - Atlantic Salmon Offshore Tracking Project,St Marys River,35,3,,
23,Atlantic salmon,ESRF - Atlantic Salmon Offshore Tracking Project,St. Mary's,201,10,,
24,Atlantic salmon,ESRF - Atlantic Salmon Offshore Tracking Project,West River Sheet Harbour,21,1,,
25,Atlantic salmon,ESRF - Atlantic Salmon Offshore Tracking Project,"West branch, St Marys river, Nova Scotia",114,3,,
26,Atlantic salmon,ESRF - Atlantic Salmon Offshore Tracking Project,York River,45,1,,
27,Atlantic salmon,KNE - NOAA Kennebec Salmon Tracking,"Kennebec River, Maine, USA",13,1,,
28,Atlantic salmon,MARSS - Maritimes Region Atlantic salmon marine survival and migration,"East branch, St Marys river, Nova Scotia",60,5,,
29,Atlantic salmon,"NARR - Characterizing the behavior and survival of age 1 hatchery stocked smolts in the Narraguagus River, Maine U.S.A.","Milbridge, Narraguagus River, Maine U.S.A.",11,2,,
30,Atlantic salmon,PBN - NOAA Penobscot Salmon Tracking,"Penobscot River, Maine, USA",141,6,,
31,Atlantic salmon,PBSM_QRPT - Quoddy Region Salmon Tracking,"Magaguadavic Basin, St. George, NB",36,3,,
32,Atlantic salmon,PBU - USGS: Salmon tagging,"Bucksport, Maine, USA.",270,20,,
33,Atlantic salmon,QSLR - St. Lawrence River Fish Monitoring,Gulf of St. Lawrence (estimate),33,4,,
34,Atlantic salmon,TNGS - Tobique Narrows Generation Station efficiency,"Tobique River, NB",6,2,,
35,Atlantic salmon,UNBMIR - UNB Miramichi River,"Miramichi River, NB",34,1,,
36,Atlantic salmon,V2LCBHNP - Cape Breton Highlands National Park salmon tracking,Cape Breton Highlands,439,7,,
37,Atlantic salmon,"V2LNSSA - Nova Scotia Salmon Association, Sheet Harbour","West River, Sheet Harbour,NS",34,6,,
38,Atlantic sturgeon,QSLR - St. Lawrence River Fish Monitoring,Gulf of St. Lawrence (estimate),9,1,,
39,Blue shark,MFSAR - Shark Spatial Ecology and life history in NL waters,"Conception Bay 1, NL",120,1,,
40,Blue shark,MFSAR - Shark Spatial Ecology and life history in NL waters,"Conception Bay 2, NL",12,1,,
41,Blue shark,MFSAR - Shark Spatial Ecology and life history in NL waters,"St. Johns, NL",13,1,,
42,Blue shark,MFSAR - Shark Spatial Ecology and life history in NL waters,"St. Mary's Bay, NL",31,1,,
43,Blue shark,NSBS - OTN NS Blue Shark Tracking,"Halifax, NS",404,12,,
44,Bluefin tuna,BFTTAG - Bluefin tuna high res multi-beam sonar and tagging,"PEI, Gulf of St. Lawrence",76,12,,
45,Bluefin tuna,DFOBFT - Long-term monitoring of Atlantic Bluefin tuna and Swordfish,"Port Hood, NS",207,12,,
46,Bluefin tuna,TAG - Tag-A-Giant Foundation: Bluefin Tuna Tracking,North Carolina shelf by Hatteras,166,2,,
47,Bluefin tuna,TAG - Tag-A-Giant Foundation: Bluefin Tuna Tracking,Northumberland Straight,72,4,,
48,Bluefin tuna,TAG - Tag-A-Giant Foundation: Bluefin Tuna Tracking,"Northumberland Straight and St. Georges Bay, NS",617,56,,
49,Grey seal,GSFP - Grey seal foraging pressure,Gulf of St. Lawrence,5,2,,
50,Grey seal,GSFP - Grey seal foraging pressure,Scotian Shelf,38,2,,
51,Grey seal,RISME - Pinniped Movement in Rhode Island Waters,"Rhode Island, USA",10,1,,
52,Leatherback turtle,JBLB - Juno Beach Leatherback Tagging,"Juno beach, Florida, USA",68,1,,
53,Leatherback turtle,"MIGRAMAR.LBTPCR - Leatherback Turtle Tracking in Pacuare Wildlife Reserve, CR","Pacuare Wildlife Reserve, Costa Rica",39,1,,
54,Porbeagle shark,JPBS - DFO: Porbeagle and Blue Sharks,Emerald Basin,15,1,,
55,Porbeagle shark,JPBS - DFO: Porbeagle and Blue Sharks,Georges Bank,55,3,,
56,Shortfin mako,RICSS - RIDEM DMF Coastal Shark Tagging Study,"Block Island, New England, USA",29,1,,
57,Snow crab,ZSC - Scotian Shelf Snow Crab Tagging,Scotian Shelf,371,2,,
58,White shark,CCOCE - Shelf-associated movements and migration of sharks in the Western North Atlantic Ocean,"Hilton Head, South Carolina",7,1,,
59,White shark,CCOCE - Shelf-associated movements and migration of sharks in the Western North Atlantic Ocean,"Lunenburg, Nova Scotia",22,2,,
60,White shark,CCOCE - Shelf-associated movements and migration of sharks in the Western North Atlantic Ocean,NE Atlantic,120,10,,
61,White shark,CCOCE - Shelf-associated movements and migration of sharks in the Western North Atlantic Ocean,"Scatarie Island, Cape Breton, Nova Scotia",37,1,,
62,White shark,CCOCE - Shelf-associated movements and migration of sharks in the Western North Atlantic Ocean,"W. Ironbound I., Nova Scotia",62,4,,
63,White shark,HMSWEA - Offshore Wind Telemetry,"Nantucket, USA",51,3,,
64,White shark,HMSWEA - Offshore Wind Telemetry,"Southern New England, USA",3,1,,
65,White shark,MSRPWS - Massachusetts White Shark Research Program,"Cape cod, MA",896,42,,
66,White shark,NYSHARKS - New York Juvenile White Shark Study,"Long Island, NY, USA",39,5,,
67,White shark,SBUSOMAS01 - SBU Coastal New York Bight Acoustic Network,"Long Island, USA",3,1,,
68,White shark,V2LWSAMP - White Shark Acoustic Monitoring Program,"Kejimkujik Park, NS",5,1,,
69,White shark,VMLPPWS - Grey seals and white sharks in Atlantic Canadian waters,"Magdalen Islands, Gulf of St. Lawrence",4,1,,
