"","station","num_fish","num_dets","first_det","last_det","mean_lat","mean_lon","animals"
"1","2021_001",21,117,2021-08-27 04:21:33,2024-07-23 18:05:58,45.9879952136752,-59.3334999999999,"BLUEFIN_TAG_35 BLUEFIN_TAG_37 BLUEFIN_TAG_38 BLUEFIN_TAG_51 BLUEFIN_TAG_52 BLUEFIN_TAG_62 MAKO_RICSS_1 SALM_ESRF_48 SALM_V2LCBHNP_3 WHITE_CCOCE_11 WHITE_CCOCE_7 WHITE_HMSWEA_3 WHITE_MSRPWS_12 WHITE_MSRPWS_17 WHITE_MSRPWS_19 WHITE_MSRPWS_21 WHITE_MSRPWS_22 WHITE_MSRPWS_3 WHITE_MSRPWS_7 WHITE_NY_12 WHITE_NY_9"
"2","2021_002",7,34,2021-08-26 13:24:25,2022-08-05 19:02:38,45.98769,-59.32067,"BLUEFIN_TAG_35 BLUEFIN_TAG_37 MAKO_RICSS_1 SALM_ESRF_22 WHITE_CCOCE_3 WHITE_MSRPWS_17 WHITE_MSRPWS_36"
"3","2021_003",22,133,2021-08-27 04:59:42,2024-07-22 23:19:49,45.9880766917293,-59.3075851127818,"BLUEFIN_DFOBFT_6 BLUEFIN_TAG_15 BLUEFIN_TAG_35 BLUEFIN_TAG_45 BLUEFIN_TAG_46 BLUEFIN_TAG_50 BLUEFIN_TAG_52 BLUEFIN_TAG_59 LHBACK_JBLB_1 MAKO_RICSS_1 SALM_V2LCBHNP_2 WHITE_CCOCE_11 WHITE_CCOCE_7 WHITE_MSRPWS_22 WHITE_MSRPWS_28 WHITE_MSRPWS_34 WHITE_MSRPWS_35 WHITE_MSRPWS_36 WHITE_MSRPWS_47 WHITE_MSRPWS_7 WHITE_MSRPWS_9 WHITE_NY_3"
"4","2021_004",17,163,2021-09-08 05:58:57,2024-02-12 06:47:34,45.9877550306749,-59.2940050306747,"BLUEFIN_TAG_15 BLUEFIN_TAG_33 BLUEFIN_TAG_35 BLUEFIN_TAG_45 BLUEFIN_TAG_46 BLUEFIN_TAG_55 SALM_ESRF_35 SALM_V2LCBHNP_2 WHITE_CCOCE_11 WHITE_CCOCE_7 WHITE_MSRPWS_19 WHITE_MSRPWS_32 WHITE_MSRPWS_34 WHITE_MSRPWS_35 WHITE_MSRPWS_36 WHITE_MSRPWS_39 WHITE_MSRPWS_7"
"5","2021_005",18,111,2021-08-26 08:09:57,2024-06-23 20:44:38,45.9877987387387,-59.2798415315314,"BLUEFIN_BFTTAG_2 BLUEFIN_TAG_15 BLUEFIN_TAG_32 BLUEFIN_TAG_35 BLUEFIN_TAG_45 BLUEFIN_TAG_46 BLUESH_NSBS_9 SALM_UNBMIR_1 WHITE_CCOCE_19 WHITE_CCOCE_7 WHITE_MSRPWS_17 WHITE_MSRPWS_19 WHITE_MSRPWS_21 WHITE_MSRPWS_32 WHITE_MSRPWS_35 WHITE_MSRPWS_36 WHITE_MSRPWS_38 WHITE_MSRPWS_39"
"6","2021_006",19,96,2021-11-03 03:17:17,2024-07-22 12:43:38,45.9879033333334,-59.2665762499999,"BLUEFIN_DFOBFT_2 BLUEFIN_DFOBFT_3 BLUEFIN_TAG_15 BLUEFIN_TAG_35 BLUESH_NSBS_9 SALM_ESRF_34 SALM_UNBMIR_1 SALM_V2LCBHNP_2 WHITE_CCOCE_7 WHITE_MSRPWS_1 WHITE_MSRPWS_11 WHITE_MSRPWS_19 WHITE_MSRPWS_2 WHITE_MSRPWS_32 WHITE_MSRPWS_34 WHITE_MSRPWS_35 WHITE_MSRPWS_36 WHITE_MSRPWS_38 WHITE_SBUSOMAS01_1"
"7","2021_007",8,45,2023-09-25 21:04:08,2024-07-22 12:41:59,45.9883,-59.2537299999999,"BLUEFIN_DFOBFT_3 HAL_MEHAL_3 SALM_V2LCBHNP_2 WHITE_CCOCE_7 WHITE_MSRPWS_1 WHITE_MSRPWS_11 WHITE_MSRPWS_2 WHITE_MSRPWS_32"
"8","2021_008",12,72,2021-11-03 01:10:26,2024-07-27 12:38:56,45.9879725,-59.2401475,"BLUEFIN_DFOBFT_2 BLUEFIN_TAG_35 BLUEFIN_TAG_51 SALM_UNBMIR_1 WHITE_CCOCE_7 WHITE_HMSWEA_3 WHITE_MSRPWS_1 WHITE_MSRPWS_25 WHITE_MSRPWS_26 WHITE_MSRPWS_30 WHITE_MSRPWS_32 WHITE_MSRPWS_6"
"9","2021_009",13,77,2021-08-27 06:48:18,2024-07-22 12:17:39,45.988321038961,-59.2250048051948,"BLUEFIN_DFOBFT_10 BLUEFIN_DFOBFT_2 BLUEFIN_DFOBFT_9 BLUEFIN_TAG_35 BLUEFIN_TAG_44 BLUEFIN_TAG_56 MAKO_RICSS_1 WHITE_HMSWEA_3 WHITE_MSRPWS_1 WHITE_MSRPWS_18 WHITE_MSRPWS_25 WHITE_MSRPWS_27 WHITE_MSRPWS_45"
"10","2021_010",14,49,2021-08-27 07:02:25,2024-06-28 13:10:22,45.9880955102041,-59.2125887755102,"BLUEFIN_DFOBFT_10 BLUEFIN_DFOBFT_2 BLUEFIN_TAG_44 BLUEFIN_TAG_58 MAKO_RICSS_1 SALM_ESRF_28 SALM_PBU_10 SALM_QSLR_3 WHITE_CCOCE_14 WHITE_HMSWEA_3 WHITE_MSRPWS_18 WHITE_MSRPWS_27 WHITE_MSRPWS_36 WHITE_MSRPWS_45"
"11","2021_011",14,42,2021-08-27 07:15:47,2024-06-24 14:35:04,45.9879442857143,-59.1990085714286,"BLUEFIN_DFOBFT_1 BLUEFIN_TAG_15 BLUEFIN_TAG_30 BLUEFIN_TAG_39 BLUEFIN_TAG_53 BLUEFIN_TAG_54 MAKO_RICSS_1 SALM_ESRF_28 SALM_ESRF_48 SALM_V2LNSSA_4 WHITE_MSRPWS_10 WHITE_MSRPWS_25 WHITE_MSRPWS_27 WHITE_MSRPWS_34"
"12","2021_012",9,58,2021-10-04 17:25:34,2024-07-14 15:05:14,45.9881194827586,-59.1855979310345,"BLUEFIN_DFOBFT_13 BLUEFIN_TAG_42 BLUEFIN_TAG_43 BLUEFIN_TAG_48 BLUEFIN_TAG_53 GSEAL_GSFP_5 SALM_ESRF_48 WHITE_MSRPWS_18 WHITE_MSRPWS_36"
"13","2021_013",18,100,2021-10-18 10:53:43,2024-07-14 14:42:40,45.9878044,-59.1707873000001,"BLUEFIN_DFOBFT_13 BLUEFIN_TAG_31 BLUEFIN_TAG_43 BLUEFIN_TAG_65 COD_SBICOD_1 SALM_QSLR_3 SALM_V2LCBHNP_2 SALM_V2LCBHNP_7 WHITE_CCOCE_13 WHITE_CCOCE_15 WHITE_MSRPWS_17 WHITE_MSRPWS_18 WHITE_MSRPWS_36 WHITE_MSRPWS_37 WHITE_MSRPWS_45 WHITE_MSRPWS_7 WHITE_MSRPWS_8 WHITE_NY_3"
"14","2021_014",13,79,2021-10-18 10:54:59,2024-05-26 17:29:28,45.9884536708861,-59.1584307594937,"BLUEFIN_DFOBFT_2 COD_SBICOD_1 SALM_ESRF_24 SALM_QSLR_4 SALM_V2LCBHNP_1 SALM_V2LCBHNP_2 WHITE_HMSWEA_1 WHITE_MSRPWS_17 WHITE_MSRPWS_18 WHITE_MSRPWS_27 WHITE_MSRPWS_36 WHITE_MSRPWS_37 WHITE_MSRPWS_45"
"15","2021_016",8,57,2021-10-31 22:28:53,2024-05-26 16:57:48,45.9881743859649,-59.1315752631579,"BLUEFIN_DFOBFT_2 BLUEFIN_DFOBFT_7 SALM_ESRF_44 SALM_V2LCBHNP_1 WHITE_HMSWEA_1 WHITE_MSRPWS_18 WHITE_MSRPWS_27 WHITE_NY_1"
"16","2021_017",17,121,2022-08-05 22:20:38,2024-06-19 19:01:58,45.9882261157024,-59.118367107438,"BLUEFIN_DFOBFT_2 BLUEFIN_DFOBFT_7 GSEAL_GSFP_2 GSEAL_RISME_1 LHBACK_JBLB_1 SALM_ESRF_44 SALM_V2LCBHNP_1 SALM_V2LCBHNP_3 WHITE_CCOCE_17 WHITE_HMSWEA_1 WHITE_MSRPWS_18 WHITE_MSRPWS_27 WHITE_MSRPWS_34 WHITE_MSRPWS_36 WHITE_MSRPWS_41 WHITE_MSRPWS_43 WHITE_NY_3"
"17","2021_018",18,115,2022-07-24 11:11:08,2024-06-19 19:11:27,45.9885546086957,-59.1056129565219,"BLUEFIN_DFOBFT_2 BLUEFIN_DFOBFT_7 BLUEFIN_TAG_50 GSEAL_RISME_1 SALM_ESRF_38 SALM_QSLR_3 SALM_V2LCBHNP_1 SALM_V2LCBHNP_5 WHITE_CCOCE_17 WHITE_HMSWEA_1 WHITE_MSRPWS_18 WHITE_MSRPWS_27 WHITE_MSRPWS_29 WHITE_MSRPWS_3 WHITE_MSRPWS_36 WHITE_MSRPWS_4 WHITE_MSRPWS_43 WHITE_NY_3"
"18","2021_019",13,97,2021-11-16 14:47:33,2024-07-29 23:31:20,45.9883137113401,-59.0919263917525,"BLUEFIN_TAG_50 SALM_ESRF_26 SALM_ESRF_38 SALM_ESRF_44 SALM_V2LCBHNP_1 WHITE_CCOCE_17 WHITE_MSRPWS_12 WHITE_MSRPWS_18 WHITE_MSRPWS_27 WHITE_MSRPWS_29 WHITE_MSRPWS_36 WHITE_MSRPWS_43 WHITE_MSRPWS_8"
"19","2021_020",15,103,2021-09-05 04:49:23,2024-08-05 05:04:09,45.988557961165,-59.0790185436893,"BLUEFIN_DFOBFT_11 BLUEFIN_DFOBFT_6 BLUEFIN_TAG_15 BLUEFIN_TAG_34 BLUEFIN_TAG_50 GSEAL_GSFP_2 MAC_V2LNASTI_1 SALM_ESRF_25 SALM_ESRF_26 SALM_ESRF_38 SALM_V2LCBHNP_1 WHITE_HMSWEA_1 WHITE_MSRPWS_26 WHITE_MSRPWS_27 WHITE_MSRPWS_36"
"20","2021_021",14,81,2021-11-13 21:18:21,2024-06-19 19:46:38,45.988069382716,-59.0642393827161,"BLUEFIN_DFOBFT_11 BLUEFIN_DFOBFT_6 BLUEFIN_TAG_34 BLUEFIN_TAG_43 BLUEFIN_TAG_50 GSEAL_GSFP_2 SALM_ESRF_22 SALM_ESRF_25 SALM_ESRF_38 SALM_V2LCBHNP_1 WHITE_CCOCE_17 WHITE_MSRPWS_11 WHITE_MSRPWS_36 WHITE_MSRPWS_6"
"21","2021_022",10,86,2022-06-04 18:12:35,2024-07-15 01:59:31,45.9881643023255,-59.0521934883721,"BLUEFIN_DFOBFT_1 BLUEFIN_DFOBFT_6 BLUEFIN_TAG_50 GSEAL_GSFP_2 SALM_ESRF_22 SALM_ESRF_25 SALM_V2LCBHNP_1 WHITE_CCOCE_17 WHITE_MSRPWS_36 WHITE_MSRPWS_5"
"22","2021_023",10,71,2022-06-13 04:24:25,2024-07-15 02:14:56,45.9881801408451,-59.0387242253522,"BLUEFIN_DFOBFT_1 BLUEFIN_TAG_64 GSEAL_GSFP_2 SALM_ESRF_25 WHITE_CCOCE_10 WHITE_CCOCE_17 WHITE_CCOCE_18 WHITE_MSRPWS_32 WHITE_MSRPWS_36 WHITE_MSRPWS_5"
"23","2021_024",9,56,2022-06-13 03:34:30,2024-07-15 02:25:19,45.9934026785714,-59.0278394642856,"BLUEFIN_TAG_63 GSEAL_GSFP_1 LHBACK_JBLB_1 SALM_ESRF_25 WHITE_CCOCE_10 WHITE_MSRPWS_25 WHITE_MSRPWS_36 WHITE_MSRPWS_41 WHITE_MSRPWS_5"
"24","2021_025",11,50,2022-06-12 23:12:48,2024-07-15 02:33:40,45.9981928,-59.017304,"BLUEFIN_TAG_63 LHBACK_JBLB_1 SALM_ESRF_25 SALM_ESRF_33 SALM_V2LCBHNP_4 WHITE_CCOCE_10 WHITE_MSRPWS_25 WHITE_MSRPWS_36 WHITE_MSRPWS_4 WHITE_MSRPWS_41 WHITE_MSRPWS_5"
"25","2021_026",13,96,2021-11-02 17:05:00,2024-07-22 00:10:43,46.0032672916667,-59.0062927083333,"BLUEFIN_DFOBFT_7 BLUEFIN_TAG_49 LHBACK_JBLB_1 SALM_ESRF_25 SALM_ESRF_33 WHITE_CCOCE_10 WHITE_CCOCE_17 WHITE_MSRPWS_1 WHITE_MSRPWS_22 WHITE_MSRPWS_25 WHITE_MSRPWS_4 WHITE_MSRPWS_41 WHITE_NY_9"
"26","2021_027",11,82,2021-11-03 00:55:10,2024-07-21 23:15:10,46.0083632926829,-58.9948780487805,"BLUEFIN_DFOBFT_5 BLUEFIN_DFOBFT_7 BLUEFIN_TAG_39 BLUEFIN_TAG_49 SALM_ESRF_22 SALM_ESRF_33 SALM_V2LCBHNP_2 WHITE_CCOCE_10 WHITE_MSRPWS_24 WHITE_MSRPWS_4 WHITE_VMLPPWS_1"
"27","2021_028",7,47,2022-06-04 10:56:36,2023-06-13 10:55:36,46.01304,-58.98382,"BLUEFIN_DFOBFT_5 BLUEFIN_TAG_35 HAL_MEHAL_2 SALM_ESRF_22 SALM_ESRF_33 WHITE_CCOCE_15 WHITE_MSRPWS_23"
"28","2021_029",12,55,2021-08-14 14:23:32,2024-07-15 04:18:52,46.0181196363636,-58.9729683636364,"BLUEFIN_TAG_21 BLUEFIN_TAG_36 BLUESH_NSBS_9 SALM_V2LNSSA_5 WHITE_CCOCE_17 WHITE_CCOCE_5 WHITE_HMSWEA_1 WHITE_MSRPWS_13 WHITE_MSRPWS_2 WHITE_MSRPWS_23 WHITE_MSRPWS_38 WHITE_MSRPWS_5"
"29","2021_030",9,34,2021-08-14 14:22:07,2024-07-15 04:41:12,46.022955,-58.961485,"BLUEFIN_TAG_21 BLUEFIN_TAG_36 BLUESH_NSBS_9 HAL_MEHAL_3 SALM_V2LNSSA_5 WHITE_HMSWEA_1 WHITE_MSRPWS_2 WHITE_MSRPWS_38 WHITE_MSRPWS_5"
"30","2021_031",4,24,2021-08-14 14:34:08,2022-11-07 16:05:39,46.02784,-58.95052,"BLUEFIN_TAG_21 SALM_QSLR_2 WHITE_CCOCE_5 WHITE_MSRPWS_30"
"31","2021_032",7,37,2022-07-21 12:15:35,2024-06-19 23:34:06,46.0330002702703,-58.939732972973,"BLUEFIN_TAG_53 BLUEFIN_TAG_55 HAL_MEHAL_3 SALM_ESRF_37 WHITE_CCOCE_17 WHITE_HMSWEA_1 WHITE_MSRPWS_30"
"32","2021_033",4,45,2021-11-16 03:37:06,2023-06-13 01:42:53,46.03757,-58.92871,"BLUEFIN_TAG_55 EEL_BDLSPG_1 SALM_ESRF_36 WHITE_MSRPWS_30"
"33","2021_034",10,49,2021-11-16 04:08:26,2024-03-10 16:23:43,46.0427126530612,-58.9175971428571,"BLUEFIN_DFOBFT_4 BLUEFIN_TAG_55 BLUEFIN_TAG_57 EEL_BDLSPG_1 HAL_MEHAL_3 SALM_ESRF_24 SALM_ESRF_36 WHITE_MSRPWS_29 WHITE_MSRPWS_30 WHITE_MSRPWS_41"
"34","2021_035",11,44,2022-06-17 06:26:22,2024-03-10 15:48:34,46.0477045454545,-58.9062140909091,"BLUEFIN_DFOBFT_12 BLUEFIN_DFOBFT_4 BLUEFIN_TAG_57 BLUESH_NSBS_8 HAL_MEHAL_3 SALM_ESRF_24 SALM_ESRF_42 WHITE_MSRPWS_29 WHITE_MSRPWS_41 WHITE_MSRPWS_43 WHITE_NY_12"
"35","2021_036",13,88,2021-09-22 23:31:42,2024-07-29 02:27:07,46.0528509090909,-58.895013409091,"BLUEFIN_DFOBFT_4 BLUEFIN_TAG_35 BLUEFIN_TAG_40 BLUESH_NSBS_13 BLUESH_NSBS_8 HAL_MEHAL_2 HAL_MEHAL_3 MAC_V2LNASTI_1 SALM_ESRF_36 SALM_ESRF_42 WHITE_MSRPWS_25 WHITE_MSRPWS_29 WHITE_MSRPWS_43"
"36","2021_037",13,64,2021-09-22 23:39:11,2024-06-30 23:36:38,46.05779984375,-58.8839246875001,"BLUEFIN_TAG_22 BLUEFIN_TAG_35 BLUEFIN_TAG_40 BLUESH_NSBS_10 BLUESH_NSBS_13 HAL_MEHAL_1 SALM_ESRF_36 SALM_ESRF_42 SALM_ESRF_44 WHITE_CCOCE_14 WHITE_CCOCE_15 WHITE_MSRPWS_25 WHITE_MSRPWS_43"
"37","2021_038",9,75,2021-11-04 08:10:34,2023-07-12 11:33:31,46.0626299999999,-58.8728099999999,"BLUEFIN_TAG_35 BLUESH_NSBS_10 HAL_MEHAL_1 SALM_ESRF_36 SALM_ESRF_40 SALM_ESRF_42 SALM_V2LNSSA_5 WHITE_CCOCE_14 WHITE_MSRPWS_43"
"38","2021_039",10,104,2021-09-26 10:13:45,2023-09-28 14:50:07,46.06739875,-58.8619451923075,"BLUEFIN_DFOBFT_3 BLUEFIN_TAG_61 BLUESH_NSBS_10 HAL_MEHAL_1 SALM_ESRF_31 SALM_ESRF_36 SALM_ESRF_40 SALM_ESRF_42 WHITE_MSRPWS_43 WHITE_NY_14"
"39","2021_040",11,64,2022-04-21 21:23:39,2024-02-22 04:08:14,46.07244359375,-58.8508815625,"BLUEFIN_TAG_60 GSEAL_GSFP_4 HAL_MEHAL_1 SALM_ESRF_21 SALM_ESRF_31 SALM_ESRF_40 SALM_ESRF_42 SALM_V2LCBHNP_6 WHITE_HMSWEA_2 WHITE_MSRPWS_32 WHITE_MSRPWS_43"
"40","2021_041",11,90,2021-10-03 00:26:33,2024-07-30 03:38:28,46.0770484444445,-58.8401684444444,"BLUEFIN_DFOBFT_3 BLUEFIN_TAG_41 HAL_HALIBT_1 MAC_V2LNASTI_1 SALM_ESRF_21 SALM_ESRF_40 SALM_ESRF_42 WHITE_MSRPWS_3 WHITE_MSRPWS_30 WHITE_MSRPWS_32 WHITE_MSRPWS_43"
"41","2021_042",2,15,2021-10-03 00:27:51,2022-07-21 19:13:14,46.08203,-58.82902,"BLUEFIN_TAG_41 WHITE_MSRPWS_30"
"42","2021_043",12,61,2021-11-03 10:32:59,2024-07-15 08:37:48,46.0870213114754,-58.8179034426229,"BLUEFIN_TAG_46 BLUEFIN_TAG_55 HAL_HALIBT_1 SALM_ESRF_31 SALM_ESRF_38 SALM_ESRF_40 SALM_ESRF_46 WHITE_MSRPWS_20 WHITE_MSRPWS_30 WHITE_MSRPWS_36 WHITE_MSRPWS_43 WHITE_MSRPWS_5"
"43","2021_044",10,37,2021-11-03 10:31:21,2024-07-23 18:09:10,46.0916781081081,-58.8069345945946,"BLUEFIN_TAG_46 BLUESH_NSBS_11 SALM_ESRF_38 SALM_ESRF_40 WHITE_CCOCE_15 WHITE_MSRPWS_17 WHITE_MSRPWS_20 WHITE_MSRPWS_36 WHITE_MSRPWS_43 WHITE_MSRPWS_5"
"44","2021_045",8,82,2022-06-16 19:25:13,2024-07-23 18:10:53,46.0967629268293,-58.7963431707316,"BLUEFIN_TAG_46 BLUEFIN_TAG_50 BLUESH_NSBS_11 SALM_ESRF_23 SALM_ESRF_40 SALM_V2LCBHNP_5 WHITE_CCOCE_15 WHITE_MSRPWS_5"
"45","2021_046",11,472,2022-06-16 19:14:37,2025-04-01 11:24:50,46.1016862711861,-58.7853925423731,"BLUEFIN_TAG_46 BLUEFIN_TAG_50 BLUESH_NSBS_11 HAL_HALIBT_2 SALM_ESRF_23 SALM_ESRF_40 SALM_QSLR_1 SALM_V2LCBHNP_6 WHITE_CCOCE_16 WHITE_MSRPWS_12 WHITE_MSRPWS_5"
"46","N1",22,466,2015-06-10 02:14:56,2021-07-18 03:04:46,46.1773207510729,-59.2236031759658,"BLUEFIN_TAG_1 BLUEFIN_TAG_14 BLUEFIN_TAG_3 BLUEFIN_TAG_30 BLUEFIN_TAG_32 BLUEFIN_TAG_4 BLUEFIN_TAG_7 COD_SGS_12 COD_SGS_19 COD_SGS_20 COD_SGS_21 COD_SGS_25 COD_SGS_34 COD_SGS_35 COD_SGS_37 COD_SGS_38 COD_SGS_7 COD_SGS_9 SALM_BDK_1 SALM_BDK_2 WHITE_CCOCE_4 WHITE_MSRPWS_33"
"47","N10",15,231,2015-06-10 06:54:58,2020-11-18 16:29:45,46.211606017316,-59.1180730303031,"BLUEFIN_BFTTAG_4 BLUEFIN_TAG_2 BLUEFIN_TAG_7 BLUESH_NSBS_3 COD_SGS_14 COD_SGS_21 COD_SGS_22 COD_SGS_23 COD_SGS_33 COD_SGS_41 COD_SGS_9 COD_SPI_1 EEL_BDLSPG_3 SALM_BDK_1 SALM_PBU_9"
"48","N11",9,73,2015-06-10 07:42:27,2020-07-07 07:37:17,46.2157523287671,-59.1061971232877,"BLUEFIN_TAG_2 BLUESH_NSBS_2 COD_SGS_14 COD_SGS_22 COD_SGS_5 PORB_JPBS_1 SALM_BDK_1 SALM_PBU_9 WHITE_CCOCE_8"
"49","N12",11,148,2015-08-21 07:45:42,2021-08-01 04:57:20,46.2195009459459,-59.0942891216215,"BLUEFIN_TAG_19 BLUEFIN_TAG_2 BLUESH_NSBS_1 BLUESH_NSBS_2 COD_SGS_11 COD_SGS_21 COD_SGS_9 SALM_PBU_10 WHITE_CCOCE_8 WHITE_MSRPWS_12 WHITE_NY_14"
"50","N13",27,966,2015-08-21 07:54:49,2021-07-29 16:28:18,46.2002134575569,-59.1536598757767,"BLUEFIN_BFTTAG_9 BLUEFIN_TAG_19 BLUEFIN_TAG_2 BLUEFIN_TAG_23 BLUEFIN_TAG_30 BLUESH_MFSAR_6 BLUESH_NSBS_2 COD_SGS_11 COD_SGS_20 COD_SGS_21 COD_SGS_29 COD_SGS_30 COD_SGS_36 COD_SGS_45 COD_SGS_7 COD_SGS_9 SALM_ASF_1 SALM_PBU_1 SALM_PBU_10 SALM_QRPT_1 SALM_QRPT_3 STURG_QSLR_1 WHITE_CCOCE_8 WHITE_CCOCE_9 WHITE_MSRPWS_14 WHITE_NY_14 WHITE_V2LWSAMP_1"
"51","N14",12,459,2016-07-06 14:08:54,2021-07-18 03:34:48,46.1695911111114,-59.2475088888884,"BLUEFIN_BFTTAG_12 BLUEFIN_BFTTAG_3 BLUEFIN_TAG_20 BLUEFIN_TAG_30 COD_SGS_20 COD_SGS_21 COD_SGS_37 COD_SGS_38 COD_SGS_7 COD_SGS_9 CRAB_ZSC_2 SALM_PBU_1"
"52","N15",15,306,2016-07-06 14:43:51,2021-07-18 03:23:35,46.1734121895428,-59.2360301960789,"BLUEFIN_BFTTAG_3 BLUEFIN_BFTTAG_6 BLUEFIN_TAG_11 BLUEFIN_TAG_14 BLUEFIN_TAG_30 BLUEFIN_TAG_6 COD_SGS_19 COD_SGS_21 COD_SGS_25 COD_SGS_35 COD_SGS_37 COD_SGS_38 COD_SGS_7 COD_SGS_9 WHITE_CCOCE_4"
"53","N17",6,50,2016-08-06 00:01:29,2021-06-15 09:21:09,46.2269058,-59.0712372,"BLUESH_MFSAR_6 BLUESH_NSBS_4 COD_SGS_11 COD_SGS_20 COD_SGS_21 SALM_QRPT_1"
"54","N18",8,187,2016-07-27 03:11:25,2020-06-19 18:24:17,46.2309723529412,-59.0589934224599,"BLUESH_NSBS_3 COD_SGS_1 COD_SGS_11 COD_SGS_20 COD_SGS_21 COD_SGS_44 SALM_ASF_2 SALM_TNGS_1"
"55","N19",11,127,2016-07-27 03:49:04,2021-06-03 19:54:39,46.2342877165354,-59.0474017322835,"BLUEFIN_TAG_12 BLUESH_NSBS_2 BLUESH_NSBS_3 COD_SGS_1 COD_SGS_20 COD_SGS_21 COD_SGS_25 SALM_ASF_2 SALM_ESRF_16 SALM_MARSS_103 WHITE_CCOCE_6"
"56","N2",14,217,2015-06-10 02:20:22,2019-10-20 12:04:00,46.1812410599078,-59.2119099539171,"BLUEFIN_BFTTAG_13 BLUEFIN_TAG_4 BLUEFIN_TAG_7 BLUESH_MFSAR_1 BLUESH_MFSAR_2 BLUESH_NSBS_2 COD_SGS_25 COD_SGS_32 COD_SGS_37 COD_SGS_41 COD_SGS_7 COD_SGS_9 SALM_BDK_1 SALM_BDK_2"
"57","N20",11,128,2016-08-11 05:19:39,2021-07-24 15:13:36,46.2384125,-59.0359945312501,"BLUEFIN_TAG_24 BLUEFIN_TAG_28 BLUESH_MFSAR_2 BLUESH_NSBS_3 COD_SGS_21 COD_SPI_2 PORB_JPBS_2 SALM_ASF_2 SALM_ESRF_9 SALM_PBU_11 WHITE_CCOCE_6"
"58","N21",12,200,2016-10-02 01:23:22,2021-07-24 15:21:50,46.2424019000003,-59.0237359000001,"BLUEFIN_TAG_25 BLUEFIN_TAG_26 BLUEFIN_TAG_28 BLUESH_MFSAR_2 COD_SGS_21 COD_SGS_3 COD_SGS_45 COD_SGS_8 EEL_BQEEL_1 PORB_JPBS_4 SALM_MARSS_101 WHITE_MSRPWS_2"
"59","N22",4,28,2017-06-07 07:25:24,2019-09-23 12:47:55,46.2465957142857,-59.0120753571429,"BLUEFIN_TAG_26 EEL_BQEEL_1 SALM_MARSS_101 SALM_PBU_12"
"60","N23",9,260,2017-06-10 20:00:36,2021-07-18 04:04:21,46.1616778076923,-59.2711725769233,"BLUEFIN_TAG_13 BLUEFIN_TAG_17 BLUEFIN_TAG_30 COD_SGS_21 COD_SGS_7 STURG_QSLR_1 WHITE_MSRPWS_14 WHITE_MSRPWS_7 WHITE_V2LWSAMP_1"
"61","N3",11,279,2015-06-10 03:00:53,2020-11-20 12:51:17,46.1841454838711,-59.2004729032259,"BLUEFIN_TAG_10 BLUEFIN_TAG_7 BLUESH_MFSAR_1 BLUESH_MFSAR_2 BLUESH_NSBS_2 COD_SGS_14 COD_SGS_20 COD_SGS_21 COD_SGS_9 SALM_BDK_1 WHITE_CCOCE_2"
"62","N4",12,106,2015-06-10 03:51:09,2021-06-15 20:29:10,46.1890466981132,-59.1881770754717,"BLUEFIN_TAG_11 BLUEFIN_TAG_2 BLUEFIN_TAG_7 BLUESH_MFSAR_2 COD_SGS_11 COD_SGS_21 COD_SGS_9 SALM_BDK_1 SALM_ESRF_17 WHITE_CCOCE_2 WHITE_MSRPWS_31 WHITE_MSRPWS_37"
"63","N5",12,154,2015-06-10 04:20:02,2020-11-20 12:31:22,46.1925420129872,-59.1766761038962,"BLUEFIN_TAG_2 BLUEFIN_TAG_7 BLUEFIN_TAG_9 BLUESH_MFSAR_2 COD_SGS_20 COD_SGS_21 COD_SGS_24 COD_SGS_38 COD_SGS_9 SALM_BDK_1 WHITE_CCOCE_2 WHITE_MSRPWS_31"
"64","N6",12,268,2015-06-10 04:50:56,2020-11-20 12:21:55,46.1965967910449,-59.1646832089553,"BLUEFIN_TAG_2 BLUEFIN_TAG_7 BLUEFIN_TAG_9 BLUESH_MFSAR_2 BLUESH_MFSAR_6 COD_SGS_20 COD_SGS_21 COD_SGS_38 EEL_BQEEL_2 SALM_BDK_1 WHITE_CCOCE_2 WHITE_MSRPWS_33"
"65","N7",13,459,2015-06-10 05:24:42,2021-06-12 13:32:03,46.2003244444443,-59.1532547494557,"BLUEFIN_BFTTAG_1 BLUESH_MFSAR_2 BLUESH_MFSAR_6 BLUESH_NSBS_2 COD_SGS_20 COD_SGS_21 COD_SGS_40 COD_SGS_9 COD_SPI_1 SALM_BDK_1 SALM_ESRF_3 SALM_TNGS_1 WHITE_CCOCE_2"
"66","N8",12,414,2015-06-10 05:56:02,2020-11-20 12:46:37,46.2039218840581,-59.1414146376813,"BLUEFIN_TAG_2 BLUESH_MFSAR_2 BLUESH_NSBS_3 COD_SGS_20 COD_SGS_21 COD_SGS_33 COD_SGS_41 COD_SGS_9 COD_SPI_1 CRAB_ZSC_2 SALM_BDK_1 WHITE_CCOCE_2"
"67","N9",15,222,2015-06-10 06:21:30,2019-11-25 07:47:06,46.2079377927928,-59.1301640990991,"BLUEFIN_BFTTAG_10 BLUEFIN_BFTTAG_9 BLUEFIN_TAG_2 BLUESH_MFSAR_2 BLUESH_NSBS_1 BLUESH_NSBS_3 COD_SGS_12 COD_SGS_14 COD_SGS_21 COD_SGS_23 COD_SGS_33 COD_SGS_9 COD_SPI_1 EEL_BDLSPG_3 SALM_BDK_1"
"68","S1",17,212,2015-08-19 11:01:49,2021-06-22 05:53:02,46.0217821698113,-59.0337486320757,"BLUEFIN_TAG_1 BLUEFIN_TAG_6 BLUESH_MFSAR_5 BLUESH_NSBS_1 BLUESH_NSBS_2 COD_SGS_10 COD_SGS_16 LHBACK_LBTPCR_1 PORB_JPBS_4 SALM_BDK_2 SALM_ESRF_15 SALM_PBU_15 SALM_PBU_16 SALM_PBU_17 SALM_QRPT_2 WHITE_CCOCE_8 WHITE_MSRPWS_2"
"69","S10",15,187,2015-06-19 12:00:45,2021-06-13 13:15:21,46.0216522994652,-58.9172277005346,"BLUEFIN_BFTTAG_1 BLUEFIN_TAG_2 BLUESH_NSBS_1 BLUESH_NSBS_3 BLUESH_NSBS_6 COD_SGS_1 COD_SGS_17 EEL_BDLSPG_3 PORB_JPBS_1 SALM_PBN_5 SALM_PBU_20 SALM_PBU_21 SALM_TNGS_2 SALM_V2LNSSA_3 WHITE_MSRPWS_13"
"70","S11",13,103,2015-06-19 12:11:24,2019-09-23 16:14:37,46.0224201941747,-58.9037865048544,"BLUEFIN_BFTTAG_1 BLUEFIN_TAG_1 BLUEFIN_TAG_14 BLUEFIN_TAG_2 BLUEFIN_TAG_26 BLUESH_NSBS_6 COD_SGS_1 COD_SGS_17 COD_SGS_4 COD_SGS_45 SALM_PBN_5 SALM_PBU_18 WHITE_MSRPWS_13"
"71","S12",15,265,2015-06-19 09:32:49,2019-06-19 01:47:42,46.0220764528301,-58.8911098867924,"BLUEFIN_TAG_14 BLUEFIN_TAG_4 BLUESH_NSBS_3 BLUESH_NSBS_6 COD_SGS_1 COD_SGS_17 COD_SGS_25 COD_SGS_36 COD_SGS_45 COD_SGS_9 PORB_JPBS_2 SALM_MARSS_102 SALM_PBN_6 SALM_V2LNSSA_7 WHITE_MSRPWS_16"
"72","S13",13,147,2015-06-19 10:01:44,2021-06-14 16:27:35,46.0217610204081,-58.8780648299319,"BLUEFIN_BFTTAG_13 BLUEFIN_TAG_11 BLUEFIN_TAG_4 BLUESH_MFSAR_6 BLUESH_NSBS_3 COD_SGS_17 COD_SGS_9 SALM_ESRF_4 SALM_MARSS_104 SALM_PBN_6 SALM_PBU_22 WHITE_MSRPWS_13 WHITE_MSRPWS_16"
"73","S14",16,1284,2016-06-13 09:44:02,2021-06-18 12:54:32,46.0216494236768,-59.0984821806845,"BLUEFIN_TAG_32 COD_SGS_13 COD_SGS_15 COD_SGS_17 COD_SGS_24 COD_SGS_27 COD_SGS_39 COD_SGS_4 COD_SGS_40 COD_SGS_43 COD_SGS_44 COD_SGS_7 SALM_ESRF_11 SALM_ESRF_13 SALM_PBU_13 SALM_QRPT_2"
"74","S15",19,2599,2016-06-17 00:13:00,2021-06-18 13:19:47,46.0216567833793,-59.0852207195076,"BLUEFIN_BFTTAG_5 COD_SGS_11 COD_SGS_13 COD_SGS_17 COD_SGS_18 COD_SGS_27 COD_SGS_32 COD_SGS_4 COD_SGS_43 COD_SGS_6 COD_SGS_7 CRAB_ZSC_1 SALM_ESRF_1 SALM_ESRF_11 SALM_ESRF_13 SALM_PBU_11 SALM_PBU_14 SALM_QRPT_2 WHITE_MSRPWS_25"
"75","S16",15,1501,2016-06-18 21:02:27,2021-06-18 13:37:11,46.0218315856105,-59.072737135245,"BLUEFIN_BFTTAG_2 BLUESH_MFSAR_5 BLUESH_NSBS_1 COD_SGS_17 COD_SGS_22 COD_SGS_32 COD_SGS_34 COD_SGS_4 COD_SGS_43 COD_SGS_6 COD_SGS_7 SALM_ESRF_13 SALM_ESRF_15 SALM_QRPT_2 WHITE_MSRPWS_7"
"76","S17",17,1140,2016-06-16 08:33:12,2021-07-17 22:53:15,46.0217340175442,-59.0594905614035,"BLUEFIN_BFTTAG_7 BLUEFIN_TAG_30 BLUESH_MFSAR_5 COD_SGS_1 COD_SGS_17 COD_SGS_22 COD_SGS_27 COD_SGS_32 COD_SGS_4 COD_SGS_43 COD_SGS_44 COD_SGS_9 PORB_JPBS_4 SALM_ESRF_15 SALM_NARR_1 SALM_QRPT_2 WHITE_MSRPWS_7"
"77","S18",19,499,2016-06-17 07:25:14,2021-07-17 23:00:58,46.0216584769538,-59.0470035270543,"BLUEFIN_TAG_30 BLUESH_MFSAR_5 COD_SGS_1 COD_SGS_17 COD_SGS_2 COD_SGS_22 COD_SGS_27 COD_SGS_4 COD_SGS_43 COD_SGS_44 COD_SGS_45 COD_SGS_7 LHBACK_LBTPCR_1 PORB_JPBS_4 SALM_ASF_2 SALM_ESRF_13 SALM_ESRF_15 WHITE_CCOCE_8 WHITE_MSRPWS_7"
"78","S19",12,236,2016-06-22 00:05:59,2020-09-09 20:04:09,46.0217368644067,-58.8646719491525,"BLUEFIN_BFTTAG_10 BLUEFIN_TAG_11 BLUESH_MFSAR_6 COD_SGS_1 COD_SGS_10 COD_SGS_17 COD_SGS_31 COD_SGS_43 COD_SGS_9 EEL_BQEEL_1 SALM_PBU_22 WHITE_CCOCE_1"
"79","S2",14,160,2015-06-18 22:27:04,2021-06-13 07:19:22,46.0217242499999,-59.0199259374999,"BLUEFIN_TAG_11 BLUEFIN_TAG_6 BLUESH_NSBS_3 BLUESH_NSBS_5 COD_SGS_4 COD_SGS_43 COD_SGS_44 COD_SGS_45 PORB_JPBS_4 SALM_ESRF_15 SALM_MARSS_105 SALM_PBN_3 WHITE_MSRPWS_10 WHITE_MSRPWS_37"
"80","S20",11,678,2016-07-02 20:29:53,2021-06-14 20:03:19,46.021635914454,-58.8518733628312,"BLUESH_NSBS_7 COD_SGS_1 COD_SGS_31 COD_SGS_43 COD_SGS_44 COD_SGS_9 EEL_BQEEL_1 SALM_ESRF_6 SALM_PBU_20 SALM_PBU_23 WHITE_CCOCE_1"
"81","S21",8,433,2016-07-02 19:47:30,2021-06-12 21:13:45,46.0217965127016,-58.8395618475753,"BLUEFIN_TAG_8 BLUESH_NSBS_1 BLUESH_NSBS_7 COD_SGS_1 COD_SGS_31 COD_SGS_44 SALM_PBU_3 SALM_V2LNSSA_2"
"82","S22",9,393,2016-07-02 19:08:42,2019-10-08 07:46:53,46.0219909414761,-58.8260958269718,"BLUEFIN_TAG_20 BLUEFIN_TAG_27 BLUESH_NSBS_1 BLUESH_NSBS_7 COD_SGS_1 COD_SGS_28 COD_SGS_31 SALM_PBU_24 SALM_PBU_25"
"83","S23",9,555,2016-08-17 01:43:54,2019-10-08 07:38:01,46.0220495135133,-58.8129980900895,"BLUEFIN_TAG_20 BLUEFIN_TAG_27 BLUESH_NSBS_1 COD_SGS_11 COD_SGS_28 COD_SGS_31 COD_SGS_9 SALM_NARR_2 SALM_PBU_24"
"84","S3",20,512,2015-06-18 22:47:11,2021-06-13 08:07:27,46.0218397070314,-59.0076991406253,"BLUEFIN_BFTTAG_13 BLUEFIN_TAG_11 BLUEFIN_TAG_2 BLUEFIN_TAG_35 BLUESH_MFSAR_5 BLUESH_NSBS_3 COD_SGS_26 COD_SGS_4 COD_SGS_42 COD_SGS_43 COD_SGS_44 COD_SGS_45 PORB_JPBS_4 SALM_ESRF_10 SALM_ESRF_15 SALM_ESRF_19 SALM_PBN_3 SALM_PBU_18 WHITE_MSRPWS_10 WHITE_MSRPWS_37"
"85","S4",14,88,2015-06-18 22:58:37,2021-07-31 22:20:31,46.0219072727273,-58.9949264772727,"BLUEFIN_TAG_18 BLUEFIN_TAG_35 BLUESH_MFSAR_5 COD_SGS_11 COD_SGS_17 COD_SGS_45 PORB_JPBS_4 SALM_ESRF_13 SALM_ESRF_15 SALM_ESRF_8 SALM_PBN_3 SALM_PBU_18 WHITE_MSRPWS_10 WHITE_MSRPWS_26"
"86","S5",12,176,2015-06-18 23:18:02,2021-07-31 22:31:09,46.0218722159091,-58.9820525568182,"BLUEFIN_BFTTAG_14 BLUEFIN_TAG_18 COD_SGS_16 EEL_BDLSPG_2 SALM_ESRF_15 SALM_ESRF_2 SALM_ESRF_7 SALM_PBN_3 SALM_PBU_18 SALM_PBU_19 SALM_PBU_2 WHITE_MSRPWS_26"
"87","S6",11,82,2015-06-18 23:34:54,2021-06-15 04:13:06,46.0217554878049,-58.9691136585366,"BLUEFIN_TAG_4 BLUESH_MFSAR_5 COD_SGS_1 COD_SGS_10 COD_SGS_16 EEL_BDLSPG_2 LHBACK_LBTPCR_1 SALM_ESRF_15 SALM_ESRF_2 SALM_ESRF_7 SALM_PBN_3"
"88","S7",13,80,2015-06-16 15:56:26,2021-06-15 04:27:53,46.021813375,-58.9560386250001,"BLUEFIN_TAG_10 BLUEFIN_TAG_29 BLUEFIN_TAG_4 BLUESH_NSBS_6 COD_SGS_1 LHBACK_LBTPCR_1 PORB_JPBS_1 PORB_JPBS_3 SALM_ESRF_2 SALM_ESRF_5 SALM_KNE_1 SALM_PBN_2 WHITE_MSRPWS_10"
"89","S8",16,132,2015-06-15 20:25:16,2021-06-15 04:45:23,46.0218387878787,-58.9429490909091,"BLUEFIN_TAG_2 BLUESH_NSBS_6 COD_SGS_1 COD_SGS_17 COD_SGS_22 COD_SGS_9 PORB_JPBS_1 PORB_JPBS_3 SALM_ESRF_2 SALM_ESRF_5 SALM_PBN_1 SALM_PBN_2 SALM_PBN_4 WHITE_CCOCE_7 WHITE_MSRPWS_10 WHITE_MSRPWS_13"
"90","S9",12,90,2015-06-15 20:34:39,2021-06-14 04:26:17,46.0220081111111,-58.9299448888889,"BLUEFIN_TAG_1 BLUEFIN_TAG_2 BLUESH_NSBS_6 COD_SGS_1 COD_SGS_17 PORB_JPBS_3 SALM_ESRF_18 SALM_PBN_1 SALM_PBU_20 SALM_V2LNSSA_1 WHITE_CCOCE_7 WHITE_MSRPWS_13"
