"","station","deploy_date_time","recover_date_time","deploy_lat","deploy_long","glatos_array"
"1","N1",2015-05-11,2016-04-17 18:12:00,46.17733,-59.22367,"SABMPA"
"2","N10",2015-05-11,2016-04-17 16:25:00,46.21183,-59.11783,"SABMPA"
"3","N11",2015-05-11,2016-04-17 16:15:00,46.21567,-59.10617,"SABMPA"
"4","N12",2015-05-11,2016-04-17 16:06:00,46.2195,-59.09433,"SABMPA"
"5","N13",2015-05-11,2016-04-17 16:32:00,46.22333,-59.08267,"SABMPA"
"6","N2",2015-05-11,2016-04-17 18:05:00,46.18117,-59.21183,"SABMPA"
"7","N3",2015-05-11,2016-04-17 17:53:00,46.185,-59.20017,"SABMPA"
"8","N4",2015-05-11,2016-04-17 17:37:00,46.18883,-59.18833,"SABMPA"
"9","N5",2015-05-11,2016-04-17 17:15:00,46.19267,-59.17667,"SABMPA"
"10","N6",2015-05-11,2016-04-17 17:05:00,46.1965,-59.16483,"SABMPA"
"11","N7",2015-05-11,2016-04-17 16:55:15,46.20033,-59.15317,"SABMPA"
"12","N8",2015-05-11,2016-04-17 16:40:00,46.20417,-59.14133,"SABMPA"
"13","N9",2015-05-11,2016-04-17 16:37:00,46.208,-59.12967,"SABMPA"
"14","S1",2015-05-11,2016-04-17 10:30:00,46.02183,-59.03367,"SABMPA"
"15","S10",2015-05-11,2016-04-17 12:25:00,46.02183,-58.917,"SABMPA"
"16","S11",2015-05-11,2016-04-17 12:36:00,46.02183,-58.90417,"SABMPA"
"17","S12",2015-05-11,2016-04-17 12:47:00,46.02183,-58.89117,"SABMPA"
"18","S13",2015-05-11,2016-04-17 13:02:00,46.02183,-58.87817,"SABMPA"
"19","S2",2015-05-11,2016-04-17 10:52:00,46.02183,-59.02067,"SABMPA"
"20","S3",2015-05-11,2016-04-17 11:05:00,46.02183,-59.00783,"SABMPA"
"21","S4",2015-05-11,2016-04-17 11:10:00,46.02183,-58.99483,"SABMPA"
"22","S5",2015-05-11,2016-04-17 11:15:00,46.02183,-58.98183,"SABMPA"
"23","S6",2015-05-11,2016-04-17 11:30:00,46.02183,-58.96883,"SABMPA"
"24","S7",2015-05-11,2016-04-17 11:52:00,46.02183,-58.956,"SABMPA"
"25","S8",2015-05-11,2016-04-17 12:04:00,46.02183,-58.943,"SABMPA"
"26","S9",2015-05-11,2016-04-17 12:15:00,46.02183,-58.93,"SABMPA"
"27","S14",2016-04-17 09:59:00,2017-05-05 08:21:36,46.02165,-59.0985,"SABMPA"
"28","S15",2016-04-17 10:04:36,2017-05-05 08:32:34,46.021665,-59.08521,"SABMPA"
"29","S16",2016-04-17 10:09:40,2017-05-05 08:46:02,46.02184,-59.0727367,"SABMPA"
"30","S17",2016-04-17 10:14:32,2017-05-05 08:59:38,46.021775,-59.0594683,"SABMPA"
"31","S18",2016-04-17 10:19:52,2017-05-05 09:11:08,46.021835,-59.0470217,"SABMPA"
"32","S1",2016-04-17 10:25:07,2017-05-05 09:24:15,46.0217533,-59.034,"SABMPA"
"33","S2",2016-04-17 10:47:46,2017-05-05 09:38:17,46.0217517,-59.0196017,"SABMPA"
"34","S3",2016-04-17 11:00:03,2017-05-05 09:49:32,46.0218417,-59.0077333,"SABMPA"
"35","S4",2016-04-17 11:05:45,2017-05-05 10:02:07,46.0221667,-58.9950333,"SABMPA"
"36","S5",2016-04-17 11:17:36,2017-05-05 10:12:10,46.0219883,-58.9821033,"SABMPA"
"37","S6",2016-04-17 11:29:19,2017-05-05 10:21:33,46.0217067,-58.9693883,"SABMPA"
"38","S7",2016-04-17 11:47:42,2017-05-05 10:32:23,46.02181,-58.9558467,"SABMPA"
"39","S8",2016-04-17 11:59:56,2017-05-05 10:41:39,46.0218767,-58.942495,"SABMPA"
"40","S9",2016-04-17 12:11:01,2017-05-05 10:50:29,46.0221683,-58.9298167,"SABMPA"
"41","S10",2016-04-17 12:21:47,2017-05-05 11:00:44,46.021515,-58.9173083,"SABMPA"
"42","S11",2016-04-17 12:31:24,2017-05-05 11:10:08,46.0229433,-58.9034167,"SABMPA"
"43","S12",2016-04-17 12:43:27,2017-05-05 11:19:30,46.0222267,-58.8909633,"SABMPA"
"44","S13",2016-04-17 12:58:50,2017-05-05 11:28:53,46.0219567,-58.8777333,"SABMPA"
"45","S19",2016-04-17 13:11:19,2017-05-05 11:38:36,46.0217517,-58.8646533,"SABMPA"
"46","S21",2016-04-17 13:19:44,2017-05-05 12:01:18,46.021775,-58.8395633,"SABMPA"
"47","S22",2016-04-17 13:34:51,2017-05-05 12:10:19,46.0220217,-58.8260633,"SABMPA"
"48","S23",2016-04-17 13:40:16,2017-05-05 12:18:36,46.0220817,-58.8129933,"SABMPA"
"49","N21",2016-04-17 15:31:45,2017-05-05 14:18:47,46.2427133,-59.0237817,"SABMPA"
"50","N20",2016-04-17 15:36:19,2017-05-05 14:27:45,46.2385067,-59.0359533,"SABMPA"
"51","N19",2016-04-17 15:40:12,2017-05-05 14:36:40,46.2342133,-59.0474983,"SABMPA"
"52","N18",2016-04-17 15:44:02,2017-05-05 14:47:12,46.2311183,-59.05933,"SABMPA"
"53","N17",2016-04-17 15:48:32,2017-05-05 14:56:12,46.22687,-59.0712533,"SABMPA"
"54","N13",2016-04-17 15:52:07,2017-05-05 15:04:28,46.2236,-59.0823217,"SABMPA"
"55","N12",2016-04-17 16:03:46,2017-05-05 15:14:02,46.219645,-59.09437,"SABMPA"
"56","N11",2016-04-17 16:13:30,2017-05-05 15:21:53,46.2159367,-59.106225,"SABMPA"
"57","N10",2016-04-17 16:22:05,2017-05-05 15:30:50,46.2115167,-59.1180767,"SABMPA"
"58","N9",2016-04-17 16:32:45,2017-05-05 15:39:56,46.2079083,-59.1304183,"SABMPA"
"59","N8",2016-04-17 16:42:12,2017-05-05 15:48:59,46.203695,-59.1413333,"SABMPA"
"60","N7",2016-04-17 16:50:15,2017-05-05 15:57:27,46.2003167,-59.15317,"SABMPA"
"61","N6",2016-04-17 16:59:18,2017-05-05 16:08:28,46.19661,-59.1646483,"SABMPA"
"62","N5",2016-04-17 17:10:48,2017-05-05 16:16:42,46.1924583,-59.1766633,"SABMPA"
"63","N4",2016-04-17 17:32:51,2017-05-05 16:24:56,46.18923,-59.188285,"SABMPA"
"64","N3",2016-04-17 17:48:04,2017-05-05 16:34:27,46.1840083,-59.2005267,"SABMPA"
"65","N2",2016-04-17 18:01:04,2017-05-05 16:42:42,46.1812317,-59.2119417,"SABMPA"
"66","N1",2016-04-17 18:10:00,2017-05-05 16:52:00,46.17732,-59.2236383,"SABMPA"
"67","N15",2016-04-17 18:19:50,2017-05-05 17:00:52,46.1734283,-59.236135,"SABMPA"
"68","N14",2016-04-17 18:24:09,2017-05-05 17:11:03,46.1697033,-59.247575,"SABMPA"
"69","N13",2016-04-17 18:28:37,2017-05-05 17:22:28,46.1655733,-59.2590933,"SABMPA"
"70","S20",2016-04-17 20:41:45,2017-05-05 11:48:50,46.021635,-58.8518467,"SABMPA"
"71","S14",2017-05-05 08:21:36,2018-06-10 07:50:24,46.0217467,-59.0979733,"SABMPA"
"72","S15",2017-05-05 08:32:34,2018-06-10 07:57:51,46.0212983,-59.0849783,"SABMPA"
"73","S16",2017-05-05 08:46:02,2018-06-10 08:17:11,46.0214783,-59.0718867,"SABMPA"
"74","S17",2017-05-05 08:59:38,2018-06-10 08:26:02,46.0214883,-59.0597483,"SABMPA"
"75","S18",2017-05-05 09:11:08,2018-06-10 08:37:48,46.0210717,-59.0471433,"SABMPA"
"76","S1",2017-05-05 09:24:15,2018-06-10 08:49:56,46.0217633,-59.0339,"SABMPA"
"77","S2",2017-05-05 09:38:17,2018-06-10 08:59:22,46.0215817,-59.0212517,"SABMPA"
"78","S3",2017-05-05 09:49:32,2018-06-10 09:12:20,46.0219467,-59.0078067,"SABMPA"
"79","S4",2017-05-05 10:02:07,2018-06-10 09:20:57,46.0217433,-58.9951117,"SABMPA"
"80","S5",2017-05-05 10:12:10,2018-06-10 09:30:05,46.0218,-58.9823183,"SABMPA"
"81","S6",2017-05-05 10:21:33,2018-06-10 09:38:55,46.021765,-58.9691933,"SABMPA"
"82","S7",2017-05-05 10:32:23,2018-06-10 09:48:45,46.0217517,-58.9559967,"SABMPA"
"83","S8",2017-05-05 10:41:39,2018-06-10 09:57:27,46.0218517,-58.9432033,"SABMPA"
"84","S9",2017-05-05 10:50:29,2018-06-10 10:06:28,46.0218583,-58.93022,"SABMPA"
"85","S10",2017-05-05 11:00:44,2018-06-10 10:15:09,46.02195,-58.91744,"SABMPA"
"86","S11",2017-05-05 11:10:08,2018-06-10 10:23:50,46.021975,-58.9041383,"SABMPA"
"87","S12",2017-05-05 11:19:30,2018-06-10 10:33:46,46.02181,-58.8914383,"SABMPA"
"88","S13",2017-05-05 11:28:53,2018-06-10 10:42:29,46.0216867,-58.8781117,"SABMPA"
"89","S19",2017-05-05 11:38:36,2018-06-10 10:51:26,46.02147,-58.864935,"SABMPA"
"90","S20",2017-05-05 11:48:50,2018-06-10 10:59:47,46.0216117,-58.8520883,"SABMPA"
"91","S21",2017-05-05 12:01:18,2018-06-10 11:07:54,46.0220317,-58.8395933,"SABMPA"
"92","S22",2017-05-05 12:10:19,2018-06-10 11:17:23,46.0218483,-58.8264917,"SABMPA"
"93","S23",2017-05-05 12:18:36,2018-06-10 11:25:52,46.0217517,-58.81311,"SABMPA"
"94","N22",2017-05-05 14:14:32,2018-06-10 13:17:54,46.2465883,-59.0120083,"SABMPA"
"95","N21",2017-05-05 14:18:47,2018-06-10 13:26:32,46.2419083,-59.02366,"SABMPA"
"96","N20",2017-05-05 14:27:45,2018-06-10 13:35:45,46.2383633,-59.0360267,"SABMPA"
"97","N19",2017-05-05 14:36:40,2018-06-10 13:44:42,46.2343883,-59.0472717,"SABMPA"
"98","N18",2017-05-05 14:47:12,2018-06-10 13:54:05,46.230845,-59.0587067,"SABMPA"
"99","N17",2017-05-05 14:56:12,2018-06-10 14:03:11,46.2269667,-59.0710983,"SABMPA"
"100","N13",2017-05-05 15:04:28,2018-06-10 14:10:56,46.2235067,-59.0826333,"SABMPA"
"101","N12",2017-05-05 15:14:02,2018-06-10 14:19:33,46.2194033,-59.094255,"SABMPA"
"102","N11",2017-05-05 15:21:53,2018-06-10 14:28:47,46.2158183,-59.1062267,"SABMPA"
"103","N10",2017-05-05 15:30:50,2018-06-10 14:38:20,46.211525,-59.1181867,"SABMPA"
"104","N9",2017-05-05 15:39:56,2018-06-10 14:46:45,46.207945,-59.1299567,"SABMPA"
"105","N8",2017-05-05 15:48:59,2018-06-10 14:55:18,46.20403,-59.141355,"SABMPA"
"106","N7",2017-05-05 15:57:27,2018-06-10 15:03:29,46.2003583,-59.1534483,"SABMPA"
"107","N6",2017-05-05 16:08:28,2018-06-10 15:11:15,46.19662,-59.1646717,"SABMPA"
"108","N5",2017-05-05 16:16:42,2018-06-10 15:22:17,46.1925033,-59.1767317,"SABMPA"
"109","N4",2017-05-05 16:24:56,2018-06-10 15:30:00,46.1890517,-59.18804,"SABMPA"
"110","N3",2017-05-05 16:34:27,2018-06-10 15:40:10,46.1838233,-59.2002433,"SABMPA"
"111","N2",2017-05-05 16:42:42,2018-06-10 15:48:37,46.1814467,-59.21199,"SABMPA"
"112","N1",2017-05-05 16:52:00,2018-06-10 15:58:09,46.1773633,-59.2234933,"SABMPA"
"113","N15",2017-05-05 17:00:52,2018-06-10 16:07:00,46.1734883,-59.2354467,"SABMPA"
"114","N14",2017-05-05 17:11:03,2018-06-10 16:14:57,46.1697233,-59.2473633,"SABMPA"
"115","N13",2017-05-05 17:22:28,2018-06-10 16:22:56,46.16585,-59.2587933,"SABMPA"
"116","N23",2017-05-05 17:27:52,2018-06-10 16:33:48,46.1617521,-59.271142,"SABMPA"
"117","S14",2018-06-10 07:50:24,2019-08-07 08:30:00,46.02183,-59.09836,"SABMPA"
"118","S15",2018-06-10 07:57:51,2019-08-07 08:46:00,46.02143,-59.08513,"SABMPA"
"119","S16",2018-06-10 08:17:11,2019-08-07 08:58:00,46.02125,-59.07238,"SABMPA"
"120","S17",2018-06-10 08:26:02,2019-08-07 09:08:00,46.02141,-59.05982,"SABMPA"
"121","S18",2018-06-10 08:37:48,2019-08-07 09:18:00,46.02091,-59.04642,"SABMPA"
"122","S1",2018-06-10 08:49:56,2019-08-07 09:28:00,46.02219,-59.03353,"SABMPA"
"123","S2",2018-06-10 08:59:22,2019-08-07 09:37:00,46.02177,-59.02082,"SABMPA"
"124","S3",2018-06-10 09:12:20,2019-08-07 09:45:00,46.02186,-59.0051,"SABMPA"
"125","S4",2018-06-10 09:20:57,2019-08-07 09:55:00,46.02182,-58.99478,"SABMPA"
"126","S5",2018-06-10 09:30:05,2019-08-07 10:07:00,46.02162,-58.98206,"SABMPA"
"127","S6",2018-06-10 09:38:55,2019-08-07 10:17:00,46.02176,-58.96889,"SABMPA"
"128","S7",2018-06-10 09:48:45,2019-08-07 10:24:00,46.02178,-58.95601,"SABMPA"
"129","S8",2018-06-10 09:57:27,2019-08-07 10:33:00,46.02188,-58.94312,"SABMPA"
"130","S9",2018-06-10 10:06:28,2019-08-07 10:41:00,46.02174,-58.93012,"SABMPA"
"131","S10",2018-06-10 10:15:09,2019-08-07 10:49:00,46.02187,-58.91715,"SABMPA"
"132","S11",2018-06-10 10:23:50,2019-08-07 10:58:00,46.02196,-58.90423,"SABMPA"
"133","S12",2018-06-10 10:33:46,2019-08-07 11:06:00,46.0218,-58.89138,"SABMPA"
"134","S13",2018-06-10 10:42:29,2019-08-07 11:15:00,46.02168,-58.87804,"SABMPA"
"135","S19",2018-06-10 10:51:26,2019-08-07 11:23:00,46.02167,-58.8648,"SABMPA"
"136","S20",2018-06-10 10:59:47,2019-08-07 11:32:00,46.02151,-58.85219,"SABMPA"
"137","S21",2018-06-10 11:07:54,2019-08-07 11:40:00,46.02188,-58.83954,"SABMPA"
"138","S22",2018-06-10 11:17:23,2019-08-07 11:48:00,46.02174,-58.82628,"SABMPA"
"139","S23",2018-06-10 11:25:52,2019-08-07 11:58:00,46.02181,-58.813,"SABMPA"
"140","N22",2018-06-10 13:17:54,2019-08-07 13:56:00,46.24664,-59.01222,"SABMPA"
"141","N21",2018-06-10 13:26:32,2019-08-07 14:03:00,46.24223,-59.02358,"SABMPA"
"142","N20",2018-06-10 13:35:45,2019-08-07 14:11:00,46.23842,-59.03594,"SABMPA"
"143","N19",2018-06-10 13:44:42,2019-08-07 14:19:00,46.23446,-59.04725,"SABMPA"
"144","N18",2018-06-10 13:54:05,2019-08-07 14:28:00,46.23071,-59.05889,"SABMPA"
"145","N17",2018-06-10 14:03:11,2019-08-07 14:37:00,46.22689,-59.07148,"SABMPA"
"146","N13",2018-06-10 14:10:56,2019-08-07 14:45:00,46.22347,-59.08268,"SABMPA"
"147","N12",2018-06-10 14:19:33,2019-08-07 14:52:00,46.21945,-59.09393,"SABMPA"
"148","N11",2018-06-10 14:28:47,2019-08-07 15:00:00,46.21575,-59.10623,"SABMPA"
"149","N10",2018-06-10 14:38:20,2019-08-07 15:08:00,46.2114,-59.11822,"SABMPA"
"150","N9",2018-06-10 14:46:45,2019-08-07 15:15:00,46.20791,-59.12985,"SABMPA"
"151","N8",2018-06-10 14:55:18,2019-08-07 15:23:00,46.20397,-59.14154,"SABMPA"
"152","N7",2018-06-10 15:03:29,2019-08-07 15:31:00,46.20018,-59.15327,"SABMPA"
"153","N6",2018-06-10 15:11:15,2019-08-07 15:38:00,46.19661,-59.16482,"SABMPA"
"154","N5",2018-06-10 15:22:17,2019-08-07 15:46:00,46.1926,-59.17672,"SABMPA"
"155","N4",2018-06-10 15:30:00,2019-08-07 15:55:00,46.18883,-59.18826,"SABMPA"
"156","N3",2018-06-10 15:40:10,2019-08-07 16:04:00,46.18363,-59.20034,"SABMPA"
"157","N2",2018-06-10 15:48:37,2019-08-07 16:12:00,46.18099,-59.21217,"SABMPA"
"158","N1",2018-06-10 15:58:09,2019-08-07 16:22:00,46.17711,-59.22334,"SABMPA"
"159","N15",2018-06-10 16:07:00,2019-08-07 16:34:00,46.17312,-59.23566,"SABMPA"
"160","N14",2018-06-10 16:14:57,2019-08-07 16:42:00,46.16934,-59.24744,"SABMPA"
"161","N13",2018-06-10 16:22:56,2019-08-07 16:50:00,46.16548,-59.25893,"SABMPA"
"162","N23",2018-06-10 16:33:48,2019-08-07 16:59:00,46.161,-59.27147,"SABMPA"
"163","S14",2019-08-07 08:27:00,2026-03-06 04:58:16.454189,46.02117,-59.0982,"SABMPA"
"164","S15",2019-08-07 08:38:00,2020-08-22 09:46:00,46.02146,-59.08555,"SABMPA"
"165","S16",2019-08-07 08:51:00,2020-08-22 10:20:00,46.02145,-59.07284,"SABMPA"
"166","S17",2019-08-07 09:05:00,2020-08-22 10:31:00,46.0213,-59.05939,"SABMPA"
"167","S18",2019-08-07 09:14:00,2020-08-22 10:42:00,46.02084,-59.04672,"SABMPA"
"168","S1",2019-08-07 09:25:00,2020-08-22 10:52:00,46.02144,-59.03361,"SABMPA"
"169","S2",2019-08-07 09:34:00,2020-08-22 11:03:00,46.02138,-59.02054,"SABMPA"
"170","S3",2019-08-07 09:44:00,2020-08-22 11:13:00,46.02179,-59.00778,"SABMPA"
"171","S4",2019-08-07 09:52:00,2020-08-22 11:24:00,46.02184,-58.99466,"SABMPA"
"172","S5",2019-08-07 10:06:00,2020-08-22 11:33:00,46.02172,-58.98192,"SABMPA"
"173","S6",2019-08-07 10:15:00,2020-08-22 11:42:00,46.02175,-58.96895,"SABMPA"
"174","S7",2019-08-07 10:22:00,2020-08-22 11:52:00,46.02187,-58.95611,"SABMPA"
"175","S8",2019-08-07 10:31:00,2020-08-22 12:05:00,46.02172,-58.94313,"SABMPA"
"176","S9",2019-08-07 10:39:00,2020-08-22 12:14:00,46.02179,-58.93022,"SABMPA"
"177","S10",2019-08-07 10:47:00,2020-08-22 12:34:00,46.02154,-58.91703,"SABMPA"
"178","S11",2019-08-07 10:55:00,2020-08-22 12:44:00,46.02187,-58.90431,"SABMPA"
"179","S12",2019-08-07 11:03:00,2026-03-06 04:58:16.454189,46.02195,-58.89179,"SABMPA"
"180","S13",2019-08-07 11:13:00,2020-08-22 13:17:00,46.02175,-58.8783,"SABMPA"
"181","S19",2019-08-07 11:21:00,2020-08-22 13:36:00,46.02158,-58.86502,"SABMPA"
"182","S20",2019-08-07 11:30:00,2020-08-22 13:53:00,46.02172,-58.85229,"SABMPA"
"183","S21",2019-08-07 11:38:00,2020-08-22 14:11:00,46.02182,-58.83963,"SABMPA"
"184","S22",2019-08-07 11:46:00,2020-08-22 14:21:00,46.02172,-58.82676,"SABMPA"
"185","S23",2019-08-07 11:54:00,2020-08-22 14:30:00,46.02164,-58.81322,"SABMPA"
"186","N22",2019-08-07 13:54:00,2020-08-22 16:39:00,46.24656,-59.01227,"SABMPA"
"187","N21",2019-08-07 14:00:00,2020-08-22 16:50:00,46.24222,-59.02373,"SABMPA"
"188","N20",2019-08-07 14:09:00,2020-08-22 17:00:00,46.23849,-59.03591,"SABMPA"
"189","N19",2019-08-07 14:18:00,2020-08-22 17:09:00,46.23442,-59.0472,"SABMPA"
"190","N18",2019-08-07 14:26:00,2020-08-22 17:18:00,46.23095,-59.05917,"SABMPA"
"191","N17",2019-08-07 14:35:00,2020-08-22 17:27:00,46.22684,-59.07134,"SABMPA"
"192","N13",2019-08-07 14:43:00,2020-08-22 17:37:00,46.22362,-59.08259,"SABMPA"
"193","N12",2019-08-07 14:50:00,2020-08-22 17:46:00,46.21948,-59.0942,"SABMPA"
"194","N11",2019-08-07 14:58:00,2020-08-22 17:55:00,46.2159,-59.10635,"SABMPA"
"195","N10",2019-08-07 15:07:00,2020-08-22 18:04:00,46.2117,-59.11821,"SABMPA"
"196","N9",2019-08-07 15:13:00,2020-08-22 18:13:00,46.20802,-59.13016,"SABMPA"
"197","N8",2019-08-07 15:23:00,2020-08-22 18:21:00,46.20418,-59.14111,"SABMPA"
"198","N7",2019-08-07 15:29:00,2020-08-22 18:31:00,46.20022,-59.15381,"SABMPA"
"199","N6",2019-08-07 15:36:00,2020-08-22 18:40:00,46.19659,-59.16482,"SABMPA"
"200","N5",2019-08-07 15:45:00,2020-08-22 18:55:00,46.19253,-59.17666,"SABMPA"
"201","N4",2019-08-07 15:54:00,2020-08-22 19:04:00,46.18898,-59.18809,"SABMPA"
"202","N3",2019-08-07 16:02:00,2020-08-22 19:15:00,46.18385,-59.20066,"SABMPA"
"203","N2",2019-08-07 16:10:00,2020-08-22 19:24:00,46.18124,-59.21217,"SABMPA"
"204","N1",2019-08-07 16:21:00,2020-08-22 19:36:00,46.17721,-59.22343,"SABMPA"
"205","N15",2019-08-07 16:32:00,2020-08-22 19:49:00,46.17335,-59.23598,"SABMPA"
"206","N14",2019-08-07 16:39:00,2020-08-22 20:14:00,46.16987,-59.24749,"SABMPA"
"207","N13",2019-08-07 16:48:00,2020-08-22 20:25:00,46.1656,-59.25892,"SABMPA"
"208","N23",2019-08-07 16:58:00,2020-08-22 20:37:00,46.16128,-59.27136,"SABMPA"
"209","S15",2020-08-22 09:50:00,2021-08-10 16:40:00,46.02146,-59.08555,"SABMPA"
"210","S14",2020-08-22 10:07:00,2021-08-10 16:49:00,46.02117,-59.0982,"SABMPA"
"211","S16",2020-08-22 10:22:00,2021-08-10 16:58:00,46.02145,-59.07284,"SABMPA"
"212","S17",2020-08-22 10:33:00,2021-08-10 17:07:00,46.0213,-59.05939,"SABMPA"
"213","S18",2020-08-22 10:45:00,2021-08-10 17:16:00,46.02084,-59.04672,"SABMPA"
"214","S1",2020-08-22 10:56:00,2021-08-10 17:26:00,46.02144,-59.03361,"SABMPA"
"215","S2",2020-08-22 11:05:00,2021-08-10 17:35:00,46.02138,-59.02054,"SABMPA"
"216","S3",2020-08-22 11:17:00,2021-08-10 17:44:00,46.02179,-59.00778,"SABMPA"
"217","S4",2020-08-22 11:27:00,2021-08-10 17:52:00,46.02184,-58.99466,"SABMPA"
"218","S5",2020-08-22 11:35:00,2021-08-10 18:03:00,46.02172,-58.98192,"SABMPA"
"219","S6",2020-08-22 11:45:00,2021-08-10 18:13:00,46.02175,-58.96895,"SABMPA"
"220","S7",2020-08-22 11:55:00,2021-08-10 18:23:00,46.02187,-58.95611,"SABMPA"
"221","S8",2020-08-22 12:04:00,2021-08-10 18:34:00,46.02172,-58.94313,"SABMPA"
"222","S9",2020-08-22 12:17:00,2021-08-10 18:44:00,46.02179,-58.93022,"SABMPA"
"223","S10",2020-08-22 12:34:00,2021-08-10 18:56:00,46.02154,-58.91703,"SABMPA"
"224","S11",2020-08-22 12:44:00,2021-08-10 19:06:00,46.02187,-58.90431,"SABMPA"
"225","S12",2020-08-22 13:04:00,2021-08-10 19:16:00,46.02195,-58.89179,"SABMPA"
"226","S13",2020-08-22 13:17:00,2021-08-10 19:25:00,46.02175,-58.8783,"SABMPA"
"227","S19",2020-08-22 13:40:00,2021-08-10 19:35:00,46.02158,-58.86502,"SABMPA"
"228","S20",2020-08-22 13:54:00,2021-08-10 19:45:00,46.02172,-58.85229,"SABMPA"
"229","S21",2020-08-22 14:13:00,2021-08-10 19:54:00,46.02182,-58.83963,"SABMPA"
"230","S22",2020-08-22 14:22:00,2021-08-10 20:03:00,46.02172,-58.82676,"SABMPA"
"231","N22",2020-08-22 16:39:00,2021-08-10 12:34:00,46.24656,-59.01227,"SABMPA"
"232","N21",2020-08-22 16:54:00,2021-08-10 12:25:00,46.24222,-59.02373,"SABMPA"
"233","N20",2020-08-22 17:00:00,2021-08-10 12:15:00,46.23849,-59.03591,"SABMPA"
"234","N19",2020-08-22 17:10:00,2021-08-10 12:03:00,46.23442,-59.0472,"SABMPA"
"235","N18",2020-08-22 17:19:00,2021-08-10 11:54:00,46.23095,-59.05917,"SABMPA"
"236","N17",2020-08-22 17:27:00,2021-08-10 11:43:00,46.22684,-59.07134,"SABMPA"
"237","N13",2020-08-22 17:39:00,2021-08-10 11:33:00,46.22362,-59.08259,"SABMPA"
"238","N12",2020-08-22 17:47:00,2021-08-10 11:23:00,46.21948,-59.0942,"SABMPA"
"239","N11",2020-08-22 17:55:00,2021-08-10 11:12:00,46.2159,-59.10635,"SABMPA"
"240","N10",2020-08-22 18:05:00,2021-08-10 11:01:00,46.2117,-59.11821,"SABMPA"
"241","N9",2020-08-22 18:15:00,2021-08-10 10:50:00,46.20802,-59.13016,"SABMPA"
"242","N8",2020-08-22 18:22:00,2021-08-10 10:39:00,46.20418,-59.14111,"SABMPA"
"243","N7",2020-08-22 18:31:00,2021-08-10 10:27:00,46.20022,-59.15381,"SABMPA"
"244","N6",2020-08-22 18:40:00,2021-08-10 10:13:00,46.19659,-59.16482,"SABMPA"
"245","N5",2020-08-22 18:57:00,2021-08-10 10:04:00,46.19253,-59.17666,"SABMPA"
"246","N4",2020-08-22 19:06:00,2021-08-10 09:51:00,46.18898,-59.18809,"SABMPA"
"247","N3",2020-08-22 19:15:00,2021-08-10 09:42:00,46.18385,-59.20066,"SABMPA"
"248","N2",2020-08-22 19:25:00,2021-08-10 09:27:00,46.18124,-59.21217,"SABMPA"
"249","N1",2020-08-22 19:36:00,2021-08-10 09:18:00,46.17721,-59.22343,"SABMPA"
"250","N15",2020-08-22 19:50:00,2021-08-10 09:06:00,46.17335,-59.23598,"SABMPA"
"251","N14",2020-08-22 20:16:00,2021-08-10 08:57:00,46.16987,-59.24749,"SABMPA"
"252","N13",2020-08-22 20:27:00,2021-08-10 08:47:00,46.1656,-59.25892,"SABMPA"
"253","N23",2020-08-22 20:37:00,2021-08-10 08:40:00,46.16128,-59.27136,"SABMPA"
"254","2021_046",2021-08-10 14:33:00,2022-08-06 09:12:00,46.10146,-58.78514,"SABMPA"
"255","2021_045",2021-08-10 14:38:00,2022-08-06 09:22:00,46.09688,-58.79603,"SABMPA"
"256","2021_044",2021-08-10 14:43:00,2022-08-06 09:34:00,46.09175,-58.80698,"SABMPA"
"257","2021_043",2021-08-10 14:47:00,2022-08-06 09:42:00,46.08696,-58.81787,"SABMPA"
"258","2021_042",2021-08-10 14:51:00,2022-08-06 09:52:00,46.08203,-58.82902,"SABMPA"
"259","2021_041",2021-08-10 14:55:00,2022-08-06 10:01:00,46.07704,-58.84016,"SABMPA"
"260","2021_040",2021-08-10 14:59:00,2022-08-06 10:11:00,46.07238,-58.85094,"SABMPA"
"261","2021_039",2021-08-10 15:04:00,2022-08-06 10:21:00,46.06738,-58.86194,"SABMPA"
"262","2021_038",2021-08-10 15:08:00,2022-08-06 10:30:00,46.06263,-58.87281,"SABMPA"
"263","2021_037",2021-08-10 15:13:00,2022-08-06 10:41:00,46.05776,-58.88392,"SABMPA"
"264","2021_036",2021-08-10 15:18:00,2022-08-06 10:51:00,46.05278,-58.89504,"SABMPA"
"265","2021_035",2021-08-10 15:22:00,2022-08-06 11:01:00,46.04759,-58.9063,"SABMPA"
"266","2021_034",2021-08-10 15:26:00,2022-08-06 11:11:00,46.04268,-58.91758,"SABMPA"
"267","2021_033",2021-08-10 15:30:00,2022-08-06 11:21:00,46.03757,-58.92871,"SABMPA"
"268","2021_032",2021-08-10 15:35:00,2022-08-06 11:31:00,46.03277,-58.93972,"SABMPA"
"269","2021_031",2021-08-10 15:39:00,2022-08-06 11:42:00,46.02784,-58.95052,"SABMPA"
"270","2021_030",2021-08-10 15:43:00,2022-08-06 11:52:00,46.02283,-58.96167,"SABMPA"
"271","2021_029",2021-08-10 15:48:00,2022-08-06 12:02:00,46.01794,-58.97294,"SABMPA"
"272","2021_028",2021-08-10 15:52:00,2022-08-06 12:12:00,46.01304,-58.98382,"SABMPA"
"273","2021_027",2021-08-10 15:56:00,2022-08-06 12:22:00,46.00815,-58.99471,"SABMPA"
"274","2021_026",2021-08-10 16:01:00,2022-08-06 12:32:00,46.00319,-59.00584,"SABMPA"
"275","2021_025",2021-08-10 16:05:00,2022-08-06 12:42:00,45.99811,-59.01689,"SABMPA"
"276","2021_024",2021-08-10 16:10:00,2022-08-06 12:52:00,45.99334,-59.02769,"SABMPA"
"277","2021_023",2021-08-10 21:19:00,2022-08-06 13:02:00,45.98809,-59.03802,"SABMPA"
"278","2021_022",2021-08-10 21:25:00,2022-08-06 13:17:00,45.98806,-59.05135,"SABMPA"
"279","2021_021",2021-08-10 21:29:00,2022-08-06 13:26:00,45.98802,-59.06419,"SABMPA"
"280","2021_020",2021-08-10 21:34:00,2022-08-06 13:37:00,45.98801,-59.07853,"SABMPA"
"281","2021_019",2021-08-10 21:39:00,2022-08-06 13:48:00,45.98798,-59.09185,"SABMPA"
"282","2021_018",2021-08-10 21:44:00,2022-08-06 13:58:00,45.98794,-59.10519,"SABMPA"
"283","2021_017",2021-08-10 21:48:00,2022-08-06 14:08:00,45.98791,-59.11802,"SABMPA"
"284","2021_016",2021-08-10 21:53:00,2022-08-06 14:17:00,45.98807,-59.13187,"SABMPA"
"285","2021_15",2021-08-10 21:58:00,2025-06-18 18:03:00,45.98804,-59.14519,"SABMPA"
"286","2021_014",2021-08-10 22:02:00,2022-08-06 14:50:00,45.988,-59.15853,"SABMPA"
"287","2021_013",2021-08-10 22:07:00,2022-08-06 15:28:00,45.98797,-59.17136,"SABMPA"
"288","2021_012",2021-08-10 22:12:00,2022-08-06 15:47:00,45.98796,-59.1857,"SABMPA"
"289","2021_011",2021-08-10 22:17:00,2022-08-06 16:00:00,45.98792,-59.19902,"SABMPA"
"290","2021_010",2021-08-10 22:21:00,2022-08-06 16:10:00,45.98789,-59.21236,"SABMPA"
"291","2021_009",2021-08-10 22:26:00,2022-08-06 16:18:00,45.98785,-59.22519,"SABMPA"
"292","2021_008",2021-08-10 22:31:00,2022-08-06 16:39:00,45.98788,-59.24017,"SABMPA"
"293","2021_007",2021-08-10 22:36:00,2026-03-06 04:58:16.454189,45.98784,-59.25349,"SABMPA"
"294","2021_006",2021-08-10 22:41:00,2022-08-06 17:09:00,45.98781,-59.26683,"SABMPA"
"295","2021_005",2021-08-10 22:45:00,2022-08-06 17:17:00,45.98778,-59.27967,"SABMPA"
"296","2021_004",2021-08-10 22:50:00,2022-08-06 17:29:00,45.98776,-59.29401,"SABMPA"
"297","2021_003",2021-08-10 22:55:00,2022-08-06 17:38:00,45.98773,-59.30733,"SABMPA"
"298","2021_002",2021-08-10 23:00:00,2022-08-06 17:46:00,45.98769,-59.32067,"SABMPA"
"299","2021_001",2021-08-10 23:04:00,2022-08-06 17:55:00,45.98766,-59.3335,"SABMPA"
"300","2021_046",2022-08-06 09:12:00,2023-08-16 09:44:00,46.10146,-58.78514,"SABMPA"
"301","2021_045",2022-08-06 09:23:00,2023-08-16 09:53:00,46.09688,-58.79603,"SABMPA"
"302","2021_044",2022-08-06 09:33:00,2023-08-16 10:05:00,46.09175,-58.80698,"SABMPA"
"303","2021_043",2022-08-06 09:42:00,2023-08-16 10:14:00,46.08696,-58.81787,"SABMPA"
"304","2021_042",2022-08-06 09:52:00,2026-03-06 04:58:16.454189,46.08203,-58.82902,"SABMPA"
"305","2021_041",2022-08-06 10:02:00,2023-08-16 10:40:00,46.07704,-58.84016,"SABMPA"
"306","2021_040",2022-08-06 10:12:00,2023-08-16 10:52:00,46.07238,-58.85094,"SABMPA"
"307","2021_039",2022-08-06 10:22:00,2023-08-16 11:03:00,46.06738,-58.86194,"SABMPA"
"308","2021_038",2022-08-06 10:31:00,2023-08-16 11:14:00,46.06263,-58.87281,"SABMPA"
"309","2021_037",2022-08-06 10:42:00,2023-08-16 11:25:00,46.05776,-58.88392,"SABMPA"
"310","2021_036",2022-08-06 10:52:00,2023-08-16 11:36:00,46.05278,-58.89504,"SABMPA"
"311","2021_035",2022-08-06 11:02:00,2023-08-16 11:47:00,46.04759,-58.9063,"SABMPA"
"312","2021_034",2022-08-06 11:12:00,2023-08-16 11:56:00,46.04268,-58.91758,"SABMPA"
"313","2021_033",2022-08-06 11:22:00,2023-08-16 12:07:00,46.03757,-58.92871,"SABMPA"
"314","2021_032",2022-08-06 11:32:00,2023-08-16 12:17:00,46.03277,-58.93972,"SABMPA"
"315","2021_031",2022-08-06 11:42:00,2023-08-16 12:29:00,46.02784,-58.95052,"SABMPA"
"316","2021_030",2022-08-06 11:53:00,2023-08-16 12:41:00,46.02283,-58.96167,"SABMPA"
"317","2021_029",2022-08-06 12:03:00,2023-08-16 12:52:00,46.01794,-58.97294,"SABMPA"
"318","2021_028",2022-08-06 12:13:00,2023-08-16 13:04:00,46.01304,-58.98382,"SABMPA"
"319","2021_027",2022-08-06 12:23:00,2023-08-16 13:14:00,46.00815,-58.99471,"SABMPA"
"320","2021_026",2022-08-06 12:33:00,2023-08-16 13:26:00,46.00319,-59.00584,"SABMPA"
"321","2021_025",2022-08-06 12:43:00,2023-08-16 13:35:00,45.99811,-59.01689,"SABMPA"
"322","2021_024",2022-08-06 12:53:00,2023-08-16 13:46:00,45.99334,-59.02769,"SABMPA"
"323","2021_023",2022-08-06 13:03:00,2023-08-16 13:54:00,45.98809,-59.03802,"SABMPA"
"324","2021_022",2022-08-06 13:17:00,2023-08-16 14:05:00,45.98806,-59.05135,"SABMPA"
"325","2021_021",2022-08-06 13:27:00,2023-08-16 14:15:00,45.98802,-59.06419,"SABMPA"
"326","2021_020",2022-08-06 13:38:00,2023-08-16 14:28:00,45.98801,-59.07853,"SABMPA"
"327","2021_019",2022-08-06 13:48:00,2023-08-16 14:38:00,45.98798,-59.09185,"SABMPA"
"328","2021_018",2022-08-06 13:58:00,2023-08-16 14:49:00,45.98794,-59.10519,"SABMPA"
"329","2021_017",2022-08-06 14:09:00,2023-08-16 15:01:00,45.98791,-59.11802,"SABMPA"
"330","2021_016",2022-08-06 14:19:00,2023-08-16 15:09:00,45.98807,-59.13187,"SABMPA"
"331","2021_014",2022-08-06 14:53:00,2023-08-16 15:24:00,45.988,-59.15853,"SABMPA"
"332","2021_013",2022-08-06 15:32:00,2023-08-16 15:36:00,45.98797,-59.17136,"SABMPA"
"333","2021_012",2022-08-06 15:49:00,2023-08-16 15:45:00,45.98796,-59.1857,"SABMPA"
"334","2021_011",2022-08-06 16:01:00,2023-08-16 15:57:00,45.98792,-59.19902,"SABMPA"
"335","2021_010",2022-08-06 16:10:00,2023-08-16 16:13:00,45.98789,-59.21236,"SABMPA"
"336","2021_009",2022-08-06 16:19:00,2023-08-16 16:22:00,45.98785,-59.22519,"SABMPA"
"337","2021_008",2022-08-06 16:39:00,2023-08-16 16:33:00,45.98788,-59.24017,"SABMPA"
"338","2021_006",2022-08-06 17:09:00,2023-08-16 16:47:00,45.98781,-59.26683,"SABMPA"
"339","2021_005",2022-08-06 17:18:00,2023-08-16 16:57:00,45.98778,-59.27967,"SABMPA"
"340","2021_004",2022-08-06 17:29:00,2023-08-16 17:05:00,45.98776,-59.29401,"SABMPA"
"341","2021_003",2022-08-06 17:38:00,2023-08-16 17:16:00,45.98773,-59.30733,"SABMPA"
"342","2021_002",2022-08-06 17:46:00,2026-03-06 04:58:16.454189,45.98769,-59.32067,"SABMPA"
"343","2021_001",2022-08-06 17:56:00,2023-08-16 18:02:00,45.98766,-59.3335,"SABMPA"
"344","2021_001",2023-08-16 18:03:00,2024-08-17 16:27:00,45.988395,-59.3335,"SABMPA"
"345","2021_003",2023-08-16 17:16:00,2024-08-17 16:14:00,45.988261,-59.30772,"SABMPA"
"346","2021_004",2023-08-16 17:05:00,2024-08-17 16:03:00,45.987751,-59.294,"SABMPA"
"347","2021_005",2023-08-16 16:57:00,2024-08-17 15:52:00,45.987914,-59.28086,"SABMPA"
"348","2021_006",2023-08-16 16:47:00,2024-08-17 15:43:00,45.988133,-59.26596,"SABMPA"
"349","2021_007",2023-08-16 16:38:00,2024-08-17 15:33:00,45.988301,-59.25373,"SABMPA"
"350","2021_008",2023-08-16 16:34:00,2024-08-17 15:22:00,45.988247,-59.24008,"SABMPA"
"351","2021_009",2023-08-16 16:21:00,2024-08-17 15:11:00,45.989016,-59.22473,"SABMPA"
"352","2021_010",2023-08-16 16:12:00,2024-08-17 15:00:00,45.98842,-59.21295,"SABMPA"
"353","2021_011",2023-08-16 15:57:00,2024-08-17 14:50:00,45.988087,-59.19894,"SABMPA"
"354","2021_012",2023-08-16 15:48:00,2024-08-17 14:36:00,45.988207,-59.18554,"SABMPA"
"355","2021_013",2023-08-16 15:36:00,2024-08-17 14:20:00,45.987727,-59.17053,"SABMPA"
"356","2021_014",2023-08-16 15:26:00,2024-08-17 14:02:00,45.988643,-59.15839,"SABMPA"
"357","2021_15",2023-08-16 15:17:00,2025-06-18 17:40:00,45.988287,-59.14519,"SABMPA"
"358","2021_016",2023-08-16 15:12:00,2024-08-17 13:37:00,45.988244,-59.13139,"SABMPA"
"359","2021_017",2023-08-16 14:59:00,2024-08-17 13:29:00,45.988424,-59.11858,"SABMPA"
"360","2021_018",2023-08-16 14:51:00,2024-08-17 13:17:00,45.988868,-59.10583,"SABMPA"
"361","2021_019",2023-08-16 14:40:00,2024-08-17 13:06:00,45.988806,-59.09204,"SABMPA"
"362","2021_020",2023-08-16 14:30:00,2024-08-17 12:58:00,45.988841,-59.07927,"SABMPA"
"363","2021_021",2023-08-16 14:17:00,2024-08-17 12:48:00,45.988416,-59.06459,"SABMPA"
"364","2021_022",2023-08-16 14:06:00,2024-08-17 12:38:00,45.988285,-59.05321,"SABMPA"
"365","2021_023",2023-08-16 13:56:00,2024-08-17 12:30:00,45.988253,-59.03927,"SABMPA"
"366","2021_024",2023-08-16 13:48:00,2024-08-17 12:20:00,45.993467,-59.028,"SABMPA"
"367","2021_025",2023-08-16 13:37:00,2024-08-17 12:13:00,45.998287,-59.01779,"SABMPA"
"368","2021_026",2023-08-16 13:27:00,2024-08-17 12:03:00,46.003329,-59.00666,"SABMPA"
"369","2021_027",2023-08-16 13:18:00,2024-08-17 11:53:00,46.008478,-58.99497,"SABMPA"
"370","2021_028",2023-08-16 13:05:00,2026-03-06 04:58:16.454189,46.013531,-58.98343,"SABMPA"
"371","2021_029",2023-08-16 12:53:00,2024-08-17 11:34:00,46.018319,-58.973,"SABMPA"
"372","2021_030",2023-08-16 12:42:00,2024-08-17 11:23:00,46.023083,-58.9613,"SABMPA"
"373","2021_031",2023-08-16 12:30:00,2026-03-06 04:58:16.454189,46.028129,-58.95072,"SABMPA"
"374","2021_032",2023-08-16 12:18:00,2024-08-17 10:58:00,46.033484,-58.93976,"SABMPA"
"375","2021_033",2023-08-16 12:08:00,2026-03-06 04:58:16.454189,46.038022,-58.9286,"SABMPA"
"376","2021_034",2023-08-16 11:57:00,2024-08-17 10:38:00,46.043075,-58.91779,"SABMPA"
"377","2021_035",2023-08-16 11:48:00,2024-08-17 10:28:00,46.048149,-58.90588,"SABMPA"
"378","2021_036",2023-08-16 11:37:00,2024-08-17 10:18:00,46.053258,-58.89486,"SABMPA"
"379","2021_037",2023-08-16 11:27:00,2024-08-17 10:09:00,46.057934,-58.88394,"SABMPA"
"380","2021_038",2023-08-16 11:15:00,2024-08-17 10:00:00,46.063202,-58.87262,"SABMPA"
"381","2021_039",2023-08-16 11:04:00,2024-08-17 09:49:00,46.068032,-58.86212,"SABMPA"
"382","2021_040",2023-08-16 10:55:00,2024-08-17 09:39:00,46.072754,-58.8506,"SABMPA"
"383","2021_041",2023-08-16 10:43:00,2024-08-17 09:30:00,46.077231,-58.84035,"SABMPA"
"384","2021_043",2023-08-16 10:15:00,2024-08-17 09:14:00,46.087181,-58.81799,"SABMPA"
"385","2021_044",2023-08-16 10:04:00,2024-08-17 09:05:00,46.091561,-58.80686,"SABMPA"
"386","2021_045",2023-08-16 09:58:00,2024-08-17 08:53:00,46.09648,-58.7971,"SABMPA"
"387","2021_046",2023-08-16 09:46:00,2024-08-17 08:38:00,46.1017,-58.78578,"SABMPA"
"388","2021_002",2024-08-17 16:37:00,2025-08-28 16:50:00,45.98748,-59.32105,"SABMPA"
"389","2021_001",2024-08-17 16:31:00,2025-08-28 17:03:00,45.98777,-59.33316,"SABMPA"
"390","2021_003",2024-08-17 16:15:00,2025-08-28 16:38:00,45.98795,-59.30681,"SABMPA"
"391","2021_004",2024-08-17 16:04:00,2025-08-28 16:28:00,45.98762,-59.29412,"SABMPA"
"392","2021_005",2024-08-17 15:54:00,2025-08-28 16:18:00,45.98771,-59.27951,"SABMPA"
"393","2021_006",2024-08-17 15:43:00,2025-08-28 16:08:00,45.98781,-59.26602,"SABMPA"
"394","2021_007",2024-08-17 15:33:00,2025-08-28 15:53:00,45.98828,-59.25401,"SABMPA"
"395","2021_008",2024-08-17 15:23:00,2025-08-28 15:41:00,45.98788,-59.24017,"SABMPA"
"396","2021_009",2024-08-17 15:12:00,2025-08-28 15:30:00,45.98785,-59.22436,"SABMPA"
"397","2021_010",2024-08-17 15:01:00,2025-08-28 15:20:00,45.98787,-59.21269,"SABMPA"
"398","2021_011",2024-08-17 14:51:00,2025-08-28 15:09:00,45.98813,-59.1999,"SABMPA"
"399","2021_012",2024-08-17 14:37:00,2025-08-28 14:51:00,45.98796,-59.1857,"SABMPA"
"400","2021_013",2024-08-17 14:20:00,2025-08-28 14:40:00,45.98785,-59.17033,"SABMPA"
"401","2021_014",2024-08-17 14:02:00,2025-08-28 14:30:00,45.98867,-59.15815,"SABMPA"
"402","2021_016",2024-08-17 13:37:00,2025-08-28 14:11:00,45.98853,-59.13201,"SABMPA"
"403","2021_017",2024-08-17 13:30:00,2025-08-28 13:55:00,45.98857,-59.11886,"SABMPA"
"404","2021_018",2024-08-17 13:19:00,2025-08-28 13:45:00,45.98794,-59.10519,"SABMPA"
"405","2021_019",2024-08-17 13:07:00,2025-08-28 13:30:00,45.98819,-59.09124,"SABMPA"
"406","2021_020",2024-08-17 12:58:00,2025-08-28 13:21:00,45.98812,-59.07858,"SABMPA"
"407","2021_021",2024-08-17 12:48:00,2025-08-28 13:09:00,45.98851,-59.06456,"SABMPA"
"408","2021_022",2024-08-17 12:39:00,2025-08-28 12:58:00,45.98908,-59.053,"SABMPA"
"409","2021_023",2024-08-17 12:30:00,2025-08-28 12:47:00,45.98842,-59.038,"SABMPA"
"410","2021_024",2024-08-17 12:21:00,2025-08-28 12:26:00,45.99376,-59.02776,"SABMPA"
"411","2021_025",2024-08-17 12:12:00,2025-08-28 12:26:00,45.9986,-59.01554,"SABMPA"
"412","2021_026",2024-08-17 12:04:00,2025-08-28 12:17:00,46.00319,-59.00584,"SABMPA"
"413","2021_027",2024-08-17 11:54:00,2025-08-28 12:06:00,46.00828,-58.99555,"SABMPA"
"414","2021_028",2024-08-17 11:45:00,2025-08-28 11:56:00,46.01382,-58.98452,"SABMPA"
"415","2021_029",2024-08-17 11:35:00,2025-08-28 11:45:00,46.01794,-58.97294,"SABMPA"
"416","2021_030",2024-08-17 11:23:00,2025-08-28 11:35:00,46.02347,-58.96098,"SABMPA"
"417","2021_032",2024-08-17 11:00:00,2025-08-28 11:18:00,46.03315,-58.93992,"SABMPA"
"418","2021_034",2024-08-17 10:41:00,2025-08-28 11:02:00,46.04243,-58.91755,"SABMPA"
"419","2021_036",2024-08-17 10:36:00,2025-08-28 10:39:00,46.05306,-58.89499,"SABMPA"
"420","2021_035",2024-08-17 10:30:00,2025-08-28 10:50:00,46.04742,-58.90598,"SABMPA"
"421","2021_037",2024-08-17 10:09:00,2025-08-28 10:28:00,46.05782,-58.88514,"SABMPA"
"422","2021_038",2024-08-17 10:00:00,2025-08-28 10:18:00,46.06255,-58.87351,"SABMPA"
"423","2021_039",2024-08-17 09:50:00,2025-08-28 10:09:00,46.06765,-58.86229,"SABMPA"
"424","2021_040",2024-08-17 09:39:00,2025-08-28 09:58:00,46.07232,-58.85059,"SABMPA"
"425","2021_041",2024-08-17 09:30:00,2025-08-28 09:48:00,46.07685,-58.84175,"SABMPA"
"426","2021_042",2024-08-17 09:20:00,2025-08-28 09:31:00,46.08248,-58.82878,"SABMPA"
"427","2021_043",2024-08-17 09:14:00,2025-08-28 09:20:00,46.08745,-58.81713,"SABMPA"
"428","2021_044",2024-08-17 09:05:00,2025-08-28 09:10:00,46.09171,-58.80791,"SABMPA"
"429","2021_045",2024-08-17 08:58:00,2025-08-28 08:55:00,46.097336,-58.79623,"SABMPA"
"430","2021_046",2024-08-17 08:43:00,2025-04-02,46.1017,-58.78538,"SABMPA"
