"","animal_id","num_locs","num_dets","first_det","last_det","locations"
"1","BLUEFIN_BFTTAG_1",1,12,2018-10-01 18:22:41,2018-10-01 21:40:11,"BFTTAG"
"2","BLUEFIN_BFTTAG_10",1,5,2018-10-15 07:05:52,2018-10-15 09:46:39,"BFTTAG"
"3","BLUEFIN_BFTTAG_12",1,5,2019-09-28 00:23:16,2019-09-28 00:28:00,"BFTTAG"
"4","BLUEFIN_BFTTAG_13",1,11,2019-10-20 12:02:46,2019-11-20 15:28:28,"BFTTAG"
"5","BLUEFIN_BFTTAG_14",1,2,2019-11-07 05:02:00,2019-11-07 05:03:19,"BFTTAG"
"6","BLUEFIN_BFTTAG_2",1,6,2019-10-07 16:23:20,2021-10-31 23:48:05,"BFTTAG"
"7","BLUEFIN_BFTTAG_3",1,4,2019-06-16 22:55:51,2019-06-16 23:00:28,"BFTTAG"
"8","BLUEFIN_BFTTAG_4",1,3,2020-11-18 16:21:54,2020-11-18 16:29:45,"BFTTAG"
"9","BLUEFIN_BFTTAG_5",1,5,2018-10-16 15:44:11,2018-10-16 15:59:30,"BFTTAG"
"10","BLUEFIN_BFTTAG_6",1,8,2019-06-19 12:43:59,2019-06-19 12:52:28,"BFTTAG"
"11","BLUEFIN_BFTTAG_7",1,6,2021-06-30 02:42:24,2021-06-30 02:47:29,"BFTTAG"
"12","BLUEFIN_BFTTAG_9",1,9,2019-06-20 08:08:57,2019-09-18 21:00:32,"BFTTAG"
"13","BLUEFIN_DFOBFT_1",1,15,2022-06-27 04:14:08,2023-10-20 14:35:36,"DFOBFT"
"14","BLUEFIN_DFOBFT_10",1,5,2023-11-26 02:07:05,2023-11-26 02:13:26,"DFOBFT"
"15","BLUEFIN_DFOBFT_11",1,6,2023-11-26 09:11:39,2023-11-26 09:19:53,"DFOBFT"
"16","BLUEFIN_DFOBFT_12",1,5,2023-08-26 06:53:55,2023-08-26 06:58:00,"DFOBFT"
"17","BLUEFIN_DFOBFT_13",1,42,2024-07-14 12:32:46,2024-07-14 15:05:14,"DFOBFT"
"18","BLUEFIN_DFOBFT_2",1,35,2021-11-26 09:18:54,2023-11-25 15:13:28,"DFOBFT"
"19","BLUEFIN_DFOBFT_3",1,26,2022-09-07 16:04:58,2023-10-26 11:26:38,"DFOBFT"
"20","BLUEFIN_DFOBFT_4",1,16,2023-06-24 05:47:07,2023-06-24 06:10:03,"DFOBFT"
"21","BLUEFIN_DFOBFT_5",1,9,2022-10-02 14:15:00,2022-10-02 14:22:46,"DFOBFT"
"22","BLUEFIN_DFOBFT_6",1,12,2022-12-01 17:25:01,2023-10-31 23:44:37,"DFOBFT"
"23","BLUEFIN_DFOBFT_7",1,34,2023-08-24 19:56:32,2023-08-25 05:26:46,"DFOBFT"
"24","BLUEFIN_DFOBFT_9",1,2,2023-11-09 05:04:40,2023-11-09 05:05:29,"DFOBFT"
"25","BLUEFIN_TAG_1",1,4,2015-07-07 23:25:45,2015-10-18 16:05:06,"TAG"
"26","BLUEFIN_TAG_10",1,2,2018-11-04 18:27:37,2019-09-23 02:13:24,"TAG"
"27","BLUEFIN_TAG_11",1,9,2017-08-06 22:25:47,2020-09-09 20:13:36,"TAG"
"28","BLUEFIN_TAG_12",1,2,2018-10-28 17:45:17,2018-10-28 17:46:39,"TAG"
"29","BLUEFIN_TAG_13",1,3,2019-06-22 18:41:27,2019-06-22 18:43:37,"TAG"
"30","BLUEFIN_TAG_14",1,11,2018-11-09 04:04:31,2018-11-09 07:07:48,"TAG"
"31","BLUEFIN_TAG_15",1,22,2021-11-07 22:14:34,2021-12-04 05:25:07,"TAG"
"32","BLUEFIN_TAG_17",1,5,2019-06-28 06:53:21,2019-06-28 06:57:40,"TAG"
"33","BLUEFIN_TAG_18",1,3,2018-11-10 22:54:04,2018-11-10 22:57:02,"TAG"
"34","BLUEFIN_TAG_19",1,7,2021-07-29 16:21:45,2021-07-29 16:28:18,"TAG"
"35","BLUEFIN_TAG_2",1,162,2015-08-15 17:47:03,2015-08-23 16:48:22,"TAG"
"36","BLUEFIN_TAG_20",1,11,2019-10-08 07:38:01,2020-11-02 12:30:24,"TAG"
"37","BLUEFIN_TAG_21",1,14,2021-08-14 14:22:07,2021-08-14 14:38:39,"TAG"
"38","BLUEFIN_TAG_22",1,3,2021-11-14 01:19:40,2021-11-14 01:21:27,"TAG"
"39","BLUEFIN_TAG_23",1,4,2020-07-31 10:37:32,2020-07-31 10:40:16,"TAG"
"40","BLUEFIN_TAG_24",1,5,2019-08-10 13:19:50,2019-08-10 13:28:34,"TAG"
"41","BLUEFIN_TAG_25",1,3,2019-11-02 00:40:04,2019-11-02 00:42:43,"TAG"
"42","BLUEFIN_TAG_26",1,6,2019-09-23 12:38:49,2019-09-23 16:14:37,"TAG"
"43","BLUEFIN_TAG_27",1,15,2019-08-23 02:49:56,2019-08-23 03:05:07,"TAG"
"44","BLUEFIN_TAG_28",1,10,2021-07-24 15:09:24,2021-07-24 15:21:50,"TAG"
"45","BLUEFIN_TAG_29",1,2,2020-08-11 02:23:01,2020-08-11 02:23:59,"TAG"
"46","BLUEFIN_TAG_3",1,4,2015-11-06 00:12:26,2015-11-06 00:24:42,"TAG"
"47","BLUEFIN_TAG_30",1,28,2021-07-17 22:48:06,2022-06-25 18:52:33,"TAG"
"48","BLUEFIN_TAG_31",1,3,2021-11-23 15:58:13,2021-11-23 15:59:54,"TAG"
"49","BLUEFIN_TAG_32",1,7,2021-06-15 12:46:18,2021-11-16 10:54:59,"TAG"
"50","BLUEFIN_TAG_33",1,7,2021-09-08 05:58:57,2021-09-08 06:05:38,"TAG"
"51","BLUEFIN_TAG_34",1,8,2022-06-20 21:10:38,2022-06-20 21:18:10,"TAG"
"52","BLUEFIN_TAG_35",1,179,2020-10-22 13:00:32,2022-10-02 21:08:55,"TAG"
"53","BLUEFIN_TAG_36",1,6,2021-11-08 09:16:39,2021-11-08 09:22:40,"TAG"
"54","BLUEFIN_TAG_37",1,3,2021-11-12 09:06:58,2021-11-12 09:11:42,"TAG"
"55","BLUEFIN_TAG_38",1,4,2021-09-27 14:00:50,2021-09-27 14:04:15,"TAG"
"56","BLUEFIN_TAG_39",1,9,2022-08-05 12:30:25,2024-07-01 19:28:06,"TAG"
"57","BLUEFIN_TAG_4",1,16,2015-10-30 11:50:30,2018-08-26 05:00:07,"TAG"
"58","BLUEFIN_TAG_40",1,6,2021-09-22 23:31:42,2021-09-22 23:39:11,"TAG"
"59","BLUEFIN_TAG_41",1,7,2021-10-03 00:26:33,2021-10-03 00:33:13,"TAG"
"60","BLUEFIN_TAG_42",1,2,2021-10-04 17:25:34,2021-10-04 17:27:04,"TAG"
"61","BLUEFIN_TAG_43",1,14,2022-07-06 07:14:12,2023-10-06 15:51:41,"TAG"
"62","BLUEFIN_TAG_44",1,8,2022-12-14 19:54:53,2022-12-14 20:02:00,"TAG"
"63","BLUEFIN_TAG_45",1,17,2022-10-11 01:32:51,2022-10-11 01:58:06,"TAG"
"64","BLUEFIN_TAG_46",1,24,2022-10-06 13:52:07,2022-10-06 19:27:58,"TAG"
"65","BLUEFIN_TAG_48",1,5,2022-09-26 01:18:09,2022-09-26 01:22:07,"TAG"
"66","BLUEFIN_TAG_49",1,5,2022-09-26 06:10:52,2022-09-26 06:15:24,"TAG"
"67","BLUEFIN_TAG_50",1,37,2023-08-10 21:27:13,2023-11-17 23:06:01,"TAG"
"68","BLUEFIN_TAG_51",1,11,2022-09-29 14:59:27,2024-07-23 18:05:58,"TAG"
"69","BLUEFIN_TAG_52",1,7,2022-10-02 00:03:40,2022-10-02 00:21:31,"TAG"
"70","BLUEFIN_TAG_53",1,10,2022-11-15 19:33:32,2023-06-21 03:01:36,"TAG"
"71","BLUEFIN_TAG_54",1,3,2022-09-18 12:48:58,2022-09-18 12:51:04,"TAG"
"72","BLUEFIN_TAG_55",1,13,2022-10-16 04:57:41,2023-10-28 11:12:35,"TAG"
"73","BLUEFIN_TAG_56",1,2,2022-09-25 18:12:23,2022-09-25 18:13:56,"TAG"
"74","BLUEFIN_TAG_57",1,6,2022-11-29 18:54:37,2022-11-29 18:59:20,"TAG"
"75","BLUEFIN_TAG_58",1,6,2022-09-29 10:43:11,2022-09-29 10:47:52,"TAG"
"76","BLUEFIN_TAG_59",1,2,2023-09-29 05:19:35,2023-09-29 05:20:59,"TAG"
"77","BLUEFIN_TAG_6",1,4,2015-10-25 12:49:40,2017-07-04 23:10:11,"TAG"
"78","BLUEFIN_TAG_60",1,2,2023-09-26 21:00:33,2023-09-26 21:02:31,"TAG"
"79","BLUEFIN_TAG_61",1,3,2023-09-28 14:48:33,2023-09-28 14:50:07,"TAG"
"80","BLUEFIN_TAG_62",1,5,2023-10-03 22:14:12,2023-10-03 22:19:04,"TAG"
"81","BLUEFIN_TAG_63",1,5,2023-11-09 14:54:33,2023-11-09 14:59:39,"TAG"
"82","BLUEFIN_TAG_64",1,3,2023-10-21 10:05:00,2023-10-21 10:08:03,"TAG"
"83","BLUEFIN_TAG_65",1,3,2023-10-03 17:37:40,2023-10-03 17:40:43,"TAG"
"84","BLUEFIN_TAG_7",1,51,2015-07-29 09:56:56,2016-11-10 13:04:09,"TAG"
"85","BLUEFIN_TAG_8",1,13,2017-08-15 05:24:17,2017-08-15 05:37:49,"TAG"
"86","BLUEFIN_TAG_9",1,4,2019-07-17 19:29:24,2019-07-17 19:35:30,"TAG"
"87","BLUESH_MFSAR_1",1,13,2016-09-22 19:31:44,2016-09-22 20:23:09,"MFSAR"
"88","BLUESH_MFSAR_2",1,120,2016-10-01 04:44:48,2016-10-02 04:06:29,"MFSAR"
"89","BLUESH_MFSAR_5",1,12,2019-09-25 13:53:59,2019-09-25 16:54:24,"MFSAR"
"90","BLUESH_MFSAR_6",1,31,2019-08-01 10:52:40,2019-08-31 17:23:48,"MFSAR"
"91","BLUESH_NSBS_1",1,54,2016-09-07 04:03:29,2017-10-13 20:02:34,"NSBS"
"92","BLUESH_NSBS_10",1,25,2022-09-09 18:13:00,2022-09-09 19:21:23,"NSBS"
"93","BLUESH_NSBS_11",1,20,2024-07-23 17:56:39,2024-07-25 05:00:36,"NSBS"
"94","BLUESH_NSBS_13",1,7,2023-11-07 03:42:02,2023-11-07 03:56:42,"NSBS"
"95","BLUESH_NSBS_2",1,82,2015-08-17 14:28:16,2016-08-06 15:19:27,"NSBS"
"96","BLUESH_NSBS_3",1,108,2015-10-19 03:22:23,2016-09-19 08:36:46,"NSBS"
"97","BLUESH_NSBS_4",1,7,2018-10-02 02:47:55,2018-10-02 03:02:35,"NSBS"
"98","BLUESH_NSBS_5",1,8,2018-08-29 23:13:36,2018-08-29 23:27:15,"NSBS"
"99","BLUESH_NSBS_6",1,33,2015-08-18 03:42:02,2015-08-18 05:01:17,"NSBS"
"100","BLUESH_NSBS_7",1,16,2019-07-28 20:39:21,2019-07-28 21:23:56,"NSBS"
"101","BLUESH_NSBS_8",1,27,2022-07-23 11:24:31,2022-07-23 12:20:28,"NSBS"
"102","BLUESH_NSBS_9",1,17,2022-08-17 18:05:27,2023-08-02 23:53:05,"NSBS"
"103","COD_SBICOD_1",1,18,2024-01-04 06:26:31,2024-01-04 07:21:20,"SBICOD"
"104","COD_SGS_1",1,301,2016-07-02 19:08:42,2017-07-14 13:59:00,"SGS"
"105","COD_SGS_10",1,63,2016-06-19 08:02:27,2016-06-22 01:16:22,"SGS"
"106","COD_SGS_11",1,192,2017-06-02 14:03:11,2017-12-09 17:42:54,"SGS"
"107","COD_SGS_12",1,67,2017-06-02 18:43:31,2018-04-24 00:09:32,"SGS"
"108","COD_SGS_13",1,244,2016-06-18 07:54:28,2016-06-18 18:52:15,"SGS"
"109","COD_SGS_14",1,60,2017-05-10 18:40:11,2018-08-25 23:09:49,"SGS"
"110","COD_SGS_15",1,34,2016-06-18 04:19:42,2016-06-18 05:27:07,"SGS"
"111","COD_SGS_16",1,163,2016-06-20 21:44:11,2016-06-21 02:36:20,"SGS"
"112","COD_SGS_17",1,835,2016-07-05 20:08:14,2017-03-15 20:19:47,"SGS"
"113","COD_SGS_18",1,5,2016-06-18 06:26:42,2016-06-18 07:08:54,"SGS"
"114","COD_SGS_19",1,25,2016-07-07 21:42:38,2016-07-07 22:55:49,"SGS"
"115","COD_SGS_2",1,8,2016-06-17 07:25:14,2016-06-17 09:05:25,"SGS"
"116","COD_SGS_20",1,866,2016-06-29 15:19:37,2016-08-06 04:51:56,"SGS"
"117","COD_SGS_21",1,525,2016-07-31 21:33:05,2017-09-08 15:34:32,"SGS"
"118","COD_SGS_22",1,44,2016-07-30 17:19:11,2017-12-19 18:50:43,"SGS"
"119","COD_SGS_23",1,27,2016-07-30 13:47:48,2016-07-30 14:33:09,"SGS"
"120","COD_SGS_24",1,35,2017-06-12 06:33:19,2017-06-12 22:17:35,"SGS"
"121","COD_SGS_25",1,82,2016-07-06 14:43:51,2016-12-10 14:22:57,"SGS"
"122","COD_SGS_26",1,15,2016-06-22 12:19:36,2016-06-22 19:11:02,"SGS"
"123","COD_SGS_27",1,120,2016-06-16 08:33:12,2016-06-17 21:33:16,"SGS"
"124","COD_SGS_28",1,13,2018-08-13 11:05:56,2019-03-03 03:23:20,"SGS"
"125","COD_SGS_29",1,15,2017-04-04 19:51:21,2017-04-04 20:11:34,"SGS"
"126","COD_SGS_3",1,8,2017-06-18 11:15:32,2017-06-18 11:23:14,"SGS"
"127","COD_SGS_30",1,27,2016-06-14 03:27:13,2016-06-14 04:06:11,"SGS"
"128","COD_SGS_31",1,1414,2016-11-03 12:28:50,2016-11-29 01:26:13,"SGS"
"129","COD_SGS_32",1,153,2016-06-27 06:46:55,2017-06-15 22:00:16,"SGS"
"130","COD_SGS_33",1,63,2017-01-01 09:28:27,2017-01-01 14:15:06,"SGS"
"131","COD_SGS_34",1,83,2016-06-19 14:01:34,2016-06-27 08:10:31,"SGS"
"132","COD_SGS_35",1,54,2016-07-07 20:11:13,2016-07-07 23:49:12,"SGS"
"133","COD_SGS_36",1,111,2016-07-09 20:17:02,2016-07-18 17:29:39,"SGS"
"134","COD_SGS_37",1,68,2016-07-06 20:58:35,2016-07-07 07:03:49,"SGS"
"135","COD_SGS_38",1,39,2017-04-26 13:37:47,2018-09-28 05:16:34,"SGS"
"136","COD_SGS_39",1,7,2016-06-18 07:45:14,2016-06-18 08:10:59,"SGS"
"137","COD_SGS_4",1,1455,2016-07-12 08:13:32,2017-03-05 15:08:09,"SGS"
"138","COD_SGS_40",1,27,2017-05-09 12:54:07,2017-05-10 20:11:13,"SGS"
"139","COD_SGS_41",1,84,2016-05-12 05:54:29,2017-05-01 10:09:33,"SGS"
"140","COD_SGS_42",1,327,2016-06-22 14:36:08,2016-06-22 22:04:49,"SGS"
"141","COD_SGS_43",1,3671,2016-08-10 09:36:46,2016-12-09 14:59:40,"SGS"
"142","COD_SGS_44",1,545,2016-06-13 09:44:02,2016-12-11 02:45:08,"SGS"
"143","COD_SGS_45",1,223,2016-10-14 14:09:53,2016-12-11 13:19:54,"SGS"
"144","COD_SGS_5",1,3,2016-06-13 02:07:00,2016-06-13 02:10:45,"SGS"
"145","COD_SGS_6",1,3,2016-06-18 20:21:21,2016-06-18 21:02:27,"SGS"
"146","COD_SGS_7",1,862,2016-06-26 08:07:43,2017-06-13 08:47:47,"SGS"
"147","COD_SGS_8",1,21,2017-04-21 10:41:38,2017-04-21 11:22:05,"SGS"
"148","COD_SGS_9",1,1379,2016-07-12 11:11:01,2018-11-21 00:15:55,"SGS"
"149","COD_SPI_1",1,42,2015-12-18 04:09:47,2015-12-18 20:40:06,"SPI"
"150","COD_SPI_2",1,6,2016-10-27 21:07:57,2016-10-27 21:21:50,"SPI"
"151","CRAB_ZSC_1",1,61,2019-09-25 06:34:30,2020-01-19 10:29:57,"ZSC"
"152","CRAB_ZSC_2",1,310,2019-04-01 23:02:38,2019-04-16 18:43:29,"ZSC"
"153","EEL_BDLSPG_1",1,16,2021-11-16 03:37:06,2021-11-16 04:08:26,"BDLSPG"
"154","EEL_BDLSPG_2",1,7,2020-10-15 02:04:18,2020-10-15 02:13:52,"BDLSPG"
"155","EEL_BDLSPG_3",1,31,2019-11-25 07:43:08,2019-11-26 03:03:26,"BDLSPG"
"156","EEL_BQEEL_1",1,44,2017-06-07 07:21:52,2017-06-08 04:56:19,"BQEEL"
"157","EEL_BQEEL_2",1,13,2017-12-23 16:04:14,2017-12-23 16:17:14,"BQEEL"
"158","GSEAL_GSFP_1",1,2,2023-02-20 21:21:57,2023-02-20 21:24:20,"GSFP"
"159","GSEAL_GSFP_2",1,30,2024-03-02 12:33:26,2024-03-03 11:44:42,"GSFP"
"160","GSEAL_GSFP_4",1,3,2024-02-22 03:59:26,2024-02-22 04:08:14,"GSFP"
"161","GSEAL_GSFP_5",1,8,2024-02-20 07:09:16,2024-02-20 07:35:28,"GSFP"
"162","GSEAL_RISME_1",1,10,2024-05-04 02:53:57,2024-05-04 03:08:35,"RISME"
"163","HAL_HALIBT_1",1,5,2023-12-30 18:52:14,2024-01-02 18:45:12,"HALIBT"
"164","HAL_HALIBT_2",1,412,2025-03-31 19:49:10,2025-04-01 11:24:50,"HALIBT"
"165","HAL_MEHAL_1",1,27,2023-03-18 20:27:54,2023-03-18 23:37:11,"MEHAL"
"166","HAL_MEHAL_2",1,19,2022-11-27 12:06:25,2022-11-28 19:06:37,"MEHAL"
"167","HAL_MEHAL_3",1,43,2023-11-11 06:56:29,2024-03-10 22:32:47,"MEHAL"
"168","LHBACK_JBLB_1",1,68,2023-09-05 04:21:48,2023-10-15 11:02:40,"JBLB"
"169","LHBACK_LBTPCR_1",1,39,2019-08-24 22:21:53,2019-08-25 01:09:40,"LBTPCR"
"170","MAC_V2LNASTI_1",1,9,2024-07-29 02:21:46,2024-07-30 03:38:28,"V2LNASTI"
"171","MAKO_RICSS_1",1,29,2021-08-27 04:21:33,2021-08-27 07:20:48,"RICSS"
"172","PORB_JPBS_1",1,15,2017-07-15 03:13:09,2018-11-18 03:50:29,"JPBS"
"173","PORB_JPBS_2",1,6,2017-08-09 01:13:19,2018-07-28 14:00:04,"JPBS"
"174","PORB_JPBS_3",1,18,2017-07-17 21:39:51,2017-07-17 22:19:47,"JPBS"
"175","PORB_JPBS_4",1,31,2017-08-07 04:05:22,2017-11-04 19:58:31,"JPBS"
"176","SALM_ASF_1",1,6,2017-05-26 14:09:05,2017-05-26 14:16:16,"ASF"
"177","SALM_ASF_2",1,37,2017-05-12 18:04:02,2017-05-13 01:00:19,"ASF"
"178","SALM_BDK_1",1,264,2015-06-10 02:14:56,2015-06-10 08:04:47,"BDK"
"179","SALM_BDK_2",1,41,2015-12-25 20:16:30,2015-12-26 17:20:22,"BDK"
"180","SALM_ESRF_1",1,3,2021-06-17 05:08:54,2021-06-17 05:12:57,"ESRF"
"181","SALM_ESRF_10",1,3,2021-06-08 13:34:48,2021-06-08 13:43:28,"ESRF"
"182","SALM_ESRF_11",1,20,2021-06-13 01:47:29,2021-06-13 02:55:40,"ESRF"
"183","SALM_ESRF_13",1,18,2021-06-15 07:44:55,2021-06-15 16:50:58,"ESRF"
"184","SALM_ESRF_15",1,123,2021-06-13 03:07:29,2021-06-13 09:29:02,"ESRF"
"185","SALM_ESRF_16",1,3,2021-06-03 19:48:15,2021-06-03 19:54:39,"ESRF"
"186","SALM_ESRF_17",1,4,2021-06-15 20:23:28,2021-06-15 20:29:10,"ESRF"
"187","SALM_ESRF_18",1,7,2021-06-05 16:38:48,2021-06-05 17:01:21,"ESRF"
"188","SALM_ESRF_19",1,5,2021-06-11 01:20:34,2021-06-11 01:31:17,"ESRF"
"189","SALM_ESRF_2",1,11,2021-06-15 03:43:31,2021-06-15 04:45:23,"ESRF"
"190","SALM_ESRF_21",1,6,2022-04-21 21:19:55,2022-04-21 21:36:46,"ESRF"
"191","SALM_ESRF_22",1,41,2022-06-03 16:24:02,2022-06-04 18:52:51,"ESRF"
"192","SALM_ESRF_23",1,34,2022-06-16 19:14:37,2022-06-16 20:53:51,"ESRF"
"193","SALM_ESRF_24",1,9,2022-06-17 01:54:14,2022-06-17 06:29:14,"ESRF"
"194","SALM_ESRF_25",1,101,2022-06-12 16:55:30,2022-06-13 06:17:11,"ESRF"
"195","SALM_ESRF_26",1,12,2022-06-05 15:58:36,2022-06-05 16:26:02,"ESRF"
"196","SALM_ESRF_28",1,4,2022-06-17 16:12:59,2022-06-17 16:21:39,"ESRF"
"197","SALM_ESRF_3",1,9,2021-06-12 13:19:34,2021-06-12 13:32:03,"ESRF"
"198","SALM_ESRF_31",1,39,2022-06-11 10:24:00,2022-06-11 18:39:34,"ESRF"
"199","SALM_ESRF_33",1,26,2023-06-13 09:34:01,2023-06-13 10:55:36,"ESRF"
"200","SALM_ESRF_34",1,5,2023-06-14 15:48:46,2023-06-14 15:56:00,"ESRF"
"201","SALM_ESRF_35",1,2,2023-06-15 20:44:40,2023-06-15 20:45:35,"ESRF"
"202","SALM_ESRF_36",1,30,2023-06-13 01:25:04,2023-06-13 07:03:43,"ESRF"
"203","SALM_ESRF_37",1,3,2023-06-15 23:04:55,2023-06-15 23:08:10,"ESRF"
"204","SALM_ESRF_38",1,75,2023-05-12 13:58:47,2023-05-13 09:15:22,"ESRF"
"205","SALM_ESRF_4",1,4,2021-06-14 16:20:14,2021-06-14 16:27:35,"ESRF"
"206","SALM_ESRF_40",1,135,2023-05-23 16:49:59,2023-05-29 13:54:20,"ESRF"
"207","SALM_ESRF_42",1,52,2023-06-02 19:57:47,2023-06-03 09:09:51,"ESRF"
"208","SALM_ESRF_44",1,45,2023-05-04 11:28:04,2023-05-15 19:49:10,"ESRF"
"209","SALM_ESRF_46",1,7,2024-05-10 19:29:41,2024-05-10 19:53:59,"ESRF"
"210","SALM_ESRF_48",1,21,2023-06-16 23:18:53,2023-06-17 04:21:44,"ESRF"
"211","SALM_ESRF_5",1,3,2021-06-15 02:38:40,2021-06-15 02:52:30,"ESRF"
"212","SALM_ESRF_6",1,9,2021-06-14 19:47:53,2021-06-14 20:03:19,"ESRF"
"213","SALM_ESRF_7",1,16,2021-06-14 05:24:49,2021-06-14 06:24:33,"ESRF"
"214","SALM_ESRF_8",1,2,2021-06-06 23:34:07,2021-06-06 23:38:57,"ESRF"
"215","SALM_ESRF_9",1,2,2021-06-12 20:10:33,2021-06-12 20:12:25,"ESRF"
"216","SALM_KNE_1",1,13,2015-06-27 16:48:24,2015-06-27 17:13:48,"KNE"
"217","SALM_MARSS_101",1,4,2017-07-12 17:30:50,2017-07-12 17:41:09,"MARSS"
"218","SALM_MARSS_102",1,28,2017-06-27 00:48:45,2017-06-27 01:09:59,"MARSS"
"219","SALM_MARSS_103",1,4,2019-07-02 05:04:17,2019-07-02 05:09:18,"MARSS"
"220","SALM_MARSS_104",1,9,2018-06-24 14:54:52,2018-06-24 15:10:19,"MARSS"
"221","SALM_MARSS_105",1,15,2018-07-02 20:04:34,2018-07-02 20:17:36,"MARSS"
"222","SALM_NARR_1",1,2,2017-06-20 23:59:39,2017-06-21 00:00:59,"NARR"
"223","SALM_NARR_2",1,9,2017-06-18 19:58:14,2017-06-18 20:03:41,"NARR"
"224","SALM_PBN_1",1,12,2015-06-15 20:25:16,2015-06-15 20:40:58,"PBN"
"225","SALM_PBN_2",1,13,2015-06-16 15:56:26,2015-06-16 16:18:43,"PBN"
"226","SALM_PBN_3",1,50,2015-06-18 22:27:04,2015-06-18 23:43:18,"PBN"
"227","SALM_PBN_4",1,8,2015-06-24 15:31:33,2015-06-24 15:37:55,"PBN"
"228","SALM_PBN_5",1,24,2015-06-19 12:00:45,2015-06-19 12:25:28,"PBN"
"229","SALM_PBN_6",1,34,2015-06-19 09:32:49,2015-06-19 10:13:54,"PBN"
"230","SALM_PBU_1",1,9,2017-06-25 02:02:59,2017-06-25 02:33:31,"PBU"
"231","SALM_PBU_10",1,11,2018-06-18 05:54:57,2023-06-09 19:23:43,"PBU"
"232","SALM_PBU_11",1,6,2019-06-27 22:57:15,2019-06-28 03:07:51,"PBU"
"233","SALM_PBU_12",1,5,2019-06-24 03:34:45,2019-06-24 03:44:51,"PBU"
"234","SALM_PBU_13",1,9,2019-06-29 23:23:28,2019-06-29 23:33:36,"PBU"
"235","SALM_PBU_14",1,30,2019-06-25 09:43:45,2019-06-25 10:31:16,"PBU"
"236","SALM_PBU_15",1,19,2018-06-18 04:22:41,2018-06-18 05:03:19,"PBU"
"237","SALM_PBU_16",1,17,2019-06-14 09:49:17,2019-06-14 10:12:17,"PBU"
"238","SALM_PBU_17",1,20,2018-07-03 01:54:56,2018-07-03 02:26:53,"PBU"
"239","SALM_PBU_18",1,6,2019-06-22 21:08:51,2019-06-23 00:40:35,"PBU"
"240","SALM_PBU_19",1,15,2019-06-20 22:38:36,2019-06-20 22:58:54,"PBU"
"241","SALM_PBU_2",1,14,2017-06-16 04:23:37,2017-06-16 05:07:25,"PBU"
"242","SALM_PBU_20",1,32,2019-06-22 13:59:41,2019-06-23 17:05:29,"PBU"
"243","SALM_PBU_21",1,12,2019-06-20 15:12:14,2019-06-20 15:28:21,"PBU"
"244","SALM_PBU_22",1,8,2019-06-19 02:22:48,2019-06-19 02:38:36,"PBU"
"245","SALM_PBU_23",1,6,2018-06-16 20:37:49,2018-06-16 20:57:07,"PBU"
"246","SALM_PBU_24",1,33,2018-06-17 03:51:02,2018-06-17 04:57:49,"PBU"
"247","SALM_PBU_25",1,7,2018-06-20 22:49:39,2018-06-20 23:06:10,"PBU"
"248","SALM_PBU_3",1,3,2017-06-21 14:18:23,2017-06-21 14:22:50,"PBU"
"249","SALM_PBU_9",1,8,2018-06-24 09:58:57,2018-06-24 10:29:23,"PBU"
"250","SALM_QRPT_1",1,5,2021-06-15 08:35:58,2021-06-15 09:21:09,"PBSM"
"251","SALM_QRPT_2",1,20,2021-06-18 12:44:43,2021-06-18 14:32:07,"PBSM"
"252","SALM_QRPT_3",1,11,2021-07-20 23:05:48,2021-07-20 23:22:27,"PBSM"
"253","SALM_QSLR_1",1,9,2022-10-29 22:52:48,2022-10-29 23:11:35,"QSLR"
"254","SALM_QSLR_2",1,6,2022-11-07 15:55:47,2022-11-07 16:05:39,"QSLR"
"255","SALM_QSLR_3",1,16,2022-11-15 20:33:28,2022-11-24 23:03:56,"QSLR"
"256","SALM_QSLR_4",1,2,2023-05-07 22:14:56,2023-05-07 22:19:29,"QSLR"
"257","SALM_TNGS_1",1,3,2020-06-19 16:39:30,2020-06-19 18:24:17,"TNGS"
"258","SALM_TNGS_2",1,3,2020-06-14 16:05:07,2020-06-14 16:07:15,"TNGS"
"259","SALM_UNBMIR_1",1,34,2023-01-29 00:00:37,2023-01-29 02:28:55,"UNBMIR"
"260","SALM_V2LCBHNP_1",1,163,2024-05-26 10:31:33,2024-05-26 17:29:28,"V2LCBHNP"
"261","SALM_V2LCBHNP_2",1,216,2024-02-11 23:55:29,2024-02-12 19:39:04,"V2LCBHNP"
"262","SALM_V2LCBHNP_3",1,17,2024-01-23 17:53:28,2024-01-25 16:44:19,"V2LCBHNP"
"263","SALM_V2LCBHNP_4",1,7,2024-05-12 20:40:03,2024-05-12 20:53:18,"V2LCBHNP"
"264","SALM_V2LCBHNP_5",1,23,2024-01-24 21:12:10,2024-06-12 14:25:51,"V2LCBHNP"
"265","SALM_V2LCBHNP_6",1,9,2024-02-01 02:29:26,2024-02-04 23:19:10,"V2LCBHNP"
"266","SALM_V2LCBHNP_7",1,4,2024-03-09 01:20:18,2024-03-09 01:31:14,"V2LCBHNP"
"267","SALM_V2LNSSA_1",1,2,2021-06-14 04:20:48,2021-06-14 04:26:17,"V2LNSSA"
"268","SALM_V2LNSSA_2",1,5,2021-06-12 21:07:10,2021-06-12 21:13:45,"V2LNSSA"
"269","SALM_V2LNSSA_3",1,4,2021-06-13 12:57:24,2021-06-13 13:15:21,"V2LNSSA"
"270","SALM_V2LNSSA_4",1,11,2022-06-09 07:12:01,2022-06-09 07:27:08,"V2LNSSA"
"271","SALM_V2LNSSA_5",1,9,2022-06-06 16:29:01,2022-06-06 21:46:43,"V2LNSSA"
"272","SALM_V2LNSSA_7",1,3,2019-06-19 01:37:15,2019-06-19 01:47:42,"V2LNSSA"
"273","STURG_QSLR_1",1,9,2018-11-19 12:14:07,2018-11-19 12:52:35,"QSLR"
"274","WHITE_CCOCE_1",1,7,2020-07-25 05:01:00,2020-07-25 05:11:18,"CCOCE"
"275","WHITE_CCOCE_10",1,20,2023-07-04 09:30:29,2023-07-04 10:51:24,"CCOCE"
"276","WHITE_CCOCE_11",1,5,2022-10-31 17:44:21,2022-10-31 18:17:52,"CCOCE"
"277","WHITE_CCOCE_13",1,3,2023-07-06 19:05:00,2023-07-06 19:08:11,"CCOCE"
"278","WHITE_CCOCE_14",1,14,2023-07-12 11:17:24,2024-06-28 13:10:22,"CCOCE"
"279","WHITE_CCOCE_15",1,25,2022-11-04 02:12:39,2024-06-30 23:36:38,"CCOCE"
"280","WHITE_CCOCE_16",1,2,2024-10-18 23:35:15,2024-10-18 23:37:25,"CCOCE"
"281","WHITE_CCOCE_17",1,34,2024-06-19 18:58:18,2024-06-19 23:34:06,"CCOCE"
"282","WHITE_CCOCE_18",1,10,2024-07-07 11:53:39,2024-07-07 12:08:47,"CCOCE"
"283","WHITE_CCOCE_19",1,5,2024-06-23 20:37:17,2024-06-23 20:44:38,"CCOCE"
"284","WHITE_CCOCE_2",1,19,2020-11-20 12:01:38,2020-11-20 12:51:17,"CCOCE"
"285","WHITE_CCOCE_3",1,3,2021-11-11 19:20:53,2021-11-11 19:23:04,"CCOCE"
"286","WHITE_CCOCE_4",1,6,2021-06-19 14:28:05,2021-06-19 14:36:13,"CCOCE"
"287","WHITE_CCOCE_5",1,13,2022-07-02 14:14:42,2022-07-02 15:17:48,"CCOCE"
"288","WHITE_CCOCE_6",1,8,2020-10-01 00:29:06,2020-10-01 00:40:22,"CCOCE"
"289","WHITE_CCOCE_7",1,35,2020-07-12 19:57:47,2023-09-26 07:22:35,"CCOCE"
"290","WHITE_CCOCE_8",1,37,2020-07-07 07:37:17,2021-06-22 05:53:02,"CCOCE"
"291","WHITE_CCOCE_9",1,2,2019-07-01 03:18:45,2019-07-01 03:20:30,"CCOCE"
"292","WHITE_HMSWEA_1",1,18,2022-09-14 22:05:59,2024-08-05 05:04:09,"HMSWEA"
"293","WHITE_HMSWEA_2",1,4,2023-09-21 19:18:42,2023-09-21 19:25:37,"HMSWEA"
"294","WHITE_HMSWEA_3",1,32,2023-09-04 21:06:43,2023-09-28 00:50:16,"HMSWEA"
"295","WHITE_MSRPWS_1",1,17,2024-07-21 13:38:43,2024-07-22 12:43:38,"MSRPWS"
"296","WHITE_MSRPWS_10",1,21,2019-07-18 17:09:58,2023-10-29 11:21:56,"MSRPWS"
"297","WHITE_MSRPWS_11",1,9,2021-11-13 21:18:21,2024-06-26 19:18:15,"MSRPWS"
"298","WHITE_MSRPWS_12",1,15,2021-08-01 04:47:47,2023-10-27 21:23:34,"MSRPWS"
"299","WHITE_MSRPWS_13",1,23,2019-09-05 16:59:29,2024-07-14 19:40:45,"MSRPWS"
"300","WHITE_MSRPWS_14",1,6,2019-10-13 15:09:21,2019-10-13 15:21:24,"MSRPWS"
"301","WHITE_MSRPWS_16",1,8,2016-02-20 00:18:50,2016-02-20 00:27:04,"MSRPWS"
"302","WHITE_MSRPWS_17",1,25,2021-08-26 08:09:57,2021-11-14 19:39:09,"MSRPWS"
"303","WHITE_MSRPWS_18",1,33,2023-08-01 15:55:26,2023-10-04 15:51:50,"MSRPWS"
"304","WHITE_MSRPWS_19",1,9,2022-09-18 07:07:25,2022-09-18 09:19:59,"MSRPWS"
"305","WHITE_MSRPWS_2",1,22,2020-08-13 17:53:50,2023-11-16 14:14:23,"MSRPWS"
"306","WHITE_MSRPWS_20",1,8,2021-11-03 10:31:21,2021-11-03 10:43:04,"MSRPWS"
"307","WHITE_MSRPWS_21",1,11,2022-08-30 20:10:53,2022-10-28 02:47:44,"MSRPWS"
"308","WHITE_MSRPWS_22",1,14,2023-07-07 23:37:42,2023-07-08 03:49:19,"MSRPWS"
"309","WHITE_MSRPWS_23",1,9,2022-06-06 13:04:04,2022-06-06 13:20:55,"MSRPWS"
"310","WHITE_MSRPWS_24",1,4,2021-11-03 00:55:10,2021-11-03 00:58:48,"MSRPWS"
"311","WHITE_MSRPWS_25",1,31,2020-08-08 17:48:29,2023-07-31 08:05:30,"MSRPWS"
"312","WHITE_MSRPWS_26",1,21,2021-07-31 22:14:18,2021-11-04 17:29:00,"MSRPWS"
"313","WHITE_MSRPWS_27",1,29,2023-07-27 09:27:56,2024-07-29 23:36:55,"MSRPWS"
"314","WHITE_MSRPWS_28",1,9,2022-10-18 02:48:23,2022-10-18 02:59:22,"MSRPWS"
"315","WHITE_MSRPWS_29",1,16,2022-07-24 11:11:08,2022-07-24 15:15:14,"MSRPWS"
"316","WHITE_MSRPWS_3",1,11,2023-06-27 06:34:08,2023-10-04 14:54:21,"MSRPWS"
"317","WHITE_MSRPWS_30",1,94,2022-07-20 22:09:34,2022-07-21 19:13:14,"MSRPWS"
"318","WHITE_MSRPWS_31",1,6,2020-07-04 15:12:38,2020-07-04 15:22:09,"MSRPWS"
"319","WHITE_MSRPWS_32",1,42,2023-08-05 07:20:31,2023-09-25 21:22:26,"MSRPWS"
"320","WHITE_MSRPWS_33",1,7,2020-07-20 16:40:18,2021-06-28 21:00:07,"MSRPWS"
"321","WHITE_MSRPWS_34",1,24,2023-07-28 07:33:31,2024-06-24 14:35:04,"MSRPWS"
"322","WHITE_MSRPWS_35",1,22,2023-07-17 14:46:46,2023-07-17 15:41:38,"MSRPWS"
"323","WHITE_MSRPWS_36",1,50,2022-08-05 19:02:38,2022-08-06 06:16:51,"MSRPWS"
"324","WHITE_MSRPWS_37",1,14,2020-10-07 01:48:11,2022-10-13 16:21:47,"MSRPWS"
"325","WHITE_MSRPWS_38",1,10,2022-07-22 06:03:55,2023-11-04 22:23:51,"MSRPWS"
"326","WHITE_MSRPWS_39",1,7,2022-12-05 04:56:22,2022-12-05 05:08:43,"MSRPWS"
"327","WHITE_MSRPWS_4",1,24,2023-09-18 02:09:22,2024-07-22 00:10:43,"MSRPWS"
"328","WHITE_MSRPWS_41",1,30,2023-07-09 07:37:13,2023-07-09 15:44:07,"MSRPWS"
"329","WHITE_MSRPWS_43",1,62,2022-10-31 17:32:28,2022-10-31 23:39:41,"MSRPWS"
"330","WHITE_MSRPWS_45",1,17,2023-08-02 15:25:02,2023-09-28 14:57:18,"MSRPWS"
"331","WHITE_MSRPWS_47",1,4,2022-06-15 02:03:39,2022-06-15 02:08:06,"MSRPWS"
"332","WHITE_MSRPWS_5",1,73,2022-11-08 06:49:19,2024-07-15 09:17:00,"MSRPWS"
"333","WHITE_MSRPWS_6",1,9,2023-08-16 11:09:20,2024-07-27 12:38:56,"MSRPWS"
"334","WHITE_MSRPWS_7",1,36,2020-08-08 00:23:06,2023-09-27 13:53:39,"MSRPWS"
"335","WHITE_MSRPWS_8",1,7,2021-11-16 14:47:33,2024-07-07 01:33:13,"MSRPWS"
"336","WHITE_MSRPWS_9",1,7,2024-07-22 23:11:39,2024-07-22 23:19:49,"MSRPWS"
"337","WHITE_NY_1",1,4,2021-10-31 22:28:53,2021-10-31 22:34:11,"NYSHARKS"
"338","WHITE_NY_12",1,9,2023-07-17 02:03:06,2023-07-17 08:42:11,"NYSHARKS"
"339","WHITE_NY_14",1,13,2020-08-13 08:16:31,2021-09-26 10:21:24,"NYSHARKS"
"340","WHITE_NY_3",1,4,2023-07-20 10:32:47,2023-07-20 15:33:35,"NYSHARKS"
"341","WHITE_NY_9",1,9,2021-11-02 17:05:00,2024-07-19 21:31:16,"NYSHARKS"
"342","WHITE_SBUSOMAS01_1",1,3,2023-10-24 06:00:33,2023-10-24 06:04:57,"SBUSOMAS01"
"343","WHITE_V2LWSAMP_1",1,5,2019-09-30 12:01:46,2019-09-30 12:08:43,"V2LWSAMP"
"344","WHITE_VMLPPWS_1",1,4,2023-04-07 01:05:50,2023-04-07 01:11:36,"VMLPPWS"
