"","collectioncode","OTN_ARRAY_2","OTN_ARRAY_3","station_name","STATION_NO2","STATION_NO3","STATION_NO4","deploy_date","stn_lat","stn_long","RECEIVER_SN","RECEIVER_TAG_ID","RECOVERED","recovery_date","YEAR_DEPLOYED","COMMENTS","diff_recovery_time","...1","Assigned_c","depth","Zone","mean_depth"
"1","SABMPA","SAB_OLD","SAB_NORTH","N1","N1","N1","N1",2015-05-11,46.17733,-59.22367,545784,"A69-1601-60248","Y",2016-04-17 18:12:00,2015,NA,"N",22,"C - Till >50% cobbles/gravel",77.9,1,77.9
"2","SABMPA","SAB_OLD","SAB_NORTH","N10","N10","N10","N10",2015-05-11,46.21183,-59.11783,545780,"A69-1601-60244","Y",2016-04-17 16:25:00,2015,NA,"N",1,"A - Mud",124.8,1,110.2
"3","SABMPA","SAB_OLD","SAB_NORTH","N11","N11","N11","N11",2015-05-11,46.21567,-59.10617,545768,"A69-1601-60232","Y",2016-04-17 16:15:00,2015,NA,"N",2,"A - Mud",127.1,1,113.7
"4","SABMPA","SAB_OLD","SAB_NORTH","N12","N12","N12","N12",2015-05-11,46.2195,-59.09433,545772,"A69-1601-60236","Y",2016-04-17 16:06:00,2015,NA,"N",3,"A - Mud",129.6,1,119.2
"5","SABMPA","SAB_OLD","SAB_NORTH","N13","N13","N13","N13",2015-05-11,46.22333,-59.08267,545779,"A69-1601-60243","Y",2016-04-17 16:32:00,2015,NA,"N",4,"A - Mud",126.2,1,121.1
"6","SABMPA","SAB_OLD","SAB_NORTH","N2","N2","N2","N2",2015-05-11,46.18117,-59.21183,545783,"A69-1601-60247","Y",2016-04-17 18:05:00,2015,NA,"N",23,"C - Till >50% cobbles/gravel",75.6,1,75.6
"7","SABMPA","SAB_OLD","SAB_NORTH","N3","N3","N3","N3",2015-05-11,46.185,-59.20017,545782,"A69-1601-60246","Y",2016-04-17 17:53:00,2015,NA,"N",24,"C - Till >50% cobbles/gravel",80.5,1,80.5
"8","SABMPA","SAB_OLD","SAB_NORTH","N4","N4","N4","N4",2015-05-11,46.18883,-59.18833,545763,"A69-1601-60227","Y",2016-04-17 17:37:00,2015,NA,"N",25,"C - Till >50% cobbles/gravel",84,1,82.6
"9","SABMPA","SAB_OLD","SAB_NORTH","N5","N5","N5","N5",2015-05-11,46.19267,-59.17667,545774,"A69-1601-60238","Y",2016-04-17 17:15:00,2015,NA,"N",26,"C - Till >50% cobbles/gravel",92.1,1,85
"10","SABMPA","SAB_OLD","SAB_NORTH","N6","N6","N6","N6",2015-05-11,46.1965,-59.16483,545767,"A69-1601-60231","Y",2016-04-17 17:05:00,2015,NA,"N",27,"C - Till >50% cobbles/gravel",95.5,1,85.6
"11","SABMPA","SAB_OLD","SAB_NORTH","N7","N7","N7","N7",2015-05-11,46.20033,-59.15317,545777,"A69-1601-60241","Y",2016-04-17 16:55:15,2015,NA,"N",28,"C - Till >50% cobbles/gravel",100.3,1,90.4
"12","SABMPA","SAB_OLD","SAB_NORTH","N8","N8","N8","N8",2015-05-11,46.20417,-59.14133,545760,"A69-1601-60224","Y",2016-04-17 16:40:00,2015,NA,"N",29,"C - Till >50% cobbles/gravel",108.7,1,96.3
"13","SABMPA","SAB_OLD","SAB_NORTH","N9","N9","N9","N9",2015-05-11,46.208,-59.12967,545775,"A69-1601-60239","Y",2016-04-17 16:37:00,2015,NA,"N",30,"C - Till >50% cobbles/gravel",115.9,1,104
"14","SABMPA","SAB_OLD","SAB_SOUTH","S1","S1","S1","S1",2015-05-11,46.02183,-59.03367,545764,"A69-1601-60228","Y",2016-04-17 10:30:00,2015,NA,"N",36,"C - Till >50% cobbles/gravel",94.4,1,103.8
"15","SABMPA","SAB_OLD","SAB_SOUTH","S10","S10","S10","S10",2015-05-11,46.02183,-58.917,545765,"A69-1601-60229","Y",2016-04-17 12:25:00,2015,NA,"N",64,"A - Mud",139.6,1,138.4
"16","SABMPA","SAB_OLD","SAB_SOUTH","S11","S11","S11","S11",2015-05-11,46.02183,-58.90417,545778,"A69-1601-60242","Y",2016-04-17 12:36:00,2015,NA,"N",65,"A - Mud",146.3,1,147.6
"17","SABMPA","SAB_OLD","SAB_SOUTH","S12","S12","S12","S12",2015-05-11,46.02183,-58.89117,545776,"A69-1601-60240","Y",2016-04-17 12:47:00,2015,NA,"N",66,"A - Mud",150.8,1,149.9
"18","SABMPA","SAB_OLD","SAB_SOUTH","S13","S13","S13","S13",2015-05-11,46.02183,-58.87817,545773,"A69-1601-60237","Y",2016-04-17 13:02:00,2015,NA,"N",67,"A - Mud",147.9,1,152.6
"19","SABMPA","SAB_OLD","SAB_SOUTH","S2","S2","S2","S2",2015-05-11,46.02183,-59.02067,545770,"A69-1601-60234","Y",2016-04-17 10:52:00,2015,NA,"N",37,"C - Till >50% cobbles/gravel",88.5,1,103
"20","SABMPA","SAB_OLD","SAB_SOUTH","S3","S3","S3","S3",2015-05-11,46.02183,-59.00783,545781,"A69-1601-60245","Y",2016-04-17 11:05:00,2015,NA,"N",38,"C - Till >50% cobbles/gravel",93.9,1,106.6
"21","SABMPA","SAB_OLD","SAB_SOUTH","S4","S4","S4","S4",2015-05-11,46.02183,-58.99483,545762,"A69-1601-60226","Y",2016-04-17 11:10:00,2015,NA,"N",39,"C - Till >50% cobbles/gravel",105.4,1,115
"22","SABMPA","SAB_OLD","SAB_SOUTH","S5","S5","S5","S5",2015-05-11,46.02183,-58.98183,545761,"A69-1601-60225","Y",2016-04-17 11:15:00,2015,NA,"N",71,"A - Mud",137.2,1,123.2
"23","SABMPA","SAB_OLD","SAB_SOUTH","S6","S6","S6","S6",2015-05-11,46.02183,-58.96883,545713,"A69-1601-60177","Y",2016-04-17 11:30:00,2015,NA,"N",72,"A - Mud",148.9,1,131.1
"24","SABMPA","SAB_OLD","SAB_SOUTH","S7","S7","S7","S7",2015-05-11,46.02183,-58.956,545769,"A69-1601-60233","Y",2016-04-17 11:52:00,2015,NA,"N",73,"A - Mud",148.9,1,133.2
"25","SABMPA","SAB_OLD","SAB_SOUTH","S8","S8","S8","S8",2015-05-11,46.02183,-58.943,545766,"A69-1601-60230","Y",2016-04-17 12:04:00,2015,NA,"N",74,"A - Mud",157.3,1,138.2
"26","SABMPA","SAB_OLD","SAB_SOUTH","S9","S9","S9","S9",2015-05-11,46.02183,-58.93,545771,"A69-1601-60235","Y",2016-04-17 12:15:00,2015,NA,"N",75,"A - Mud",134,1,127
"27","SABMPA","SAB_OLD","SAB_SOUTH","S14","S14","S14","S14",2016-04-17 09:59:00,46.02165,-59.0985,546076,"A69-1601-60540","Y",2017-05-05 08:21:36,2016,NA,"N",31,"C - Till >50% cobbles/gravel",94.4,1,114.2
"28","SABMPA","SAB_OLD","SAB_SOUTH","S15","S15","S15","S15",2016-04-17 10:04:36,46.021665,-59.08521,546087,"A69-1601-60551","Y",2017-05-05 08:32:34,2016,NA,"N",32,"C - Till >50% cobbles/gravel",88.5,1,114
"29","SABMPA","SAB_OLD","SAB_SOUTH","S16","S16","S16","S16",2016-04-17 10:09:40,46.02184,-59.0727367,546086,"A69-1601-60550","Y",2017-05-05 08:46:02,2016,NA,"N",33,"C - Till >50% cobbles/gravel",93.9,1,120.1
"30","SABMPA","SAB_OLD","SAB_SOUTH","S17","S17","S17","S17",2016-04-17 10:14:32,46.021775,-59.0594683,546081,"A69-1601-60545","Y",2017-05-05 08:59:38,2016,NA,"N",34,"C - Till >50% cobbles/gravel",105.4,1,128.1
"31","SABMPA","SAB_OLD","SAB_SOUTH","S18","S18","S18","S18",2016-04-17 10:19:52,46.021835,-59.0470217,546088,"A69-1601-60552","Y",2017-05-05 09:11:08,2016,NA,"N",76,"A - Mud",109.3,1,128.6
"32","SABMPA","SAB_OLD","SAB_SOUTH","S01","S1","S1","S01",2016-04-17 10:25:07,46.0217533,-59.034,546085,"A69-1601-60549","Y",2017-05-05 09:24:15,2016,NA,"N",36,"C - Till >50% cobbles/gravel",94.4,1,103.8
"33","SABMPA","SAB_OLD","SAB_SOUTH","S02","S2","S2","S02",2016-04-17 10:47:46,46.0217517,-59.0196017,546090,"A69-1601-60554","Y",2017-05-05 09:38:17,2016,NA,"N",37,"C - Till >50% cobbles/gravel",88.5,1,103
"34","SABMPA","SAB_OLD","SAB_SOUTH","S03","S3","S3","S03",2016-04-17 11:00:03,46.0218417,-59.0077333,546077,"A69-1601-60541","Y",2017-05-05 09:49:32,2016,NA,"N",38,"C - Till >50% cobbles/gravel",93.9,1,106.6
"35","SABMPA","SAB_OLD","SAB_SOUTH","S04","S4","S4","S04",2016-04-17 11:05:45,46.0221667,-58.9950333,546073,"A69-1601-60537","Y",2017-05-05 10:02:07,2016,NA,"N",39,"C - Till >50% cobbles/gravel",105.4,1,115
"36","SABMPA","SAB_OLD","SAB_SOUTH","S05","S5","S5","S05",2016-04-17 11:17:36,46.0219883,-58.9821033,545764,"A69-1601-60228","Y",2017-05-05 10:12:10,2016,NA,"N",71,"A - Mud",137.2,1,123.2
"37","SABMPA","SAB_OLD","SAB_SOUTH","S06","S6","S6","S06",2016-04-17 11:29:19,46.0217067,-58.9693883,545770,"A69-1601-60234","Y",2017-05-05 10:21:33,2016,NA,"N",72,"A - Mud",148.9,1,131.1
"38","SABMPA","SAB_OLD","SAB_SOUTH","S07","S7","S7","S07",2016-04-17 11:47:42,46.02181,-58.9558467,545781,"A69-1601-60245","Y",2017-05-05 10:32:23,2016,NA,"N",73,"A - Mud",148.9,1,133.2
"39","SABMPA","SAB_OLD","SAB_SOUTH","S08","S8","S8","S08",2016-04-17 11:59:56,46.0218767,-58.942495,545762,"A69-1601-60226","Y",2017-05-05 10:41:39,2016,NA,"N",74,"A - Mud",157.3,1,138.2
"40","SABMPA","SAB_OLD","SAB_SOUTH","S09","S9","S9","S09",2016-04-17 12:11:01,46.0221683,-58.9298167,545761,"A69-1601-60225","Y",2017-05-05 10:50:29,2016,NA,"N",75,"A - Mud",134,1,127
"41","SABMPA","SAB_OLD","SAB_SOUTH","S10","S10","S10","S10",2016-04-17 12:21:47,46.021515,-58.9173083,545713,"A69-1601-60177","Y",2017-05-05 11:00:44,2016,NA,"N",64,"A - Mud",139.6,1,138.4
"42","SABMPA","SAB_OLD","SAB_SOUTH","S11","S11","S11","S11",2016-04-17 12:31:24,46.0229433,-58.9034167,545769,"A69-1601-60233","Y",2017-05-05 11:10:08,2016,NA,"N",65,"A - Mud",146.3,1,147.6
"43","SABMPA","SAB_OLD","SAB_SOUTH","S12","S12","S12","S12",2016-04-17 12:43:27,46.0222267,-58.8909633,545766,"A69-1601-60230","Y",2017-05-05 11:19:30,2016,NA,"N",66,"A - Mud",150.8,1,149.9
"44","SABMPA","SAB_OLD","SAB_SOUTH","S13","S13","S13","S13",2016-04-17 12:58:50,46.0219567,-58.8777333,545771,"A69-1601-60235","Y",2017-05-05 11:28:53,2016,NA,"N",67,"A - Mud",147.9,1,152.6
"45","SABMPA","SAB_OLD","SAB_SOUTH","S19","S19","S19","S19",2016-04-17 13:11:19,46.0217517,-58.8646533,545765,"A69-1601-60229","Y",2017-05-05 11:38:36,2016,NA,"N",78,"A - Mud",116.5,1,116.5
"46","SABMPA","SAB_OLD","SAB_SOUTH","S21","S21","S21","S21",2016-04-17 13:19:44,46.021775,-58.8395633,545773,"A69-1601-60237","Y",2017-05-05 12:01:18,2016,NA,"N",125,"C - Till >50% cobbles/gravel",124.9,1,124.9
"47","SABMPA","SAB_OLD","SAB_SOUTH","S22","S22","S22","S22",2016-04-17 13:34:51,46.0220217,-58.8260633,546074,"A69-1601-60538","Y",2017-05-05 12:10:19,2016,NA,"N",79,"A - Mud",132.4,1,132.4
"48","SABMPA","SAB_OLD","SAB_SOUTH","S23","S23","S23","S23",2016-04-17 13:40:16,46.0220817,-58.8129933,545778,"A69-1601-60242","Y",2017-05-05 12:18:36,2016,NA,"N",80,"A - Mud",140.1,1,140.1
"49","SABMPA","SAB_OLD","SAB_NORTH","N21","N21","N21","N21",2016-04-17 15:31:45,46.2427133,-59.0237817,546072,"A69-1601-60536","Y",2017-05-05 14:18:47,2016,NA,"N",5,"A - Mud",131.6,1,131.3
"50","SABMPA","SAB_OLD","SAB_NORTH","N20","N20","N20","N20",2016-04-17 15:36:19,46.2385067,-59.0359533,546078,"A69-1601-60542","Y",2017-05-05 14:27:45,2016,NA,"N",6,"A - Mud",131.1,1,131.9
"51","SABMPA","SAB_OLD","SAB_NORTH","N19","N19","N19","N19",2016-04-17 15:40:12,46.2342133,-59.0474983,546079,"A69-1601-60543","Y",2017-05-05 14:36:40,2016,NA,"N",7,"A - Mud",132.8,1,130.2
"52","SABMPA","SAB_OLD","SAB_NORTH","N18","N18","N18","N18",2016-04-17 15:44:02,46.2311183,-59.05933,546089,"A69-1601-60553","Y",2017-05-05 14:47:12,2016,NA,"N",8,"A - Mud",127.6,1,128.4
"53","SABMPA","SAB_OLD","SAB_NORTH","N17","N17","N17","N17",2016-04-17 15:48:32,46.22687,-59.0712533,546083,"A69-1601-60547","Y",2017-05-05 14:56:12,2016,NA,"N",9,"A - Mud",127.6,1,126.9
"54","SABMPA","SAB_OLD","SAB_NORTH","N16","N16","N16","N16",2016-04-17 15:52:07,46.2236,-59.0823217,546080,"A69-1601-60544","Y",2017-05-05 15:04:28,2016,NA,"N",10,"A - Mud",126.2,1,127.9
"55","SABMPA","SAB_OLD","SAB_NORTH","N12","N12","N12","N12",2016-04-17 16:03:46,46.219645,-59.09437,546082,"A69-1601-60546","Y",2017-05-05 15:14:02,2016,NA,"N",3,"A - Mud",129.6,1,119.2
"56","SABMPA","SAB_OLD","SAB_NORTH","N11","N11","N11","N11",2016-04-17 16:13:30,46.2159367,-59.106225,546071,"A69-1601-60535","Y",2017-05-05 15:21:53,2016,NA,"N",2,"A - Mud",127.1,1,113.7
"57","SABMPA","SAB_OLD","SAB_NORTH","N10","N10","N10","N10",2016-04-17 16:22:05,46.2115167,-59.1180767,546084,"A69-1601-60548","Y",2017-05-05 15:30:50,2016,NA,"N",1,"A - Mud",124.8,1,110.2
"58","SABMPA","SAB_OLD","SAB_NORTH","N09","N9","N9","N09",2016-04-17 16:32:45,46.2079083,-59.1304183,546075,"A69-1601-60539","Y",2017-05-05 15:39:56,2016,NA,"N",30,"C - Till >50% cobbles/gravel",115.9,1,104
"59","SABMPA","SAB_OLD","SAB_NORTH","N08","N8","N8","N08",2016-04-17 16:42:12,46.203695,-59.1413333,545779,"A69-1601-60243","Y",2017-05-05 15:48:59,2016,NA,"N",29,"C - Till >50% cobbles/gravel",108.7,1,96.3
"60","SABMPA","SAB_OLD","SAB_NORTH","N07","N7","N7","N07",2016-04-17 16:50:15,46.2003167,-59.15317,545768,"A69-1601-60232","Y",2017-05-05 15:57:27,2016,NA,"N",28,"C - Till >50% cobbles/gravel",100.3,1,90.4
"61","SABMPA","SAB_OLD","SAB_NORTH","N06","N6","N6","N06",2016-04-17 16:59:18,46.19661,-59.1646483,545780,"A69-1601-60244","Y",2017-05-05 16:08:28,2016,NA,"N",27,"C - Till >50% cobbles/gravel",95.5,1,85.6
"62","SABMPA","SAB_OLD","SAB_NORTH","N05","N5","N5","N05",2016-04-17 17:10:48,46.1924583,-59.1766633,545775,"A69-1601-60239","Y",2017-05-05 16:16:42,2016,NA,"N",26,"C - Till >50% cobbles/gravel",92.1,1,85
"63","SABMPA","SAB_OLD","SAB_NORTH","N04","N4","N4","N04",2016-04-17 17:32:51,46.18923,-59.188285,545772,"A69-1601-60236","Y",2017-05-05 16:24:56,2016,NA,"N",25,"C - Till >50% cobbles/gravel",84,1,82.6
"64","SABMPA","SAB_OLD","SAB_NORTH","N03","N3","N3","N03",2016-04-17 17:48:04,46.1840083,-59.2005267,545760,"A69-1601-60224","Y",2017-05-05 16:34:27,2016,NA,"N",24,"C - Till >50% cobbles/gravel",80.5,1,80.5
"65","SABMPA","SAB_OLD","SAB_NORTH","N02","N2","N2","N02",2016-04-17 18:01:04,46.1812317,-59.2119417,545777,"A69-1601-60241","Y",2017-05-05 16:42:42,2016,NA,"N",23,"C - Till >50% cobbles/gravel",75.6,1,75.6
"66","SABMPA","SAB_OLD","SAB_NORTH","N01","N1","N1","N01",2016-04-17 18:10:00,46.17732,-59.2236383,545767,"A69-1601-60231","Y",2017-05-05 16:52:00,2016,NA,"N",22,"C - Till >50% cobbles/gravel",77.9,1,77.9
"67","SABMPA","SAB_OLD","SAB_NORTH","N15","N15","N15","N15",2016-04-17 18:19:50,46.1734283,-59.236135,545774,"A69-1601-60238","Y",2017-05-05 17:00:52,2016,NA,"N",20,"A - Mud",127.1,1,104.2
"68","SABMPA","SAB_OLD","SAB_NORTH","N14","N14","N14","N14",2016-04-17 18:24:09,46.1697033,-59.247575,545782,"A69-1601-60246","Y",2017-05-05 17:11:03,2016,NA,"N",21,"A - Mud",124.8,1,124.8
"69","SABMPA","SAB_OLD","SAB_NORTH","N13","N13","N13","N13",2016-04-17 18:28:37,46.1655733,-59.2590933,545783,"A69-1601-60247","Y",2017-05-05 17:22:28,2016,NA,"N",4,"A - Mud",126.2,1,121.1
"70","SABMPA","SAB_OLD","SAB_SOUTH","S20","S20","S20","S20",2016-04-17 20:41:45,46.021635,-58.8518467,545784,"A69-1601-60248","Y",2017-05-05 11:48:50,2016,NA,"N",126,"C - Till >50% cobbles/gravel",125.1,1,125.1
"71","SABMPA","SAB_OLD","SAB_SOUTH","S14","S14","S14","S14",2017-05-05 08:21:36,46.0217467,-59.0979733,545714,"A69-1601-60178","Y",2018-06-10 07:50:24,2017,NA,"N",31,"C - Till >50% cobbles/gravel",94.4,1,114.2
"72","SABMPA","SAB_OLD","SAB_SOUTH","S15","S15","S15","S15",2017-05-05 08:32:34,46.0212983,-59.0849783,545575,"A69-1601-60039","Y",2018-06-10 07:57:51,2017,NA,"N",32,"C - Till >50% cobbles/gravel",88.5,1,114
"73","SABMPA","SAB_OLD","SAB_SOUTH","S16","S16","S16","S16",2017-05-05 08:46:02,46.0214783,-59.0718867,545577,"A69-1601-60041","Y",2018-06-10 08:17:11,2017,NA,"N",33,"C - Till >50% cobbles/gravel",93.9,1,120.1
"74","SABMPA","SAB_OLD","SAB_SOUTH","S17","S17","S17","S17",2017-05-05 08:59:38,46.0214883,-59.0597483,545571,"A69-1601-60035","Y",2018-06-10 08:26:02,2017,NA,"N",34,"C - Till >50% cobbles/gravel",105.4,1,128.1
"75","SABMPA","SAB_OLD","SAB_SOUTH","S18","S18","S18","S18",2017-05-05 09:11:08,46.0210717,-59.0471433,546076,"A69-1601-60540","Y",2018-06-10 08:37:48,2017,NA,"N",76,"A - Mud",109.3,1,128.6
"76","SABMPA","SAB_OLD","SAB_SOUTH","S1","S1","S1","S1",2017-05-05 09:24:15,46.0217633,-59.0339,545570,"A69-1601-60034","Y",2018-06-10 08:49:56,2017,NA,"N",36,"C - Till >50% cobbles/gravel",94.4,1,103.8
"77","SABMPA","SAB_OLD","SAB_SOUTH","S2","S2","S2","S2",2017-05-05 09:38:17,46.0215817,-59.0212517,546087,"A69-1601-60551","Y",2018-06-10 08:59:22,2017,NA,"N",37,"C - Till >50% cobbles/gravel",88.5,1,103
"78","SABMPA","SAB_OLD","SAB_SOUTH","S3","S3","S3","S3",2017-05-05 09:49:32,46.0219467,-59.0078067,546086,"A69-1601-60550","Y",2018-06-10 09:12:20,2017,NA,"N",38,"C - Till >50% cobbles/gravel",93.9,1,106.6
"79","SABMPA","SAB_OLD","SAB_SOUTH","S4","S4","S4","S4",2017-05-05 10:02:07,46.0217433,-58.9951117,546081,"A69-1601-60545","Y",2018-06-10 09:20:57,2017,NA,"N",39,"C - Till >50% cobbles/gravel",105.4,1,115
"80","SABMPA","SAB_OLD","SAB_SOUTH","S5","S5","S5","S5",2017-05-05 10:12:10,46.0218,-58.9823183,546088,"A69-1601-60552","Y",2018-06-10 09:30:05,2017,NA,"N",71,"A - Mud",137.2,1,123.2
"81","SABMPA","SAB_OLD","SAB_SOUTH","S6","S6","S6","S6",2017-05-05 10:21:33,46.021765,-58.9691933,546090,"A69-1601-60554","Y",2018-06-10 09:38:55,2017,NA,"N",72,"A - Mud",148.9,1,131.1
"82","SABMPA","SAB_OLD","SAB_SOUTH","S7","S7","S7","S7",2017-05-05 10:32:23,46.0217517,-58.9559967,546077,"A69-1601-60541","Y",2018-06-10 09:48:45,2017,NA,"N",73,"A - Mud",148.9,1,133.2
"83","SABMPA","SAB_OLD","SAB_SOUTH","S8","S8","S8","S8",2017-05-05 10:41:39,46.0218517,-58.9432033,546073,"A69-1601-60537","Y",2018-06-10 09:57:27,2017,NA,"N",74,"A - Mud",157.3,1,138.2
"84","SABMPA","SAB_OLD","SAB_SOUTH","S9","S9","S9","S9",2017-05-05 10:50:29,46.0218583,-58.93022,545764,"A69-1601-60228","Y",2018-06-10 10:06:28,2017,NA,"N",75,"A - Mud",134,1,127
"85","SABMPA","SAB_OLD","SAB_SOUTH","S10","S10","S10","S10",2017-05-05 11:00:44,46.02195,-58.91744,546085,"A69-1601-60549","Y",2018-06-10 10:15:09,2017,NA,"N",64,"A - Mud",139.6,1,138.4
"86","SABMPA","SAB_OLD","SAB_SOUTH","S11","S11","S11","S11",2017-05-05 11:10:08,46.021975,-58.9041383,545770,"A69-1601-60234","Y",2018-06-10 10:23:50,2017,NA,"N",65,"A - Mud",146.3,1,147.6
"87","SABMPA","SAB_OLD","SAB_SOUTH","S12","S12","S12","S12",2017-05-05 11:19:30,46.02181,-58.8914383,545781,"A69-1601-60245","Y",2018-06-10 10:33:46,2017,NA,"N",66,"A - Mud",150.8,1,149.9
"88","SABMPA","SAB_OLD","SAB_SOUTH","S13","S13","S13","S13",2017-05-05 11:28:53,46.0216867,-58.8781117,545762,"A69-1601-60226","Y",2018-06-10 10:42:29,2017,NA,"N",67,"A - Mud",147.9,1,152.6
"89","SABMPA","SAB_OLD","SAB_SOUTH","S19","S19","S19","S19",2017-05-05 11:38:36,46.02147,-58.864935,545761,"A69-1601-60225","Y",2018-06-10 10:51:26,2017,NA,"N",78,"A - Mud",116.5,1,116.5
"90","SABMPA","SAB_OLD","SAB_SOUTH","S20","S20","S20","S20",2017-05-05 11:48:50,46.0216117,-58.8520883,545713,"A69-1601-60177","Y",2018-06-10 10:59:47,2017,NA,"N",126,"C - Till >50% cobbles/gravel",125.1,1,125.1
"91","SABMPA","SAB_OLD","SAB_SOUTH","S21","S21","S21","S21",2017-05-05 12:01:18,46.0220317,-58.8395933,545769,"A69-1601-60233","Y",2018-06-10 11:07:54,2017,NA,"N",125,"C - Till >50% cobbles/gravel",124.9,1,124.9
"92","SABMPA","SAB_OLD","SAB_SOUTH","S22","S22","S22","S22",2017-05-05 12:10:19,46.0218483,-58.8264917,545766,"A69-1601-60230","Y",2018-06-10 11:17:23,2017,NA,"N",79,"A - Mud",132.4,1,132.4
"93","SABMPA","SAB_OLD","SAB_SOUTH","S23","S23","S23","S23",2017-05-05 12:18:36,46.0217517,-58.81311,545771,"A69-1601-60235","Y",2018-06-10 11:25:52,2017,NA,"N",80,"A - Mud",140.1,1,140.1
"94","SABMPA","SAB_OLD","SAB_NORTH","N22","N22","N22","N22",2017-05-05 14:14:32,46.2465883,-59.0120083,545765,"A69-1601-60229","Y",2018-06-10 13:17:54,2017,NA,"N",11,"A - Mud",141.4,1,136.5
"95","SABMPA","SAB_OLD","SAB_NORTH","N21","N21","N21","N21",2017-05-05 14:18:47,46.2419083,-59.02366,545784,"A69-1601-60248","Y",2018-06-10 13:26:32,2017,NA,"N",5,"A - Mud",131.6,1,131.3
"96","SABMPA","SAB_OLD","SAB_NORTH","N20","N20","N20","N20",2017-05-05 14:27:45,46.2383633,-59.0360267,545773,"A69-1601-60237","Y",2018-06-10 13:35:45,2017,NA,"N",6,"A - Mud",131.1,1,131.9
"97","SABMPA","SAB_OLD","SAB_NORTH","N19","N19","N19","N19",2017-05-05 14:36:40,46.2343883,-59.0472717,546074,"A69-1601-60538","Y",2018-06-10 13:44:42,2017,NA,"N",7,"A - Mud",132.8,1,130.2
"98","SABMPA","SAB_OLD","SAB_NORTH","N18","N18","N18","N18",2017-05-05 14:47:12,46.230845,-59.0587067,545778,"A69-1601-60242","Y",2018-06-10 13:54:05,2017,NA,"N",8,"A - Mud",127.6,1,128.4
"99","SABMPA","SAB_OLD","SAB_NORTH","N17","N17","N17","N17",2017-05-05 14:56:12,46.2269667,-59.0710983,546072,"A69-1601-60536","Y",2018-06-10 14:03:11,2017,NA,"N",9,"A - Mud",127.6,1,126.9
"100","SABMPA","SAB_OLD","SAB_NORTH","N16","N16","N16","N16",2017-05-05 15:04:28,46.2235067,-59.0826333,546078,"A69-1601-60542","Y",2018-06-10 14:10:56,2017,NA,"N",10,"A - Mud",126.2,1,127.9
"101","SABMPA","SAB_OLD","SAB_NORTH","N12","N12","N12","N12",2017-05-05 15:14:02,46.2194033,-59.094255,546079,"A69-1601-60543","Y",2018-06-10 14:19:33,2017,NA,"N",3,"A - Mud",129.6,1,119.2
"102","SABMPA","SAB_OLD","SAB_NORTH","N11","N11","N11","N11",2017-05-05 15:21:53,46.2158183,-59.1062267,546089,"A69-1601-60553","Y",2018-06-10 14:28:47,2017,NA,"N",2,"A - Mud",127.1,1,113.7
"103","SABMPA","SAB_OLD","SAB_NORTH","N10","N10","N10","N10",2017-05-05 15:30:50,46.211525,-59.1181867,546083,"A69-1601-60547","Y",2018-06-10 14:38:20,2017,NA,"N",1,"A - Mud",124.8,1,110.2
"104","SABMPA","SAB_OLD","SAB_NORTH","N9","N9","N9","N9",2017-05-05 15:39:56,46.207945,-59.1299567,546080,"A69-1601-60544","Y",2018-06-10 14:46:45,2017,NA,"N",30,"C - Till >50% cobbles/gravel",115.9,1,104
"105","SABMPA","SAB_OLD","SAB_NORTH","N8","N8","N8","N8",2017-05-05 15:48:59,46.20403,-59.141355,546082,"A69-1601-60546","Y",2018-06-10 14:55:18,2017,NA,"N",29,"C - Till >50% cobbles/gravel",108.7,1,96.3
"106","SABMPA","SAB_OLD","SAB_NORTH","N7","N7","N7","N7",2017-05-05 15:57:27,46.2003583,-59.1534483,546071,"A69-1601-60535","Y",2018-06-10 15:03:29,2017,NA,"N",28,"C - Till >50% cobbles/gravel",100.3,1,90.4
"107","SABMPA","SAB_OLD","SAB_NORTH","N6","N6","N6","N6",2017-05-05 16:08:28,46.19662,-59.1646717,546084,"A69-1601-60548","Y",2018-06-10 15:11:15,2017,NA,"N",27,"C - Till >50% cobbles/gravel",95.5,1,85.6
"108","SABMPA","SAB_OLD","SAB_NORTH","N5","N5","N5","N5",2017-05-05 16:16:42,46.1925033,-59.1767317,546075,"A69-1601-60539","Y",2018-06-10 15:22:17,2017,NA,"N",26,"C - Till >50% cobbles/gravel",92.1,1,85
"109","SABMPA","SAB_OLD","SAB_NORTH","N4","N4","N4","N4",2017-05-05 16:24:56,46.1890517,-59.18804,545779,"A69-1601-60243","Y",2018-06-10 15:30:00,2017,NA,"N",25,"C - Till >50% cobbles/gravel",84,1,82.6
"110","SABMPA","SAB_OLD","SAB_NORTH","N3","N3","N3","N3",2017-05-05 16:34:27,46.1838233,-59.2002433,545768,"A69-1601-60232","Y",2018-06-10 15:40:10,2017,NA,"N",24,"C - Till >50% cobbles/gravel",80.5,1,80.5
"111","SABMPA","SAB_OLD","SAB_NORTH","N2","N2","N2","N2",2017-05-05 16:42:42,46.1814467,-59.21199,545780,"A69-1601-60244","Y",2018-06-10 15:48:37,2017,NA,"N",23,"C - Till >50% cobbles/gravel",75.6,1,75.6
"112","SABMPA","SAB_OLD","SAB_NORTH","N1","N1","N1","N1",2017-05-05 16:52:00,46.1773633,-59.2234933,545775,"A69-1601-60239","Y",2018-06-10 15:58:09,2017,NA,"N",22,"C - Till >50% cobbles/gravel",77.9,1,77.9
"113","SABMPA","SAB_OLD","SAB_NORTH","N15","N15","N15","N15",2017-05-05 17:00:52,46.1734883,-59.2354467,545772,"A69-1601-60236","Y",2018-06-10 16:07:00,2017,NA,"N",20,"A - Mud",127.1,1,104.2
"114","SABMPA","SAB_OLD","SAB_NORTH","N14","N14","N14","N14",2017-05-05 17:11:03,46.1697233,-59.2473633,545760,"A69-1601-60224","Y",2018-06-10 16:14:57,2017,NA,"N",21,"A - Mud",124.8,1,124.8
"115","SABMPA","SAB_OLD","SAB_NORTH","N13","N13","N13","N13",2017-05-05 17:22:28,46.16585,-59.2587933,545777,"A69-1601-60241","Y",2018-06-10 16:22:56,2017,NA,"N",4,"A - Mud",126.2,1,121.1
"116","SABMPA","SAB_OLD","SAB_NORTH","N23","N23","N23","N23",2017-05-05 17:27:52,46.1617521,-59.271142,545767,"A69-1601-60231","Y",2018-06-10 16:33:48,2017,NA,"N",13,"A - Mud",141.4,1,141.4
"117","SABMPA","SAB_OLD","SAB_SOUTH","S101","S1","S1","S101",2018-06-10 07:50:24,46.02183,-59.09836,547101,"A69-1601-61565","Y",2019-08-07 08:30:00,2018,NA,"N",36,"C - Till >50% cobbles/gravel",94.4,1,103.8
"118","SABMPA","SAB_OLD","SAB_SOUTH","S102","S2","S2","S102",2018-06-10 07:57:51,46.02143,-59.08513,547103,"A69-1601-61567","Y",2019-08-07 08:46:00,2018,NA,"N",37,"C - Till >50% cobbles/gravel",88.5,1,103
"119","SABMPA","SAB_OLD","SAB_SOUTH","S103","S3","S3","S103",2018-06-10 08:17:11,46.02125,-59.07238,545714,"A69-1601-60178","Y",2019-08-07 08:58:00,2018,NA,"N",38,"C - Till >50% cobbles/gravel",93.9,1,106.6
"120","SABMPA","SAB_OLD","SAB_SOUTH","S104","S4","S4","S104",2018-06-10 08:26:02,46.02141,-59.05982,547102,"A69-1601-61566","Y",2019-08-07 09:08:00,2018,NA,"N",39,"C - Till >50% cobbles/gravel",105.4,1,115
"121","SABMPA","SAB_OLD","SAB_SOUTH","S105","S5","S5","S105",2018-06-10 08:37:48,46.02091,-59.04642,545575,"A69-1601-60039","Y",2019-08-07 09:18:00,2018,NA,"N",71,"A - Mud",137.2,1,123.2
"122","SABMPA","SAB_OLD","SAB_SOUTH","S106","S6","S6","S106",2018-06-10 08:49:56,46.02219,-59.03353,545577,"A69-1601-60041","Y",2019-08-07 09:28:00,2018,NA,"N",72,"A - Mud",148.9,1,131.1
"123","SABMPA","SAB_OLD","SAB_SOUTH","S107","S7","S7","S107",2018-06-10 08:59:22,46.02177,-59.02082,545571,"A69-1601-60035","Y",2019-08-07 09:37:00,2018,NA,"N",73,"A - Mud",148.9,1,133.2
"124","SABMPA","SAB_OLD","SAB_SOUTH","S108","S8","S8","S108",2018-06-10 09:12:20,46.02186,-59.0051,546076,"A69-1601-60540","Y",2019-08-07 09:45:00,2018,NA,"N",74,"A - Mud",157.3,1,138.2
"125","SABMPA","SAB_OLD","SAB_SOUTH","S109","S9","S9","S109",2018-06-10 09:20:57,46.02182,-58.99478,545570,"A69-1601-60034","Y",2019-08-07 09:55:00,2018,NA,"N",75,"A - Mud",134,1,127
"126","SABMPA","SAB_OLD","SAB_SOUTH","S110","S10","S10","S110",2018-06-10 09:30:05,46.02162,-58.98206,546087,"A69-1601-60551","Y",2019-08-07 10:07:00,2018,NA,"N",64,"A - Mud",139.6,1,138.4
"127","SABMPA","SAB_OLD","SAB_SOUTH","S111","S11","S11","S111",2018-06-10 09:38:55,46.02176,-58.96889,546086,"A69-1601-60550","Y",2019-08-07 10:17:00,2018,NA,"N",65,"A - Mud",146.3,1,147.6
"128","SABMPA","SAB_OLD","SAB_SOUTH","S112","S12","S12","S112",2018-06-10 09:48:45,46.02178,-58.95601,546081,"A69-1601-60545","Y",2019-08-07 10:24:00,2018,NA,"N",66,"A - Mud",150.8,1,149.9
"129","SABMPA","SAB_OLD","SAB_SOUTH","S113","S13","S13","S113",2018-06-10 09:57:27,46.02188,-58.94312,546088,"A69-1601-60552","Y",2019-08-07 10:33:00,2018,NA,"N",67,"A - Mud",147.9,1,152.6
"130","SABMPA","SAB_OLD","SAB_SOUTH","S114","S14","S14","S114",2018-06-10 10:06:28,46.02174,-58.93012,546090,"A69-1601-60554","Y",2019-08-07 10:41:00,2018,NA,"N",31,"C - Till >50% cobbles/gravel",94.4,1,114.2
"131","SABMPA","SAB_OLD","SAB_SOUTH","S115","S15","S15","S115",2018-06-10 10:15:09,46.02187,-58.91715,546077,"A69-1601-60541","Y",2019-08-07 10:49:00,2018,"battery too dead to offload, had to change battery first then offload","N",32,"C - Till >50% cobbles/gravel",88.5,1,114
"132","SABMPA","SAB_OLD","SAB_SOUTH","S116","S16","S16","S116",2018-06-10 10:23:50,46.02196,-58.90423,546073,"A69-1601-60537","Y",2019-08-07 10:58:00,2018,NA,"N",33,"C - Till >50% cobbles/gravel",93.9,1,120.1
"133","SABMPA","SAB_OLD","SAB_SOUTH","S117","S17","S17","S117",2018-06-10 10:33:46,46.0218,-58.89138,545764,"A69-1601-60228","Y",2019-08-07 11:06:00,2018,NA,"N",34,"C - Till >50% cobbles/gravel",105.4,1,128.1
"134","SABMPA","SAB_OLD","SAB_SOUTH","S118","S18","S18","S118",2018-06-10 10:42:29,46.02168,-58.87804,546085,"A69-1601-60549","Y",2019-08-07 11:15:00,2018,NA,"N",76,"A - Mud",109.3,1,128.6
"135","SABMPA","SAB_OLD","SAB_SOUTH","S119","S19","S19","S119",2018-06-10 10:51:26,46.02167,-58.8648,545770,"A69-1601-60234","Y",2019-08-07 11:23:00,2018,NA,"N",78,"A - Mud",116.5,1,116.5
"136","SABMPA","SAB_OLD","SAB_SOUTH","S120","S20","S20","S120",2018-06-10 10:59:47,46.02151,-58.85219,545781,"A69-1601-60245","Y",2019-08-07 11:32:00,2018,NA,"N",126,"C - Till >50% cobbles/gravel",125.1,1,125.1
"137","SABMPA","SAB_OLD","SAB_SOUTH","S121","S21","S21","S121",2018-06-10 11:07:54,46.02188,-58.83954,545762,"A69-1601-60226","Y",2019-08-07 11:40:00,2018,"battery too dead to offload, had to change battery first then offload","N",125,"C - Till >50% cobbles/gravel",124.9,1,124.9
"138","SABMPA","SAB_OLD","SAB_SOUTH","S122","S22","S22","S122",2018-06-10 11:17:23,46.02174,-58.82628,545761,"A69-1601-60225","Y",2019-08-07 11:48:00,2018,NA,"N",79,"A - Mud",132.4,1,132.4
"139","SABMPA","SAB_OLD","SAB_SOUTH","S123","S23","S23","S123",2018-06-10 11:25:52,46.02181,-58.813,545713,"A69-1601-60177","Y",2019-08-07 11:58:00,2018,NA,"N",80,"A - Mud",140.1,1,140.1
"140","SABMPA","SAB_OLD","SAB_NORTH","N123","N23","N23","N123",2018-06-10 13:17:54,46.24664,-59.01222,545769,"A69-1601-60233","Y",2019-08-07 13:56:00,2018,NA,"N",13,"A - Mud",141.4,1,141.4
"141","SABMPA","SAB_OLD","SAB_NORTH","N122","N22","N22","N122",2018-06-10 13:26:32,46.24223,-59.02358,545766,"A69-1601-60230","Y",2019-08-07 14:03:00,2018,NA,"N",11,"A - Mud",141.4,1,136.5
"142","SABMPA","SAB_OLD","SAB_NORTH","N121","N21","N21","N121",2018-06-10 13:35:45,46.23842,-59.03594,545771,"A69-1601-60235","Y",2019-08-07 14:11:00,2018,NA,"N",5,"A - Mud",131.6,1,131.3
"143","SABMPA","SAB_OLD","SAB_NORTH","N120","N20","N20","N120",2018-06-10 13:44:42,46.23446,-59.04725,545765,"A69-1601-60229","Y",2019-08-07 14:19:00,2018,NA,"N",6,"A - Mud",131.1,1,131.9
"144","SABMPA","SAB_OLD","SAB_NORTH","N119","N19","N19","N119",2018-06-10 13:54:05,46.23071,-59.05889,545784,"A69-1601-60248","Y",2019-08-07 14:28:00,2018,NA,"N",7,"A - Mud",132.8,1,130.2
"145","SABMPA","SAB_OLD","SAB_NORTH","N118","N18","N18","N118",2018-06-10 14:03:11,46.22689,-59.07148,545773,"A69-1601-60237","Y",2019-08-07 14:37:00,2018,NA,"N",8,"A - Mud",127.6,1,128.4
"146","SABMPA","SAB_OLD","SAB_NORTH","N117","N17","N17","N117",2018-06-10 14:10:56,46.22347,-59.08268,546074,"A69-1601-60538","Y",2019-08-07 14:45:00,2018,NA,"N",9,"A - Mud",127.6,1,126.9
"147","SABMPA","SAB_OLD","SAB_NORTH","N116","N16","N16","N116",2018-06-10 14:19:33,46.21945,-59.09393,545778,"A69-1601-60242","Y",2019-08-07 14:52:00,2018,NA,"N",10,"A - Mud",126.2,1,127.9
"148","SABMPA","SAB_OLD","SAB_NORTH","N115","N15","N15","N115",2018-06-10 14:28:47,46.21575,-59.10623,546072,"A69-1601-60536","Y",2019-08-07 15:00:00,2018,NA,"N",20,"A - Mud",127.1,1,104.2
"149","SABMPA","SAB_OLD","SAB_NORTH","N114","N14","N14","N114",2018-06-10 14:38:20,46.2114,-59.11822,546078,"A69-1601-60542","Y",2019-08-07 15:08:00,2018,NA,"N",21,"A - Mud",124.8,1,124.8
"150","SABMPA","SAB_OLD","SAB_NORTH","N113","N13","N13","N113",2018-06-10 14:46:45,46.20791,-59.12985,546079,"A69-1601-60543","Y",2019-08-07 15:15:00,2018,NA,"N",4,"A - Mud",126.2,1,121.1
"151","SABMPA","SAB_OLD","SAB_NORTH","N112","N12","N12","N112",2018-06-10 14:55:18,46.20397,-59.14154,546089,"A69-1601-60553","Y",2019-08-07 15:23:00,2018,NA,"N",3,"A - Mud",129.6,1,119.2
"152","SABMPA","SAB_OLD","SAB_NORTH","N111","N11","N11","N111",2018-06-10 15:03:29,46.20018,-59.15327,546083,"A69-1601-60547","Y",2019-08-07 15:31:00,2018,NA,"N",2,"A - Mud",127.1,1,113.7
"153","SABMPA","SAB_OLD","SAB_NORTH","N110","N10","N10","N110",2018-06-10 15:11:15,46.19661,-59.16482,546080,"A69-1601-60544","Y",2019-08-07 15:38:00,2018,NA,"N",1,"A - Mud",124.8,1,110.2
"154","SABMPA","SAB_OLD","SAB_NORTH","N109","N9","N9","N109",2018-06-10 15:22:17,46.1926,-59.17672,546082,"A69-1601-60546","Y",2019-08-07 15:46:00,2018,NA,"N",30,"C - Till >50% cobbles/gravel",115.9,1,104
"155","SABMPA","SAB_OLD","SAB_NORTH","N108","N8","N8","N108",2018-06-10 15:30:00,46.18883,-59.18826,546071,"A69-1601-60535","Y",2019-08-07 15:55:00,2018,NA,"N",29,"C - Till >50% cobbles/gravel",108.7,1,96.3
"156","SABMPA","SAB_OLD","SAB_NORTH","N107","N7","N7","N107",2018-06-10 15:40:10,46.18363,-59.20034,546084,"A69-1601-60548","Y",2019-08-07 16:04:00,2018,NA,"N",28,"C - Till >50% cobbles/gravel",100.3,1,90.4
"157","SABMPA","SAB_OLD","SAB_NORTH","N106","N6","N6","N106",2018-06-10 15:48:37,46.18099,-59.21217,546075,"A69-1601-60539","Y",2019-08-07 16:12:00,2018,NA,"N",27,"C - Till >50% cobbles/gravel",95.5,1,85.6
"158","SABMPA","SAB_OLD","SAB_NORTH","N105","N5","N5","N105",2018-06-10 15:58:09,46.17711,-59.22334,545779,"A69-1601-60243","Y",2019-08-07 16:22:00,2018,NA,"N",26,"C - Till >50% cobbles/gravel",92.1,1,85
"159","SABMPA","SAB_OLD","SAB_NORTH","N104","N4","N4","N104",2018-06-10 16:07:00,46.17312,-59.23566,545768,"A69-1601-60232","Y",2019-08-07 16:34:00,2018,NA,"N",25,"C - Till >50% cobbles/gravel",84,1,82.6
"160","SABMPA","SAB_OLD","SAB_NORTH","N103","N3","N3","N103",2018-06-10 16:14:57,46.16934,-59.24744,545780,"A69-1601-60244","Y",2019-08-07 16:42:00,2018,NA,"N",24,"C - Till >50% cobbles/gravel",80.5,1,80.5
"161","SABMPA","SAB_OLD","SAB_NORTH","N102","N2","N2","N102",2018-06-10 16:22:56,46.16548,-59.25893,545775,"A69-1601-60239","Y",2019-08-07 16:50:00,2018,NA,"N",23,"C - Till >50% cobbles/gravel",75.6,1,75.6
"162","SABMPA","SAB_OLD","SAB_NORTH","N101","N1","N1","N101",2018-06-10 16:33:48,46.161,-59.27147,545772,"A69-1601-60236","Y",2019-08-07 16:59:00,2018,NA,"N",22,"C - Till >50% cobbles/gravel",77.9,1,77.9
"163","SABMPA","SAB_OLD","SAB_SOUTH","S101","S1","S1","S101",2019-08-07 08:27:00,46.02117,-59.0982,546361,"A69-1601-60825","L",NA,2019,"Transmitter set to VERY HIGH. AR was tried in numerous places, zero connections. Presumed lost","N",36,"C - Till >50% cobbles/gravel",94.4,1,103.8
"164","SABMPA","SAB_OLD","SAB_SOUTH","S102","S2","S2","S102",2019-08-07 08:38:00,46.02146,-59.08555,546355,"A69-1601-60819","Y",2020-08-22 09:46:00,2019,NA,"N",37,"C - Till >50% cobbles/gravel",88.5,1,103
"165","SABMPA","SAB_OLD","SAB_SOUTH","S103","S3","S3","S103",2019-08-07 08:51:00,46.02145,-59.07284,547101,"A69-1601-61565","Y",2020-08-22 10:20:00,2019,NA,"N",38,"C - Till >50% cobbles/gravel",93.9,1,106.6
"166","SABMPA","SAB_OLD","SAB_SOUTH","S104","S4","S4","S104",2019-08-07 09:05:00,46.0213,-59.05939,547103,"A69-1601-61567","Y",2020-08-22 10:31:00,2019,NA,"N",39,"C - Till >50% cobbles/gravel",105.4,1,115
"167","SABMPA","SAB_OLD","SAB_SOUTH","S105","S5","S5","S105",2019-08-07 09:14:00,46.02084,-59.04672,545714,"A69-1601-60178","Y",2020-08-22 10:42:00,2019,NA,"N",71,"A - Mud",137.2,1,123.2
"168","SABMPA","SAB_OLD","SAB_SOUTH","S106","S6","S6","S106",2019-08-07 09:25:00,46.02144,-59.03361,547102,"A69-1601-61566","Y",2020-08-22 10:52:00,2019,NA,"N",72,"A - Mud",148.9,1,131.1
"169","SABMPA","SAB_OLD","SAB_SOUTH","S107","S7","S7","S107",2019-08-07 09:34:00,46.02138,-59.02054,545575,"A69-1601-60039","Y",2020-08-22 11:03:00,2019,NA,"N",73,"A - Mud",148.9,1,133.2
"170","SABMPA","SAB_OLD","SAB_SOUTH","S108","S8","S8","S108",2019-08-07 09:44:00,46.02179,-59.00778,545577,"A69-1601-60041","Y",2020-08-22 11:13:00,2019,NA,"N",74,"A - Mud",157.3,1,138.2
"171","SABMPA","SAB_OLD","SAB_SOUTH","S109","S9","S9","S109",2019-08-07 09:52:00,46.02184,-58.99466,545571,"A69-1601-60035","Y",2020-08-22 11:24:00,2019,NA,"N",75,"A - Mud",134,1,127
"172","SABMPA","SAB_OLD","SAB_SOUTH","S110","S10","S10","S110",2019-08-07 10:06:00,46.02172,-58.98192,546076,"A69-1601-60540","Y",2020-08-22 11:33:00,2019,NA,"N",64,"A - Mud",139.6,1,138.4
"173","SABMPA","SAB_OLD","SAB_SOUTH","S111","S11","S11","S111",2019-08-07 10:15:00,46.02175,-58.96895,545570,"A69-1601-60034","Y",2020-08-22 11:42:00,2019,NA,"N",65,"A - Mud",146.3,1,147.6
"174","SABMPA","SAB_OLD","SAB_SOUTH","S112","S12","S12","S112",2019-08-07 10:22:00,46.02187,-58.95611,546087,"A69-1601-60551","Y",2020-08-22 11:52:00,2019,NA,"N",66,"A - Mud",150.8,1,149.9
"175","SABMPA","SAB_OLD","SAB_SOUTH","S113","S13","S13","S113",2019-08-07 10:31:00,46.02172,-58.94313,546086,"A69-1601-60550","Y",2020-08-22 12:05:00,2019,NA,"N",67,"A - Mud",147.9,1,152.6
"176","SABMPA","SAB_OLD","SAB_SOUTH","S114","S14","S14","S114",2019-08-07 10:39:00,46.02179,-58.93022,546081,"A69-1601-60545","Y",2020-08-22 12:14:00,2019,NA,"N",31,"C - Till >50% cobbles/gravel",94.4,1,114.2
"177","SABMPA","SAB_OLD","SAB_SOUTH","S115","S15","S15","S115",2019-08-07 10:47:00,46.02154,-58.91703,546088,"A69-1601-60552","Y",2020-08-22 12:34:00,2019,NA,"N",32,"C - Till >50% cobbles/gravel",88.5,1,114
"178","SABMPA","SAB_OLD","SAB_SOUTH","S116","S16","S16","S116",2019-08-07 10:55:00,46.02187,-58.90431,546090,"A69-1601-60554","Y",2020-08-22 12:44:00,2019,NA,"N",33,"C - Till >50% cobbles/gravel",93.9,1,120.1
"179","SABMPA","SAB_OLD","SAB_SOUTH","S117","S17","S17","S117",2019-08-07 11:03:00,46.02195,-58.89179,546077,"A69-1601-60541","L",NA,2019,"AR was tried in numerous places, zero connections. Presumed lost","N",34,"C - Till >50% cobbles/gravel",105.4,1,128.1
"180","SABMPA","SAB_OLD","SAB_SOUTH","S118","S18","S18","S118",2019-08-07 11:13:00,46.02175,-58.8783,546073,"A69-1601-60537","Y",2020-08-22 13:17:00,2019,NA,"N",76,"A - Mud",109.3,1,128.6
"181","SABMPA","SAB_OLD","SAB_SOUTH","S119","S19","S19","S119",2019-08-07 11:21:00,46.02158,-58.86502,545764,"A69-1601-60228","Y",2020-08-22 13:36:00,2019,NA,"N",78,"A - Mud",116.5,1,116.5
"182","SABMPA","SAB_OLD","SAB_SOUTH","S120","S20","S20","S120",2019-08-07 11:30:00,46.02172,-58.85229,546085,"A69-1601-60549","Y",2020-08-22 13:53:00,2019,NA,"N",126,"C - Till >50% cobbles/gravel",125.1,1,125.1
"183","SABMPA","SAB_OLD","SAB_SOUTH","S121","S21","S21","S121",2019-08-07 11:38:00,46.02182,-58.83963,545770,"A69-1601-60234","Y",2020-08-22 14:11:00,2019,NA,"N",125,"C - Till >50% cobbles/gravel",124.9,1,124.9
"184","SABMPA","SAB_OLD","SAB_SOUTH","S122","S22","S22","S122",2019-08-07 11:46:00,46.02172,-58.82676,545781,"A69-1601-60245","Y",2020-08-22 14:21:00,2019,NA,"N",79,"A - Mud",132.4,1,132.4
"185","SABMPA","SAB_OLD","SAB_SOUTH","S123","S23","S23","S123",2019-08-07 11:54:00,46.02164,-58.81322,545762,"A69-1601-60226","Y",2020-08-22 14:30:00,2019,"Station S023 not redeployed in 2020 due to lack of gear during the rollover.","N",80,"A - Mud",140.1,1,140.1
"186","SABMPA","SAB_OLD","SAB_NORTH","N123","N23","N23","N123",2019-08-07 13:54:00,46.24656,-59.01227,545761,"A69-1601-60225","Y",2020-08-22 16:39:00,2019,NA,"N",13,"A - Mud",141.4,1,141.4
"187","SABMPA","SAB_OLD","SAB_NORTH","N122","N22","N22","N122",2019-08-07 14:00:00,46.24222,-59.02373,545713,"A69-1601-60177","Y",2020-08-22 16:50:00,2019,NA,"N",11,"A - Mud",141.4,1,136.5
"188","SABMPA","SAB_OLD","SAB_NORTH","N121","N21","N21","N121",2019-08-07 14:09:00,46.23849,-59.03591,545769,"A69-1601-60233","Y",2020-08-22 17:00:00,2019,NA,"N",5,"A - Mud",131.6,1,131.3
"189","SABMPA","SAB_OLD","SAB_NORTH","N120","N20","N20","N120",2019-08-07 14:18:00,46.23442,-59.0472,545766,"A69-1601-60230","Y",2020-08-22 17:09:00,2019,NA,"N",6,"A - Mud",131.1,1,131.9
"190","SABMPA","SAB_OLD","SAB_NORTH","N119","N19","N19","N119",2019-08-07 14:26:00,46.23095,-59.05917,545771,"A69-1601-60235","Y",2020-08-22 17:18:00,2019,NA,"N",7,"A - Mud",132.8,1,130.2
"191","SABMPA","SAB_OLD","SAB_NORTH","N118","N18","N18","N118",2019-08-07 14:35:00,46.22684,-59.07134,545765,"A69-1601-60229","Y",2020-08-22 17:27:00,2019,NA,"N",8,"A - Mud",127.6,1,128.4
"192","SABMPA","SAB_OLD","SAB_NORTH","N117","N17","N17","N117",2019-08-07 14:43:00,46.22362,-59.08259,545784,"A69-1601-60248","Y",2020-08-22 17:37:00,2019,NA,"N",9,"A - Mud",127.6,1,126.9
"193","SABMPA","SAB_OLD","SAB_NORTH","N116","N16","N16","N116",2019-08-07 14:50:00,46.21948,-59.0942,545773,"A69-1601-60237","Y",2020-08-22 17:46:00,2019,NA,"N",10,"A - Mud",126.2,1,127.9
"194","SABMPA","SAB_OLD","SAB_NORTH","N115","N15","N15","N115",2019-08-07 14:58:00,46.2159,-59.10635,546074,"A69-1601-60538","Y",2020-08-22 17:55:00,2019,NA,"N",20,"A - Mud",127.1,1,104.2
"195","SABMPA","SAB_OLD","SAB_NORTH","N114","N14","N14","N114",2019-08-07 15:07:00,46.2117,-59.11821,545778,"A69-1601-60242","Y",2020-08-22 18:04:00,2019,NA,"N",21,"A - Mud",124.8,1,124.8
"196","SABMPA","SAB_OLD","SAB_NORTH","N113","N13","N13","N113",2019-08-07 15:13:00,46.20802,-59.13016,546072,"A69-1601-60536","Y",2020-08-22 18:13:00,2019,NA,"N",4,"A - Mud",126.2,1,121.1
"197","SABMPA","SAB_OLD","SAB_NORTH","N112","N12","N12","N112",2019-08-07 15:23:00,46.20418,-59.14111,546078,"A69-1601-60542","Y",2020-08-22 18:21:00,2019,NA,"N",3,"A - Mud",129.6,1,119.2
"198","SABMPA","SAB_OLD","SAB_NORTH","N111","N11","N11","N111",2019-08-07 15:29:00,46.20022,-59.15381,546079,"A69-1601-60543","Y",2020-08-22 18:31:00,2019,NA,"N",2,"A - Mud",127.1,1,113.7
"199","SABMPA","SAB_OLD","SAB_NORTH","N110","N10","N10","N110",2019-08-07 15:36:00,46.19659,-59.16482,546089,"A69-1601-60553","Y",2020-08-22 18:40:00,2019,NA,"N",1,"A - Mud",124.8,1,110.2
"200","SABMPA","SAB_OLD","SAB_NORTH","N109","N9","N9","N109",2019-08-07 15:45:00,46.19253,-59.17666,546083,"A69-1601-60547","Y",2020-08-22 18:55:00,2019,NA,"N",30,"C - Till >50% cobbles/gravel",115.9,1,104
"201","SABMPA","SAB_OLD","SAB_NORTH","N108","N8","N8","N108",2019-08-07 15:54:00,46.18898,-59.18809,546080,"A69-1601-60544","Y",2020-08-22 19:04:00,2019,NA,"N",29,"C - Till >50% cobbles/gravel",108.7,1,96.3
"202","SABMPA","SAB_OLD","SAB_NORTH","N107","N7","N7","N107",2019-08-07 16:02:00,46.18385,-59.20066,546082,"A69-1601-60546","Y",2020-08-22 19:15:00,2019,NA,"N",28,"C - Till >50% cobbles/gravel",100.3,1,90.4
"203","SABMPA","SAB_OLD","SAB_NORTH","N106","N6","N6","N106",2019-08-07 16:10:00,46.18124,-59.21217,546071,"A69-1601-60535","Y",2020-08-22 19:24:00,2019,NA,"N",27,"C - Till >50% cobbles/gravel",95.5,1,85.6
"204","SABMPA","SAB_OLD","SAB_NORTH","N105","N5","N5","N105",2019-08-07 16:21:00,46.17721,-59.22343,546084,"A69-1601-60548","Y",2020-08-22 19:36:00,2019,NA,"N",26,"C - Till >50% cobbles/gravel",92.1,1,85
"205","SABMPA","SAB_OLD","SAB_NORTH","N104","N4","N4","N104",2019-08-07 16:32:00,46.17335,-59.23598,546075,"A69-1601-60539","Y",2020-08-22 19:49:00,2019,NA,"N",25,"C - Till >50% cobbles/gravel",84,1,82.6
"206","SABMPA","SAB_OLD","SAB_NORTH","N103","N3","N3","N103",2019-08-07 16:39:00,46.16987,-59.24749,545779,"A69-1601-60243","Y",2020-08-22 20:14:00,2019,NA,"N",24,"C - Till >50% cobbles/gravel",80.5,1,80.5
"207","SABMPA","SAB_OLD","SAB_NORTH","N102","N2","N2","N102",2019-08-07 16:48:00,46.1656,-59.25892,545768,"A69-1601-60232","Y",2020-08-22 20:25:00,2019,NA,"N",23,"C - Till >50% cobbles/gravel",75.6,1,75.6
"208","SABMPA","SAB_OLD","SAB_NORTH","N101","N1","N1","N101",2019-08-07 16:58:00,46.16128,-59.27136,545780,"A69-1601-60244","Y",2020-08-22 20:37:00,2019,NA,"N",22,"C - Till >50% cobbles/gravel",77.9,1,77.9
"209","SABMPA","SAB_OLD","SAB_SOUTH","S102","S2","S2","S102",2020-08-22 09:50:00,46.02146,-59.08555,549709,"A69-1601-60278","Y",2021-08-10 16:40:00,2020,NA,"N",37,"C - Till >50% cobbles/gravel",88.5,1,103
"210","SABMPA","SAB_OLD","SAB_SOUTH","S101","S1","S1","S101",2020-08-22 10:07:00,46.02117,-59.0982,549710,"A69-1601-60279","Y",2021-08-10 16:49:00,2020,NA,"N",36,"C - Till >50% cobbles/gravel",94.4,1,103.8
"211","SABMPA","SAB_OLD","SAB_SOUTH","S103","S3","S3","S103",2020-08-22 10:22:00,46.02145,-59.07284,549708,"A69-1601-60277","Y",2021-08-10 16:58:00,2020,NA,"N",38,"C - Till >50% cobbles/gravel",93.9,1,106.6
"212","SABMPA","SAB_OLD","SAB_SOUTH","S104","S4","S4","S104",2020-08-22 10:33:00,46.0213,-59.05939,546355,"A69-1601-60819","Y",2021-08-10 17:07:00,2020,NA,"N",39,"C - Till >50% cobbles/gravel",105.4,1,115
"213","SABMPA","SAB_OLD","SAB_SOUTH","S105","S5","S5","S105",2020-08-22 10:45:00,46.02084,-59.04672,547101,"A69-1601-61565","Y",2021-08-10 17:16:00,2020,NA,"N",71,"A - Mud",137.2,1,123.2
"214","SABMPA","SAB_OLD","SAB_SOUTH","S106","S6","S6","S106",2020-08-22 10:56:00,46.02144,-59.03361,547103,"A69-1601-61567","Y",2021-08-10 17:26:00,2020,NA,"N",72,"A - Mud",148.9,1,131.1
"215","SABMPA","SAB_OLD","SAB_SOUTH","S107","S7","S7","S107",2020-08-22 11:05:00,46.02138,-59.02054,545714,"A69-1601-60178","Y",2021-08-10 17:35:00,2020,NA,"N",73,"A - Mud",148.9,1,133.2
"216","SABMPA","SAB_OLD","SAB_SOUTH","S108","S8","S8","S108",2020-08-22 11:17:00,46.02179,-59.00778,547102,"A69-1601-61566","Y",2021-08-10 17:44:00,2020,NA,"N",74,"A - Mud",157.3,1,138.2
"217","SABMPA","SAB_OLD","SAB_SOUTH","S109","S9","S9","S109",2020-08-22 11:27:00,46.02184,-58.99466,545575,"A69-1601-60039","Y",2021-08-10 17:52:00,2020,NA,"N",75,"A - Mud",134,1,127
"218","SABMPA","SAB_OLD","SAB_SOUTH","S110","S10","S10","S110",2020-08-22 11:35:00,46.02172,-58.98192,545577,"A69-1601-60041","Y",2021-08-10 18:03:00,2020,NA,"N",64,"A - Mud",139.6,1,138.4
"219","SABMPA","SAB_OLD","SAB_SOUTH","S111","S11","S11","S111",2020-08-22 11:45:00,46.02175,-58.96895,545571,"A69-1601-60035","Y",2021-08-10 18:13:00,2020,NA,"N",65,"A - Mud",146.3,1,147.6
"220","SABMPA","SAB_OLD","SAB_SOUTH","S112","S12","S12","S112",2020-08-22 11:55:00,46.02187,-58.95611,546076,"A69-1601-60540","Y",2021-08-10 18:23:00,2020,NA,"N",66,"A - Mud",150.8,1,149.9
"221","SABMPA","SAB_OLD","SAB_SOUTH","S113","S13","S13","S113",2020-08-22 12:04:00,46.02172,-58.94313,545570,"A69-1601-60034","Y",2021-08-10 18:34:00,2020,NA,"N",67,"A - Mud",147.9,1,152.6
"222","SABMPA","SAB_OLD","SAB_SOUTH","S114","S14","S14","S114",2020-08-22 12:17:00,46.02179,-58.93022,546087,"A69-1601-60551","Y",2021-08-10 18:44:00,2020,NA,"N",31,"C - Till >50% cobbles/gravel",94.4,1,114.2
"223","SABMPA","SAB_OLD","SAB_SOUTH","S115","S15","S15","S115",2020-08-22 12:34:00,46.02154,-58.91703,546086,"A69-1601-60550","Y",2021-08-10 18:56:00,2020,NA,"N",32,"C - Till >50% cobbles/gravel",88.5,1,114
"224","SABMPA","SAB_OLD","SAB_SOUTH","S116","S16","S16","S116",2020-08-22 12:44:00,46.02187,-58.90431,546081,"A69-1601-60545","Y",2021-08-10 19:06:00,2020,NA,"N",33,"C - Till >50% cobbles/gravel",93.9,1,120.1
"225","SABMPA","SAB_OLD","SAB_SOUTH","S117","S17","S17","S117",2020-08-22 13:04:00,46.02195,-58.89179,546088,"A69-1601-60552","Y",2021-08-10 19:16:00,2020,NA,"N",34,"C - Till >50% cobbles/gravel",105.4,1,128.1
"226","SABMPA","SAB_OLD","SAB_SOUTH","S118","S18","S18","S118",2020-08-22 13:17:00,46.02175,-58.8783,546090,"A69-1601-60554","Y",2021-08-10 19:25:00,2020,NA,"N",76,"A - Mud",109.3,1,128.6
"227","SABMPA","SAB_OLD","SAB_SOUTH","S119","S19","S19","S119",2020-08-22 13:40:00,46.02158,-58.86502,546073,"A69-1601-60537","Y",2021-08-10 19:35:00,2020,NA,"N",78,"A - Mud",116.5,1,116.5
"228","SABMPA","SAB_OLD","SAB_SOUTH","S120","S20","S20","S120",2020-08-22 13:54:00,46.02172,-58.85229,545764,"A69-1601-60228","Y",2021-08-10 19:45:00,2020,NA,"N",126,"C - Till >50% cobbles/gravel",125.1,1,125.1
"229","SABMPA","SAB_OLD","SAB_SOUTH","S121","S21","S21","S121",2020-08-22 14:13:00,46.02182,-58.83963,546085,"A69-1601-60549","Y",2021-08-10 19:54:00,2020,NA,"N",125,"C - Till >50% cobbles/gravel",124.9,1,124.9
"230","SABMPA","SAB_OLD","SAB_SOUTH","S122","S22","S22","S122",2020-08-22 14:22:00,46.02172,-58.82676,545770,"A69-1601-60234","Y",2021-08-10 20:03:00,2020,NA,"N",79,"A - Mud",132.4,1,132.4
"231","SABMPA","SAB_OLD","SAB_NORTH","N123","N23","N23","N123",2020-08-22 16:39:00,46.24656,-59.01227,545781,"A69-1601-60245","Y",2021-08-10 12:34:00,2020,NA,"N",13,"A - Mud",141.4,1,141.4
"232","SABMPA","SAB_OLD","SAB_NORTH","N122","N22","N22","N122",2020-08-22 16:54:00,46.24222,-59.02373,545762,"A69-1601-60226","Y",2021-08-10 12:25:00,2020,NA,"N",11,"A - Mud",141.4,1,136.5
"233","SABMPA","SAB_OLD","SAB_NORTH","N121","N21","N21","N121",2020-08-22 17:00:00,46.23849,-59.03591,545761,"A69-1601-60225","Y",2021-08-10 12:15:00,2020,NA,"N",5,"A - Mud",131.6,1,131.3
"234","SABMPA","SAB_OLD","SAB_NORTH","N120","N20","N20","N120",2020-08-22 17:10:00,46.23442,-59.0472,545713,"A69-1601-60177","Y",2021-08-10 12:03:00,2020,NA,"N",6,"A - Mud",131.1,1,131.9
"235","SABMPA","SAB_OLD","SAB_NORTH","N119","N19","N19","N119",2020-08-22 17:19:00,46.23095,-59.05917,545769,"A69-1601-60233","Y",2021-08-10 11:54:00,2020,NA,"N",7,"A - Mud",132.8,1,130.2
"236","SABMPA","SAB_OLD","SAB_NORTH","N118","N18","N18","N118",2020-08-22 17:27:00,46.22684,-59.07134,545766,"A69-1601-60230","Y",2021-08-10 11:43:00,2020,NA,"N",8,"A - Mud",127.6,1,128.4
"237","SABMPA","SAB_OLD","SAB_NORTH","N117","N17","N17","N117",2020-08-22 17:39:00,46.22362,-59.08259,545771,"A69-1601-60235","Y",2021-08-10 11:33:00,2020,NA,"N",9,"A - Mud",127.6,1,126.9
"238","SABMPA","SAB_OLD","SAB_NORTH","N116","N16","N16","N116",2020-08-22 17:47:00,46.21948,-59.0942,545765,"A69-1601-60229","Y",2021-08-10 11:23:00,2020,NA,"N",10,"A - Mud",126.2,1,127.9
"239","SABMPA","SAB_OLD","SAB_NORTH","N115","N15","N15","N115",2020-08-22 17:55:00,46.2159,-59.10635,545784,"A69-1601-60248","Y",2021-08-10 11:12:00,2020,NA,"N",20,"A - Mud",127.1,1,104.2
"240","SABMPA","SAB_OLD","SAB_NORTH","N114","N14","N14","N114",2020-08-22 18:05:00,46.2117,-59.11821,545773,"A69-1601-60237","Y",2021-08-10 11:01:00,2020,NA,"N",21,"A - Mud",124.8,1,124.8
"241","SABMPA","SAB_OLD","SAB_NORTH","N113","N13","N13","N113",2020-08-22 18:15:00,46.20802,-59.13016,546074,"A69-1601-60538","Y",2021-08-10 10:50:00,2020,NA,"N",4,"A - Mud",126.2,1,121.1
"242","SABMPA","SAB_OLD","SAB_NORTH","N112","N12","N12","N112",2020-08-22 18:22:00,46.20418,-59.14111,545778,"A69-1601-60242","Y",2021-08-10 10:39:00,2020,NA,"N",3,"A - Mud",129.6,1,119.2
"243","SABMPA","SAB_OLD","SAB_NORTH","N111","N11","N11","N111",2020-08-22 18:31:00,46.20022,-59.15381,546072,"A69-1601-60536","Y",2021-08-10 10:27:00,2020,NA,"N",2,"A - Mud",127.1,1,113.7
"244","SABMPA","SAB_OLD","SAB_NORTH","N110","N10","N10","N110",2020-08-22 18:40:00,46.19659,-59.16482,546078,"A69-1601-60542","Y",2021-08-10 10:13:00,2020,NA,"N",1,"A - Mud",124.8,1,110.2
"245","SABMPA","SAB_OLD","SAB_NORTH","N109","N9","N9","N109",2020-08-22 18:57:00,46.19253,-59.17666,546079,"A69-1601-60543","Y",2021-08-10 10:04:00,2020,NA,"N",30,"C - Till >50% cobbles/gravel",115.9,1,104
"246","SABMPA","SAB_OLD","SAB_NORTH","N108","N8","N8","N108",2020-08-22 19:06:00,46.18898,-59.18809,546089,"A69-1601-60553","Y",2021-08-10 09:51:00,2020,NA,"N",29,"C - Till >50% cobbles/gravel",108.7,1,96.3
"247","SABMPA","SAB_OLD","SAB_NORTH","N107","N7","N7","N107",2020-08-22 19:15:00,46.18385,-59.20066,546083,"A69-1601-60547","Y",2021-08-10 09:42:00,2020,NA,"N",28,"C - Till >50% cobbles/gravel",100.3,1,90.4
"248","SABMPA","SAB_OLD","SAB_NORTH","N106","N6","N6","N106",2020-08-22 19:25:00,46.18124,-59.21217,546080,"A69-1601-60544","Y",2021-08-10 09:27:00,2020,NA,"N",27,"C - Till >50% cobbles/gravel",95.5,1,85.6
"249","SABMPA","SAB_OLD","SAB_NORTH","N105","N5","N5","N105",2020-08-22 19:36:00,46.17721,-59.22343,546082,"A69-1601-60546","Y",2021-08-10 09:18:00,2020,NA,"N",26,"C - Till >50% cobbles/gravel",92.1,1,85
"250","SABMPA","SAB_OLD","SAB_NORTH","N104","N4","N4","N104",2020-08-22 19:50:00,46.17335,-59.23598,546071,"A69-1601-60535","Y",2021-08-10 09:06:00,2020,NA,"N",25,"C - Till >50% cobbles/gravel",84,1,82.6
"251","SABMPA","SAB_OLD","SAB_NORTH","N103","N3","N3","N103",2020-08-22 20:16:00,46.16987,-59.24749,546084,"A69-1601-60548","Y",2021-08-10 08:57:00,2020,NA,"N",24,"C - Till >50% cobbles/gravel",80.5,1,80.5
"252","SABMPA","SAB_OLD","SAB_NORTH","N102","N2","N2","N102",2020-08-22 20:27:00,46.1656,-59.25892,546075,"A69-1601-60539","Y",2021-08-10 08:47:00,2020,NA,"N",23,"C - Till >50% cobbles/gravel",75.6,1,75.6
"253","SABMPA","SAB_OLD","SAB_NORTH","N101","N1","N1","N101",2020-08-22 20:37:00,46.16128,-59.27136,545779,"A69-1601-60243","Y",2021-08-10 08:40:00,2020,NA,"N",22,"C - Till >50% cobbles/gravel",77.9,1,77.9
"254","SABMPA","SAB_NEW","SAB_NEW","2021_46","2021_46","2021_046","2021_046",2021-08-10 14:33:00,46.10146,-58.78514,550747,"A69-1601-60848","Y",2022-08-06 09:12:00,2021,NA,"N",95,"A - Mud",154.8,4,154.8
"255","SABMPA","SAB_NEW","SAB_NEW","2021_45","2021_45","2021_045","2021_045",2021-08-10 14:38:00,46.09688,-58.79603,550748,"A69-1601-60849","Y",2022-08-06 09:22:00,2021,NA,"N",96,"A - Mud",154.8,4,154.8
"256","SABMPA","SAB_NEW","SAB_NEW","2021_44","2021_44","2021_044","2021_044",2021-08-10 14:43:00,46.09175,-58.80698,550752,"A69-1601-60853","Y",2022-08-06 09:34:00,2021,NA,"N",97,"A - Mud",149.7,4,149.7
"257","SABMPA","SAB_NEW","SAB_NEW","2021_43","2021_43","2021_043","2021_043",2021-08-10 14:47:00,46.08696,-58.81787,550754,"A69-1601-60855","Y",2022-08-06 09:42:00,2021,NA,"N",98,"A - Mud",143.5,4,143.5
"258","SABMPA","SAB_NEW","SAB_NEW","2021_42","2021_42","2021_042","2021_042",2021-08-10 14:51:00,46.08203,-58.82902,550746,"A69-1601-60847","Y",2022-08-06 09:52:00,2021,NA,"N",99,"A - Mud",146.1,4,146.1
"259","SABMPA","SAB_NEW","SAB_NEW","2021_41","2021_41","2021_041","2021_041",2021-08-10 14:55:00,46.07704,-58.84016,550750,"A69-1601-60851","Y",2022-08-06 10:01:00,2021,NA,"N",100,"A - Mud",151.6,4,151.6
"260","SABMPA","SAB_NEW","SAB_NEW","2021_40","2021_40","2021_040","2021_040",2021-08-10 14:59:00,46.07238,-58.85094,546082,"A69-1601-60546","Y",2022-08-06 10:11:00,2021,NA,"N",101,"A - Mud",150.4,1,150.4
"261","SABMPA","SAB_NEW","SAB_NEW","2021_39","2021_39","2021_039","2021_039",2021-08-10 15:04:00,46.06738,-58.86194,546081,"A69-1601-60548","Y",2022-08-06 10:21:00,2021,"notes wrong; confirmed 546081 not 546084. Determined on recovery Firmware updated. Release battery @ 50-75%","N",102,"A - Mud",163.4,1,163.4
"262","SABMPA","SAB_NEW","SAB_NEW","2021_38","2021_38","2021_038","2021_038",2021-08-10 15:08:00,46.06263,-58.87281,546089,"A69-1601-60553","Y",2022-08-06 10:30:00,2021,NA,"N",103,"A - Mud",157.4,1,157.4
"263","SABMPA","SAB_NEW","SAB_NEW","2021_37","2021_37","2021_037","2021_037",2021-08-10 15:13:00,46.05776,-58.88392,546083,"A69-1601-60547","Y",2022-08-06 10:41:00,2021,NA,"N",104,"A - Mud",145.3,1,145.3
"264","SABMPA","SAB_NEW","SAB_NEW","2021_36","2021_36","2021_036","2021_036",2021-08-10 15:18:00,46.05278,-58.89504,546074,"A69-1601-60538","Y",2022-08-06 10:51:00,2021,NA,"N",118,"B - Gravelly sand/mud <50% cobblles/gravel",129.6,1,129.6
"265","SABMPA","SAB_NEW","SAB_NEW","2021_35","2021_35","2021_035","2021_035",2021-08-10 15:22:00,46.04759,-58.9063,546080,"A69-1601-60544","Y",2022-08-06 11:01:00,2021,NA,"N",119,"B - Gravelly sand/mud <50% cobblles/gravel",116,1,116
"266","SABMPA","SAB_NEW","SAB_NEW","2021_34","2021_34","2021_034","2021_034",2021-08-10 15:26:00,46.04268,-58.91758,545778,"A69-1601-60242","Y",2022-08-06 11:11:00,2021,NA,"N",124,"E - Gravel with crinoids",132.8,1,132.8
"267","SABMPA","SAB_NEW","SAB_NEW","2021_33","2021_33","2021_033","2021_033",2021-08-10 15:30:00,46.03757,-58.92871,546071,"A69-1601-60535","Y",2022-08-06 11:21:00,2021,NA,"N",120,"B - Gravelly sand/mud <50% cobblles/gravel",134.7,1,134.7
"268","SABMPA","SAB_NEW","SAB_NEW","2021_32","2021_32","2021_032","2021_032",2021-08-10 15:35:00,46.03277,-58.93972,546079,"A69-1601-60543","Y",2022-08-06 11:31:00,2021,NA,"N",105,"A - Mud",151.2,1,151.2
"269","SABMPA","SAB_NEW","SAB_NEW","2021_31","2021_31","2021_031","2021_031",2021-08-10 15:39:00,46.02784,-58.95052,546075,"A69-1601-60539","Y",2022-08-06 11:42:00,2021,NA,"N",106,"A - Mud",148.9,1,148.9
"270","SABMPA","SAB_NEW","SAB_NEW","2021_30","2021_30","2021_030","2021_030",2021-08-10 15:43:00,46.02283,-58.96167,545779,"A69-1601-60243","Y",2022-08-06 11:52:00,2021,NA,"N",107,"A - Mud",148.9,1,148.9
"271","SABMPA","SAB_NEW","SAB_NEW","2021_29","2021_29","2021_029","2021_029",2021-08-10 15:48:00,46.01794,-58.97294,545784,"A69-1601-60248","Y",2022-08-06 12:02:00,2021,NA,"N",108,"A - Mud",142.8,1,142.8
"272","SABMPA","SAB_NEW","SAB_NEW","2021_28","2021_28","2021_028","2021_028",2021-08-10 15:52:00,46.01304,-58.98382,545773,"A69-1601-60237","Y",2022-08-06 12:12:00,2021,NA,"N",109,"A - Mud",142.8,1,142.8
"273","SABMPA","SAB_NEW","SAB_NEW","2021_27","2021_27","2021_027","2021_027",2021-08-10 15:56:00,46.00815,-58.99471,546072,"A69-1601-60536","Y",2022-08-06 12:22:00,2021,NA,"N",110,"A - Mud",120.4,1,120.4
"274","SABMPA","SAB_NEW","SAB_NEW","2021_26","2021_26","2021_026","2021_026",2021-08-10 16:01:00,46.00319,-59.00584,546078,"A69-1601-60542","Y",2022-08-06 12:32:00,2021,NA,"N",111,"A - Mud",119.2,1,119.2
"275","SABMPA","SAB_NEW","SAB_NEW","2021_25","2021_25","2021_025","2021_025",2021-08-10 16:05:00,45.99811,-59.01689,545781,"A69-1601-60245","Y",2022-08-06 12:42:00,2021,NA,"N",121,"B - Gravelly sand/mud <50% cobblles/gravel",117.3,3,117.3
"276","SABMPA","SAB_NEW","SAB_NEW","2021_24","2021_24","2021_024","2021_024",2021-08-10 16:10:00,45.99334,-59.02769,545765,"A69-1601-60229","Y",2022-08-06 12:52:00,2021,NA,"N",112,"A - Mud",117.8,3,117.8
"277","SABMPA","SAB_NEW","SAB_NEW","2021_23","2021_23","2021_023","2021_023",2021-08-10 21:19:00,45.98809,-59.03802,546084,"A69-1601-60545","Y",2022-08-06 13:02:00,2021,"notes wrong; confirmed 546084 not 546081. determined on recovery. Firmware updated. Release battery @ 25-50%","N",113,"A - Mud",117.7,1,117.7
"278","SABMPA","SAB_NEW","SAB_NEW","2021_22","2021_22","2021_022","2021_022",2021-08-10 21:25:00,45.98806,-59.05135,545771,"A69-1601-60235","Y",2022-08-06 13:17:00,2021,NA,"N",128,"B - Gravelly sand/mud <50% cobblles/gravel",111.8,1,111.8
"279","SABMPA","SAB_NEW","SAB_NEW","2021_21","2021_21","2021_021","2021_021",2021-08-10 21:29:00,45.98802,-59.06419,545571,"A69-1601-60035","Y",2022-08-06 13:26:00,2021,NA,"N",114,"A - Mud",111.8,1,111.8
"280","SABMPA","SAB_NEW","SAB_NEW","2021_20","2021_20","2021_020","2021_020",2021-08-10 21:34:00,45.98801,-59.07853,547102,"A69-1601-61566","Y",2022-08-06 13:37:00,2021,NA,"N",115,"A - Mud",109.5,1,109.5
"281","SABMPA","SAB_NEW","SAB_NEW","2021_19","2021_19","2021_019","2021_019",2021-08-10 21:39:00,45.98798,-59.09185,545714,"A69-1601-60178","Y",2022-08-06 13:48:00,2021,NA,"N",116,"A - Mud",104.1,1,104.1
"282","SABMPA","SAB_NEW","SAB_NEW","2021_18","2021_18","2021_018","2021_018",2021-08-10 21:44:00,45.98794,-59.10519,545570,"A69-1601-60034","Y",2022-08-06 13:58:00,2021,NA,"N",117,"A - Mud",103.5,1,103.5
"283","SABMPA","SAB_NEW","SAB_NEW","2021_17","2021_17","2021_017","2021_017",2021-08-10 21:48:00,45.98791,-59.11802,546076,"A69-1601-60540","Y",2022-08-06 14:08:00,2021,NA,"N",50,"C - Till >50% cobbles/gravel",87.7,1,87.7
"284","SABMPA","SAB_NEW","SAB_NEW","2021_16","2021_16","2021_016","2021_016",2021-08-10 21:53:00,45.98807,-59.13187,546088,"A69-1601-60552","Y",2022-08-06 14:17:00,2021,NA,"N",51,"C - Till >50% cobbles/gravel",65.6,1,65.6
"285","SABMPA","SAB_NEW","SAB_NEW","2021_15","2021_15","2021_015","2021_015",2021-08-10 21:58:00,45.98804,-59.14519,545577,"A69-1601-60041","Y",2025-06-18 18:03:00,2021,"recovered with ROV 2025","Y",129,"C - Till >50% cobbles/gravel",60,1,60
"286","SABMPA","SAB_NEW","SAB_NEW","2021_14","2021_14","2021_014","2021_014",2021-08-10 22:02:00,45.988,-59.15853,547101,"A69-1601-61565","Y",2022-08-06 14:50:00,2021,NA,"N",52,"C - Till >50% cobbles/gravel",57.4,1,57.4
"287","SABMPA","SAB_NEW","SAB_NEW","2021_13","2021_13","2021_013","2021_013",2021-08-10 22:07:00,45.98797,-59.17136,545575,"A69-1601-60039","Y",2022-08-06 15:28:00,2021,NA,"N",55,"D - Till with coraline algae",59.9,1,59.9
"288","SABMPA","SAB_NEW","SAB_NEW","2021_12","2021_12","2021_012","2021_012",2021-08-10 22:12:00,45.98796,-59.1857,546355,"A69-1601-60819","Y",2022-08-06 15:47:00,2021,NA,"N",56,"D - Till with coraline algae",39.1,1,39.1
"289","SABMPA","SAB_NEW","SAB_NEW","2021_11","2021_11","2021_011","2021_011",2021-08-10 22:17:00,45.98792,-59.19902,546086,"A69-1601-60550","Y",2022-08-06 16:00:00,2021,NA,"N",57,"D - Till with coraline algae",34.1,1,34.1
"290","SABMPA","SAB_NEW","SAB_NEW","2021_10","2021_10","2021_010","2021_010",2021-08-10 22:21:00,45.98789,-59.21236,546087,"A69-1601-60551","Y",2022-08-06 16:10:00,2021,NA,"N",58,"D - Till with coraline algae",33.6,1,33.6
"291","SABMPA","SAB_NEW","SAB_NEW","2021_09","2021_09","2021_009","2021_009",2021-08-10 22:26:00,45.98785,-59.22519,547103,"A69-1601-61567","Y",2022-08-06 16:18:00,2021,NA,"N",59,"D - Till with coraline algae",36.4,1,36.4
"292","SABMPA","SAB_NEW","SAB_NEW","2021_08","2021_08","2021_008","2021_008",2021-08-10 22:31:00,45.98788,-59.24017,549709,"A69-1601-60278","Y",2022-08-06 16:39:00,2021,NA,"N",60,"D - Till with coraline algae",45.2,1,45.2
"293","SABMPA","SAB_NEW","SAB_NEW","2021_07","2021_07","2021_007","2021_007",2021-08-10 22:36:00,45.98784,-59.25349,549708,"A69-1601-60277","N",NA,2021,"did not recover. Zero comms after 30 mins of seraching, returned after station 6 and still no comms. Did not redeploy","N",130,"D - Till with coraline algae",60,1,60
"294","SABMPA","SAB_NEW","SAB_NEW","2021_06","2021_06","2021_006","2021_006",2021-08-10 22:41:00,45.98781,-59.26683,549710,"A69-1601-60279","Y",2022-08-06 17:09:00,2021,NA,"N",61,"D - Till with coraline algae",65.5,1,65.5
"295","SABMPA","SAB_NEW","SAB_NEW","2021_05","2021_05","2021_005","2021_005",2021-08-10 22:45:00,45.98778,-59.27967,545762,"A69-1601-60226","Y",2022-08-06 17:17:00,2021,NA,"N",62,"D - Till with coraline algae",74.5,1,74.5
"296","SABMPA","SAB_NEW","SAB_NEW","2021_04","2021_04","2021_004","2021_004",2021-08-10 22:50:00,45.98776,-59.29401,545766,"A69-1601-60230","Y",2022-08-06 17:29:00,2021,NA,"N",122,"A - Mud",83.3,1,83.3
"297","SABMPA","SAB_NEW","SAB_NEW","2021_03","2021_03","2021_003","2021_003",2021-08-10 22:55:00,45.98773,-59.30733,545713,"A69-1601-60177","Y",2022-08-06 17:38:00,2021,NA,"N",53,"C - Till >50% cobbles/gravel",78.1,1,78.1
"298","SABMPA","SAB_NEW","SAB_NEW","2021_02","2021_02","2021_002","2021_002",2021-08-10 23:00:00,45.98769,-59.32067,545761,"A69-1601-60225","Y",2022-08-06 17:46:00,2021,NA,"N",123,"A - Mud",83.6,1,83.6
"299","SABMPA","SAB_NEW","SAB_NEW","2021_01","2021_01","2021_001","2021_001",2021-08-10 23:04:00,45.98766,-59.3335,545769,"A69-1601-60233","Y",2022-08-06 17:55:00,2021,NA,"N",54,"C - Till >50% cobbles/gravel",86.8,1,86.8
"300","SABMPA","SAB_NEW","SAB_NEW","2021_46","2021_46","2021_046","2021_046",2022-08-06 09:12:00,46.10146,-58.78514,552480,"A69-1601-60789","Y",2023-08-16 09:44:00,2022,NA,"N",95,"A - Mud",154.8,4,154.8
"301","SABMPA","SAB_NEW","SAB_NEW","2021_45","2021_45","2021_045","2021_045",2022-08-06 09:23:00,46.09688,-58.79603,552429,"A69-1601-60473","Y",2023-08-16 09:53:00,2022,NA,"N",96,"A - Mud",154.8,4,154.8
"302","SABMPA","SAB_NEW","SAB_NEW","2021_44","2021_44","2021_044","2021_044",2022-08-06 09:33:00,46.09175,-58.80698,552478,"A69-1601-60787","Y",2023-08-16 10:05:00,2022,NA,"N",97,"A - Mud",149.7,4,149.7
"303","SABMPA","SAB_NEW","SAB_NEW","2021_43","2021_43","2021_043","2021_043",2022-08-06 09:42:00,46.08696,-58.81787,550748,"A69-1601-60849","Y",2023-08-16 10:14:00,2022,NA,"N",98,"A - Mud",143.5,4,143.5
"304","SABMPA","SAB_NEW","SAB_NEW","2021_42","2021_42","2021_042","2021_042",2022-08-06 09:52:00,46.08203,-58.82902,550752,"A69-1601-60853","N",NA,2022,"Presumed stuck or flooded, only 1 muted ping","N",99,"A - Mud",146.1,4,146.1
"305","SABMPA","SAB_NEW","SAB_NEW","2021_41","2021_41","2021_041","2021_041",2022-08-06 10:02:00,46.07704,-58.84016,550754,"A69-1601-60855","Y",2023-08-16 10:40:00,2022,NA,"N",100,"A - Mud",151.6,4,151.6
"306","SABMPA","SAB_NEW","SAB_NEW","2021_40","2021_40","2021_040","2021_040",2022-08-06 10:12:00,46.07238,-58.85094,550746,"A69-1601-60847","Y",2023-08-16 10:52:00,2022,NA,"N",101,"A - Mud",150.4,1,150.4
"307","SABMPA","SAB_NEW","SAB_NEW","2021_39","2021_39","2021_039","2021_039",2022-08-06 10:22:00,46.06738,-58.86194,550747,"A69-1601-60848","Y",2023-08-16 11:03:00,2022,NA,"N",102,"A - Mud",163.4,1,163.4
"308","SABMPA","SAB_NEW","SAB_NEW","2021_38","2021_38","2021_038","2021_038",2022-08-06 10:31:00,46.06263,-58.87281,550750,"A69-1601-60851","Y",2023-08-16 11:14:00,2022,NA,"N",103,"A - Mud",157.4,1,157.4
"309","SABMPA","SAB_NEW","SAB_NEW","2021_37","2021_37","2021_037","2021_037",2022-08-06 10:42:00,46.05776,-58.88392,546082,"A69-1601-60546","Y",2023-08-16 11:25:00,2022,NA,"N",104,"A - Mud",145.3,1,145.3
"310","SABMPA","SAB_NEW","SAB_NEW","2021_36","2021_36","2021_036","2021_036",2022-08-06 10:52:00,46.05278,-58.89504,546084,"A69-1601-60548","Y",2023-08-16 11:36:00,2022,NA,"N",118,"B - Gravelly sand/mud <50% cobblles/gravel",129.6,1,129.6
"311","SABMPA","SAB_NEW","SAB_NEW","2021_35","2021_35","2021_035","2021_035",2022-08-06 11:02:00,46.04759,-58.9063,546089,"A69-1601-60553","Y",2023-08-16 11:47:00,2022,NA,"N",119,"B - Gravelly sand/mud <50% cobblles/gravel",116,1,116
"312","SABMPA","SAB_NEW","SAB_NEW","2021_34","2021_34","2021_034","2021_034",2022-08-06 11:12:00,46.04268,-58.91758,546083,"A69-1601-60547","Y",2023-08-16 11:56:00,2022,NA,"N",124,"E - Gravel with crinoids",132.8,1,132.8
"313","SABMPA","SAB_NEW","SAB_NEW","2021_33","2021_33","2021_033","2021_033",2022-08-06 11:22:00,46.03757,-58.92871,546074,"A69-1601-60538","Y",2023-08-16 12:07:00,2022,NA,"N",120,"B - Gravelly sand/mud <50% cobblles/gravel",134.7,1,134.7
"314","SABMPA","SAB_NEW","SAB_NEW","2021_32","2021_32","2021_032","2021_032",2022-08-06 11:32:00,46.03277,-58.93972,546080,"A69-1601-60544","Y",2023-08-16 12:17:00,2022,NA,"N",105,"A - Mud",151.2,1,151.2
"315","SABMPA","SAB_NEW","SAB_NEW","2021_31","2021_31","2021_031","2021_031",2022-08-06 11:42:00,46.02784,-58.95052,546071,"A69-1601-60535","Y",2023-08-16 12:29:00,2022,NA,"N",106,"A - Mud",148.9,1,148.9
"316","SABMPA","SAB_NEW","SAB_NEW","2021_30","2021_30","2021_030","2021_030",2022-08-06 11:53:00,46.02283,-58.96167,545778,"A69-1601-60242","Y",2023-08-16 12:41:00,2022,NA,"N",107,"A - Mud",148.9,1,148.9
"317","SABMPA","SAB_NEW","SAB_NEW","2021_29","2021_29","2021_029","2021_029",2022-08-06 12:03:00,46.01794,-58.97294,546079,"A69-1601-60543","Y",2023-08-16 12:52:00,2022,NA,"N",108,"A - Mud",142.8,1,142.8
"318","SABMPA","SAB_NEW","SAB_NEW","2021_28","2021_28","2021_028","2021_028",2022-08-06 12:13:00,46.01304,-58.98382,546075,"A69-1601-60539","Y",2023-08-16 13:04:00,2022,NA,"N",109,"A - Mud",142.8,1,142.8
"319","SABMPA","SAB_NEW","SAB_NEW","2021_27","2021_27","2021_027","2021_027",2022-08-06 12:23:00,46.00815,-58.99471,545779,"A69-1601-60243","Y",2023-08-16 13:14:00,2022,NA,"N",110,"A - Mud",120.4,1,120.4
"320","SABMPA","SAB_NEW","SAB_NEW","2021_26","2021_26","2021_026","2021_026",2022-08-06 12:33:00,46.00319,-59.00584,545784,"A69-1601-60248","Y",2023-08-16 13:26:00,2022,NA,"N",111,"A - Mud",119.2,1,119.2
"321","SABMPA","SAB_NEW","SAB_NEW","2021_25","2021_25","2021_025","2021_025",2022-08-06 12:43:00,45.99811,-59.01689,545773,"A69-1601-60237","Y",2023-08-16 13:35:00,2022,NA,"N",121,"B - Gravelly sand/mud <50% cobblles/gravel",117.3,3,117.3
"322","SABMPA","SAB_NEW","SAB_NEW","2021_24","2021_24","2021_024","2021_024",2022-08-06 12:53:00,45.99334,-59.02769,546072,"A69-1601-60536","Y",2023-08-16 13:46:00,2022,NA,"N",112,"A - Mud",117.8,3,117.8
"323","SABMPA","SAB_NEW","SAB_NEW","2021_23","2021_23","2021_023","2021_023",2022-08-06 13:03:00,45.98809,-59.03802,546078,"A69-1601-60542","Y",2023-08-16 13:54:00,2022,NA,"N",113,"A - Mud",117.7,1,117.7
"324","SABMPA","SAB_NEW","SAB_NEW","2021_22","2021_22","2021_022","2021_022",2022-08-06 13:17:00,45.98806,-59.05135,545781,"A69-1601-60245","Y",2023-08-16 14:05:00,2022,NA,"N",128,"B - Gravelly sand/mud <50% cobblles/gravel",111.8,1,111.8
"325","SABMPA","SAB_NEW","SAB_NEW","2021_21","2021_21","2021_021","2021_021",2022-08-06 13:27:00,45.98802,-59.06419,545765,"A69-1601-60229","Y",2023-08-16 14:15:00,2022,NA,"N",114,"A - Mud",111.8,1,111.8
"326","SABMPA","SAB_NEW","SAB_NEW","2021_20","2021_20","2021_020","2021_020",2022-08-06 13:38:00,45.98801,-59.07853,546081,"A69-1601-60545","Y",2023-08-16 14:28:00,2022,NA,"N",115,"A - Mud",109.5,1,109.5
"327","SABMPA","SAB_NEW","SAB_NEW","2021_19","2021_19","2021_019","2021_019",2022-08-06 13:48:00,45.98798,-59.09185,545771,"A69-1601-60235","Y",2023-08-16 14:38:00,2022,NA,"N",116,"A - Mud",104.1,1,104.1
"328","SABMPA","SAB_NEW","SAB_NEW","2021_18","2021_18","2021_018","2021_018",2022-08-06 13:58:00,45.98794,-59.10519,545571,"A69-1601-60035","Y",2023-08-16 14:49:00,2022,NA,"N",117,"A - Mud",103.5,1,103.5
"329","SABMPA","SAB_NEW","SAB_NEW","2021_17","2021_17","2021_017","2021_017",2022-08-06 14:09:00,45.98791,-59.11802,547102,"A69-1601-61566","Y",2023-08-16 15:01:00,2022,NA,"N",50,"C - Till >50% cobbles/gravel",87.7,1,87.7
"330","SABMPA","SAB_NEW","SAB_NEW","2021_16","2021_16","2021_016","2021_016",2022-08-06 14:19:00,45.98807,-59.13187,545714,"A69-1601-60178","Y",2023-08-16 15:09:00,2022,NA,"N",51,"C - Till >50% cobbles/gravel",65.6,1,65.6
"331","SABMPA","SAB_NEW","SAB_NEW","2021_14","2021_14","2021_014","2021_014",2022-08-06 14:53:00,45.988,-59.15853,545570,"A69-1601-60034","Y",2023-08-16 15:24:00,2022,NA,"N",52,"C - Till >50% cobbles/gravel",57.4,1,57.4
"332","SABMPA","SAB_NEW","SAB_NEW","2021_13","2021_13","2021_013","2021_013",2022-08-06 15:32:00,45.98797,-59.17136,546076,"A69-1601-60540","Y",2023-08-16 15:36:00,2022,NA,"N",55,"D - Till with coraline algae",59.9,1,59.9
"333","SABMPA","SAB_NEW","SAB_NEW","2021_12","2021_12","2021_012","2021_012",2022-08-06 15:49:00,45.98796,-59.1857,546088,"A69-1601-60552","Y",2023-08-16 15:45:00,2022,NA,"N",56,"D - Till with coraline algae",39.1,1,39.1
"334","SABMPA","SAB_NEW","SAB_NEW","2021_11","2021_11","2021_011","2021_011",2022-08-06 16:01:00,45.98792,-59.19902,547101,"A69-1601-61565","Y",2023-08-16 15:57:00,2022,NA,"N",57,"D - Till with coraline algae",34.1,1,34.1
"335","SABMPA","SAB_NEW","SAB_NEW","2021_10","2021_10","2021_010","2021_010",2022-08-06 16:10:00,45.98789,-59.21236,545575,"A69-1601-60039","Y",2023-08-16 16:13:00,2022,NA,"N",58,"D - Till with coraline algae",33.6,1,33.6
"336","SABMPA","SAB_NEW","SAB_NEW","2021_09","2021_09","2021_009","2021_009",2022-08-06 16:19:00,45.98785,-59.22519,546355,"A69-1601-60819","Y",2023-08-16 16:22:00,2022,NA,"N",59,"D - Till with coraline algae",36.4,1,36.4
"337","SABMPA","SAB_NEW","SAB_NEW","2021_08","2021_08","2021_008","2021_008",2022-08-06 16:39:00,45.98788,-59.24017,546086,"A69-1601-60550","Y",2023-08-16 16:33:00,2022,NA,"N",60,"D - Till with coraline algae",45.2,1,45.2
"338","SABMPA","SAB_NEW","SAB_NEW","2021_06","2021_06","2021_006","2021_006",2022-08-06 17:09:00,45.98781,-59.26683,546087,"A69-1601-60551","Y",2023-08-16 16:47:00,2022,NA,"N",61,"D - Till with coraline algae",65.5,1,65.5
"339","SABMPA","SAB_NEW","SAB_NEW","2021_05","2021_05","2021_005","2021_005",2022-08-06 17:18:00,45.98778,-59.27967,547103,"A69-1601-61567","Y",2023-08-16 16:57:00,2022,NA,"N",62,"D - Till with coraline algae",74.5,1,74.5
"340","SABMPA","SAB_NEW","SAB_NEW","2021_04","2021_04","2021_004","2021_004",2022-08-06 17:29:00,45.98776,-59.29401,549709,"A69-1601-60278","Y",2023-08-16 17:05:00,2022,NA,"N",122,"A - Mud",83.3,1,83.3
"341","SABMPA","SAB_NEW","SAB_NEW","2021_03","2021_03","2021_003","2021_003",2022-08-06 17:38:00,45.98773,-59.30733,549710,"A69-1601-60279","Y",2023-08-16 17:16:00,2022,NA,"N",53,"C - Till >50% cobbles/gravel",78.1,1,78.1
"342","SABMPA","SAB_NEW","SAB_NEW","2021_02","2021_02","2021_002","2021_002",2022-08-06 17:46:00,45.98769,-59.32067,545762,"A69-1601-60226","N",NA,2022,"Presumed stuck - Heard a couple of pings only once but seemed to give out after, on station for 30+ mins and could not reconnect","N",123,"A - Mud",83.6,1,83.6
"343","SABMPA","SAB_NEW","SAB_NEW","2021_01","2021_01","2021_001","2021_001",2022-08-06 17:56:00,45.98766,-59.3335,545766,"A69-1601-60230","Y",2023-08-16 18:02:00,2022,NA,"N",54,"C - Till >50% cobbles/gravel",86.8,1,86.8
"344","SABMPA","SAB_NEW","SAB_NEW","2021_01","2021_01","2021_001","2021_001",2023-08-16 18:03:00,45.988395,-59.3335,549710,"A69-1601-60279","Y",2024-08-17 16:27:00,2023,NA,"N",54,"C - Till >50% cobbles/gravel",86.8,1,86.8
"345","SABMPA","SAB_NEW","SAB_NEW","2021_03","2021_03","2021_003","2021_003",2023-08-16 17:16:00,45.988261,-59.30772,549709,"A69-1601-60278","Y",2024-08-17 16:14:00,2023,NA,"N",53,"C - Till >50% cobbles/gravel",78.1,1,78.1
"346","SABMPA","SAB_NEW","SAB_NEW","2021_04","2021_04","2021_004","2021_004",2023-08-16 17:05:00,45.987751,-59.294,547103,"A69-1601-61567","Y",2024-08-17 16:03:00,2023,NA,"N",122,"A - Mud",83.3,1,83.3
"347","SABMPA","SAB_NEW","SAB_NEW","2021_05","2021_05","2021_005","2021_005",2023-08-16 16:57:00,45.987914,-59.28086,546087,"A69-1601-60551","Y",2024-08-17 15:52:00,2023,NA,"N",62,"D - Till with coraline algae",74.5,1,74.5
"348","SABMPA","SAB_NEW","SAB_NEW","2021_06","2021_06","2021_006","2021_006",2023-08-16 16:47:00,45.988133,-59.26596,546086,"A69-1601-60550","Y",2024-08-17 15:43:00,2023,NA,"N",61,"D - Till with coraline algae",65.5,1,65.5
"349","SABMPA","SAB_NEW","SAB_NEW","2021_07","2021_07","2021_007","2021_007",2023-08-16 16:38:00,45.988301,-59.25373,546355,"A69-1601-60819","Y",2024-08-17 15:33:00,2023,NA,"N",130,"D - Till with coraline algae",60,1,60
"350","SABMPA","SAB_NEW","SAB_NEW","2021_08","2021_08","2021_008","2021_008",2023-08-16 16:34:00,45.988247,-59.24008,545575,"A69-1601-60039","Y",2024-08-17 15:22:00,2023,NA,"N",60,"D - Till with coraline algae",45.2,1,45.2
"351","SABMPA","SAB_NEW","SAB_NEW","2021_09","2021_09","2021_009","2021_009",2023-08-16 16:21:00,45.989016,-59.22473,547101,"A69-1601-61565","Y",2024-08-17 15:11:00,2023,NA,"N",59,"D - Till with coraline algae",36.4,1,36.4
"352","SABMPA","SAB_NEW","SAB_NEW","2021_10","2021_10","2021_010","2021_010",2023-08-16 16:12:00,45.98842,-59.21295,546088,"A69-1601-60552","Y",2024-08-17 15:00:00,2023,NA,"N",58,"D - Till with coraline algae",33.6,1,33.6
"353","SABMPA","SAB_NEW","SAB_NEW","2021_11","2021_11","2021_011","2021_011",2023-08-16 15:57:00,45.988087,-59.19894,546076,"A69-1601-60540","Y",2024-08-17 14:50:00,2023,NA,"N",57,"D - Till with coraline algae",34.1,1,34.1
"354","SABMPA","SAB_NEW","SAB_NEW","2021_12","2021_12","2021_012","2021_012",2023-08-16 15:48:00,45.988207,-59.18554,545570,"A69-1601-60034","Y",2024-08-17 14:36:00,2023,NA,"N",56,"D - Till with coraline algae",39.1,1,39.1
"355","SABMPA","SAB_NEW","SAB_NEW","2021_13","2021_13","2021_013","2021_013",2023-08-16 15:36:00,45.987727,-59.17053,553424,"A69-1601-61344","Y",2024-08-17 14:20:00,2023,NA,"N",55,"D - Till with coraline algae",59.9,1,59.9
"356","SABMPA","SAB_NEW","SAB_NEW","2021_14","2021_14","2021_014","2021_014",2023-08-16 15:26:00,45.988643,-59.15839,545714,"A69-1601-60178","Y",2024-08-17 14:02:00,2023,NA,"N",52,"C - Till >50% cobbles/gravel",57.4,1,57.4
"357","SABMPA","SAB_NEW","SAB_NEW","2021_15","2021_15","2021_015","2021_015",2023-08-16 15:17:00,45.988287,-59.14519,547102,"A69-1601-61566","Y",2025-06-18 17:40:00,2023,"recovered with ROV 2025","Y",129,"C - Till >50% cobbles/gravel",60,1,60
"358","SABMPA","SAB_NEW","SAB_NEW","2021_16","2021_16","2021_016","2021_016",2023-08-16 15:12:00,45.988244,-59.13139,545571,"A69-1601-60035","Y",2024-08-17 13:37:00,2023,NA,"N",51,"C - Till >50% cobbles/gravel",65.6,1,65.6
"359","SABMPA","SAB_NEW","SAB_NEW","2021_17","2021_17","2021_017","2021_017",2023-08-16 14:59:00,45.988424,-59.11858,545771,"A69-1601-60235","Y",2024-08-17 13:29:00,2023,NA,"N",50,"C - Till >50% cobbles/gravel",87.7,1,87.7
"360","SABMPA","SAB_NEW","SAB_NEW","2021_18","2021_18","2021_018","2021_018",2023-08-16 14:51:00,45.988868,-59.10583,546081,"A69-1601-60545","Y",2024-08-17 13:17:00,2023,NA,"N",117,"A - Mud",103.5,1,103.5
"361","SABMPA","SAB_NEW","SAB_NEW","2021_19","2021_19","2021_019","2021_019",2023-08-16 14:40:00,45.988806,-59.09204,545765,"A69-1601-60229","Y",2024-08-17 13:06:00,2023,NA,"N",116,"A - Mud",104.1,1,104.1
"362","SABMPA","SAB_NEW","SAB_NEW","2021_20","2021_20","2021_020","2021_020",2023-08-16 14:30:00,45.988841,-59.07927,545781,"A69-1601-60245","Y",2024-08-17 12:58:00,2023,NA,"N",115,"A - Mud",109.5,1,109.5
"363","SABMPA","SAB_NEW","SAB_NEW","2021_21","2021_21","2021_021","2021_021",2023-08-16 14:17:00,45.988416,-59.06459,546078,"A69-1601-60542","Y",2024-08-17 12:48:00,2023,NA,"N",114,"A - Mud",111.8,1,111.8
"364","SABMPA","SAB_NEW","SAB_NEW","2021_22","2021_22","2021_022","2021_022",2023-08-16 14:06:00,45.988285,-59.05321,546072,"A69-1601-60536","Y",2024-08-17 12:38:00,2023,NA,"N",128,"B - Gravelly sand/mud <50% cobblles/gravel",111.8,1,111.8
"365","SABMPA","SAB_NEW","SAB_NEW","2021_23","2021_23","2021_023","2021_023",2023-08-16 13:56:00,45.988253,-59.03927,545773,"A69-1601-60237","Y",2024-08-17 12:30:00,2023,NA,"N",113,"A - Mud",117.7,1,117.7
"366","SABMPA","SAB_NEW","SAB_NEW","2021_24","2021_24","2021_024","2021_024",2023-08-16 13:48:00,45.993467,-59.028,545784,"A69-1601-60248","Y",2024-08-17 12:20:00,2023,NA,"N",112,"A - Mud",117.8,3,117.8
"367","SABMPA","SAB_NEW","SAB_NEW","2021_25","2021_25","2021_025","2021_025",2023-08-16 13:37:00,45.998287,-59.01779,545779,"A69-1601-60243","Y",2024-08-17 12:13:00,2023,NA,"N",121,"B - Gravelly sand/mud <50% cobblles/gravel",117.3,3,117.3
"368","SABMPA","SAB_NEW","SAB_NEW","2021_26","2021_26","2021_026","2021_026",2023-08-16 13:27:00,46.003329,-59.00666,546075,"A69-1601-60539","Y",2024-08-17 12:03:00,2023,NA,"N",111,"A - Mud",119.2,1,119.2
"369","SABMPA","SAB_NEW","SAB_NEW","2021_27","2021_27","2021_027","2021_027",2023-08-16 13:18:00,46.008478,-58.99497,546079,"A69-1601-60543","Y",2024-08-17 11:53:00,2023,NA,"N",110,"A - Mud",120.4,1,120.4
"370","SABMPA","SAB_NEW","SAB_NEW","2021_28","2021_28","2021_028","2021_028",2023-08-16 13:05:00,46.013531,-58.98343,545778,"A69-1601-60242","L",NA,2023,"Error 8; release would not activate. Got range and health.","N",109,"A - Mud",142.8,1,142.8
"371","SABMPA","SAB_NEW","SAB_NEW","2021_29","2021_29","2021_029","2021_029",2023-08-16 12:53:00,46.018319,-58.973,546071,"A69-1601-60535","Y",2024-08-17 11:34:00,2023,NA,"N",108,"A - Mud",142.8,1,142.8
"372","SABMPA","SAB_NEW","SAB_NEW","2021_30","2021_30","2021_030","2021_030",2023-08-16 12:42:00,46.023083,-58.9613,546080,"A69-1601-60544","Y",2024-08-17 11:23:00,2023,NA,"N",107,"A - Mud",148.9,1,148.9
"373","SABMPA","SAB_NEW","SAB_NEW","2021_31","2021_31","2021_031","2021_031",2023-08-16 12:30:00,46.028129,-58.95072,546074,"A69-1601-60538","L",NA,2023,"zero comms (tried auto and direct) no redeploy.","N",106,"A - Mud",148.9,1,148.9
"374","SABMPA","SAB_NEW","SAB_NEW","2021_32","2021_32","2021_032","2021_032",2023-08-16 12:18:00,46.033484,-58.93976,546083,"A69-1601-60547","Y",2024-08-17 10:58:00,2023,NA,"N",105,"A - Mud",151.2,1,151.2
"375","SABMPA","SAB_NEW","SAB_NEW","2021_33","2021_33","2021_033","2021_033",2023-08-16 12:08:00,46.038022,-58.9286,546089,"A69-1601-60553","L",NA,2023,"comms confirmed, release stuck so did not surface. Did not redeploy.","N",120,"B - Gravelly sand/mud <50% cobblles/gravel",134.7,1,134.7
"376","SABMPA","SAB_NEW","SAB_NEW","2021_34","2021_34","2021_034","2021_034",2023-08-16 11:57:00,46.043075,-58.91779,546084,"A69-1601-60548","Y",2024-08-17 10:38:00,2023,NA,"N",124,"E - Gravel with crinoids",132.8,1,132.8
"377","SABMPA","SAB_NEW","SAB_NEW","2021_35","2021_35","2021_035","2021_035",2023-08-16 11:48:00,46.048149,-58.90588,546082,"A69-1601-60546","Y",2024-08-17 10:28:00,2023,NA,"N",119,"B - Gravelly sand/mud <50% cobblles/gravel",116,1,116
"378","SABMPA","SAB_NEW","SAB_NEW","2021_36","2021_36","2021_036","2021_036",2023-08-16 11:37:00,46.053258,-58.89486,550750,"A69-1601-60851","Y",2024-08-17 10:18:00,2023,NA,"N",118,"B - Gravelly sand/mud <50% cobblles/gravel",129.6,1,129.6
"379","SABMPA","SAB_NEW","SAB_NEW","2021_37","2021_37","2021_037","2021_037",2023-08-16 11:27:00,46.057934,-58.88394,550747,"A69-1601-60848","Y",2024-08-17 10:09:00,2023,NA,"N",104,"A - Mud",145.3,1,145.3
"380","SABMPA","SAB_NEW","SAB_NEW","2021_38","2021_38","2021_038","2021_038",2023-08-16 11:15:00,46.063202,-58.87262,550746,"A69-1601-60847","Y",2024-08-17 10:00:00,2023,NA,"N",103,"A - Mud",157.4,1,157.4
"381","SABMPA","SAB_NEW","SAB_NEW","2021_39","2021_39","2021_039","2021_039",2023-08-16 11:04:00,46.068032,-58.86212,550754,"A69-1601-60855","Y",2024-08-17 09:49:00,2023,NA,"N",102,"A - Mud",163.4,1,163.4
"382","SABMPA","SAB_NEW","SAB_NEW","2021_40","2021_40","2021_040","2021_040",2023-08-16 10:55:00,46.072754,-58.8506,550748,"A69-1601-60849","Y",2024-08-17 09:39:00,2023,NA,"N",101,"A - Mud",150.4,1,150.4
"383","SABMPA","SAB_NEW","SAB_NEW","2021_41","2021_41","2021_041","2021_041",2023-08-16 10:43:00,46.077231,-58.84035,552478,"A69-1601-60787","Y",2024-08-17 09:30:00,2023,NA,"N",100,"A - Mud",151.6,4,151.6
"384","SABMPA","SAB_NEW","SAB_NEW","2021_43","2021_43","2021_043","2021_043",2023-08-16 10:15:00,46.087181,-58.81799,552459,"A69-1601-60659","Y",2024-08-17 09:14:00,2023,NA,"N",98,"A - Mud",143.5,4,143.5
"385","SABMPA","SAB_NEW","SAB_NEW","2021_44","2021_44","2021_044","2021_044",2023-08-16 10:04:00,46.091561,-58.80686,552480,"A69-1601-60789","Y",2024-08-17 09:05:00,2023,NA,"N",97,"A - Mud",149.7,4,149.7
"386","SABMPA","SAB_NEW","SAB_NEW","2021_45","2021_45","2021_045","2021_045",2023-08-16 09:58:00,46.09648,-58.7971,550735,"A69-1601-60836","Y",2024-08-17 08:53:00,2023,NA,"N",96,"A - Mud",154.8,4,154.8
"387","SABMPA","SAB_NEW","SAB_NEW","2021_46","2021_46","2021_046","2021_046",2023-08-16 09:46:00,46.1017,-58.78578,550739,"A69-1601-60840","Y",2024-08-17 08:38:00,2023,NA,"N",95,"A - Mud",154.8,4,154.8
"388","SABMPA","SAB_NEW","SAB_NEW","2021_02","2021_02","2021_002","2021_002",2024-08-17 16:37:00,45.98748,-59.32105,549710,"A69-1601-60279","Y",2025-08-28 16:50:00,2024,NA,"N",123,"A - Mud",83.6,1,83.6
"389","SABMPA","SAB_NEW","SAB_NEW","2021_01","2021_01","2021_001","2021_001",2024-08-17 16:31:00,45.98777,-59.33316,549709,"A69-1601-60278","Y",2025-08-28 17:03:00,2024,NA,"N",54,"C - Till >50% cobbles/gravel",86.8,1,86.8
"390","SABMPA","SAB_NEW","SAB_NEW","2021_03","2021_03","2021_003","2021_003",2024-08-17 16:15:00,45.98795,-59.30681,547103,"A69-1601-61567","Y",2025-08-28 16:38:00,2024,NA,"N",53,"C - Till >50% cobbles/gravel",78.1,1,78.1
"391","SABMPA","SAB_NEW","SAB_NEW","2021_04","2021_04","2021_004","2021_004",2024-08-17 16:04:00,45.98762,-59.29412,546087,"A69-1601-60551","Y",2025-08-28 16:28:00,2024,NA,"N",122,"A - Mud",83.3,1,83.3
"392","SABMPA","SAB_NEW","SAB_NEW","2021_05","2021_05","2021_005","2021_005",2024-08-17 15:54:00,45.98771,-59.27951,546086,"A69-1601-60550","Y",2025-08-28 16:18:00,2024,NA,"N",62,"D - Till with coraline algae",74.5,1,74.5
"393","SABMPA","SAB_NEW","SAB_NEW","2021_06","2021_06","2021_006","2021_006",2024-08-17 15:43:00,45.98781,-59.26602,546355,"A69-1601-60819","Y",2025-08-28 16:08:00,2024,NA,"N",61,"D - Till with coraline algae",65.5,1,65.5
"394","SABMPA","SAB_NEW","SAB_NEW","2021_07","2021_07","2021_007","2021_007",2024-08-17 15:33:00,45.98828,-59.25401,545575,"A69-1601-60039","Y",2025-08-28 15:53:00,2024,NA,"N",130,"D - Till with coraline algae",60,1,60
"395","SABMPA","SAB_NEW","SAB_NEW","2021_08","2021_08","2021_008","2021_008",2024-08-17 15:23:00,45.98788,-59.24017,547101,"A69-1601-61565","Y",2025-08-28 15:41:00,2024,NA,"N",60,"D - Till with coraline algae",45.2,1,45.2
"396","SABMPA","SAB_NEW","SAB_NEW","2021_09","2021_09","2021_009","2021_009",2024-08-17 15:12:00,45.98785,-59.22436,546088,"A69-1601-60552","Y",2025-08-28 15:30:00,2024,NA,"N",59,"D - Till with coraline algae",36.4,1,36.4
"397","SABMPA","SAB_NEW","SAB_NEW","2021_10","2021_10","2021_010","2021_010",2024-08-17 15:01:00,45.98787,-59.21269,546076,"A69-1601-60540","Y",2025-08-28 15:20:00,2024,NA,"N",58,"D - Till with coraline algae",33.6,1,33.6
"398","SABMPA","SAB_NEW","SAB_NEW","2021_11","2021_11","2021_011","2021_011",2024-08-17 14:51:00,45.98813,-59.1999,545570,"A69-1601-60034","Y",2025-08-28 15:09:00,2024,NA,"N",57,"D - Till with coraline algae",34.1,1,34.1
"399","SABMPA","SAB_NEW","SAB_NEW","2021_12","2021_12","2021_012","2021_012",2024-08-17 14:37:00,45.98796,-59.1857,553424,"A69-1601-61344","Y",2025-08-28 14:51:00,2024,NA,"N",56,"D - Till with coraline algae",39.1,1,39.1
"400","SABMPA","SAB_NEW","SAB_NEW","2021_13","2021_13","2021_013","2021_013",2024-08-17 14:20:00,45.98785,-59.17033,545714,"A69-1601-60178","Y",2025-08-28 14:40:00,2024,NA,"N",55,"D - Till with coraline algae",59.9,1,59.9
"401","SABMPA","SAB_NEW","SAB_NEW","2021_14","2021_14","2021_014","2021_014",2024-08-17 14:02:00,45.98867,-59.15815,545571,"A69-1601-60035","Y",2025-08-28 14:30:00,2024,NA,"N",52,"C - Till >50% cobbles/gravel",57.4,1,57.4
"402","SABMPA","SAB_NEW","SAB_NEW","2021_16","2021_16","2021_016","2021_016",2024-08-17 13:37:00,45.98853,-59.13201,545771,"A69-1601-60235","Y",2025-08-28 14:11:00,2024,NA,"N",51,"C - Till >50% cobbles/gravel",65.6,1,65.6
"403","SABMPA","SAB_NEW","SAB_NEW","2021_17","2021_17","2021_017","2021_017",2024-08-17 13:30:00,45.98857,-59.11886,546081,"A69-1601-60545","Y",2025-08-28 13:55:00,2024,NA,"N",50,"C - Till >50% cobbles/gravel",87.7,1,87.7
"404","SABMPA","SAB_NEW","SAB_NEW","2021_18","2021_18","2021_018","2021_018",2024-08-17 13:19:00,45.98794,-59.10519,545765,"A69-1601-60229","Y",2025-08-28 13:45:00,2024,NA,"N",117,"A - Mud",103.5,1,103.5
"405","SABMPA","SAB_NEW","SAB_NEW","2021_19","2021_19","2021_019","2021_019",2024-08-17 13:07:00,45.98819,-59.09124,545781,"A69-1601-60245","Y",2025-08-28 13:30:00,2024,NA,"N",116,"A - Mud",104.1,1,104.1
"406","SABMPA","SAB_NEW","SAB_NEW","2021_20","2021_20","2021_020","2021_020",2024-08-17 12:58:00,45.98812,-59.07858,546078,"A69-1601-60542","Y",2025-08-28 13:21:00,2024,NA,"N",115,"A - Mud",109.5,1,109.5
"407","SABMPA","SAB_NEW","SAB_NEW","2021_21","2021_21","2021_021","2021_021",2024-08-17 12:48:00,45.98851,-59.06456,546072,"A69-1601-60536","Y",2025-08-28 13:09:00,2024,NA,"N",114,"A - Mud",111.8,1,111.8
"408","SABMPA","SAB_NEW","SAB_NEW","2021_22","2021_22","2021_022","2021_022",2024-08-17 12:39:00,45.98908,-59.053,545773,"A69-1601-60237","Y",2025-08-28 12:58:00,2024,NA,"N",128,"B - Gravelly sand/mud <50% cobblles/gravel",111.8,1,111.8
"409","SABMPA","SAB_NEW","SAB_NEW","2021_23","2021_23","2021_023","2021_023",2024-08-17 12:30:00,45.98842,-59.038,545784,"A69-1601-60248","Y",2025-08-28 12:47:00,2024,NA,"N",113,"A - Mud",117.7,1,117.7
"410","SABMPA","SAB_NEW","SAB_NEW","2021_24","2021_24","2021_024","2021_024",2024-08-17 12:21:00,45.99376,-59.02776,545779,"A69-1601-60243","Y",2025-08-28 12:26:00,2024,NA,"N",112,"A - Mud",117.8,3,117.8
"411","SABMPA","SAB_NEW","SAB_NEW","2021_25","2021_25","2021_025","2021_025",2024-08-17 12:12:00,45.9986,-59.01554,546075,"A69-1601-60539","Y",2025-08-28 12:26:00,2024,NA,"N",121,"B - Gravelly sand/mud <50% cobblles/gravel",117.3,3,117.3
"412","SABMPA","SAB_NEW","SAB_NEW","2021_26","2021_26","2021_026","2021_026",2024-08-17 12:04:00,46.00319,-59.00584,546079,"A69-1601-60543","Y",2025-08-28 12:17:00,2024,NA,"N",111,"A - Mud",119.2,1,119.2
"413","SABMPA","SAB_NEW","SAB_NEW","2021_27","2021_27","2021_027","2021_027",2024-08-17 11:54:00,46.00828,-58.99555,546071,"A69-1601-60535","Y",2025-08-28 12:06:00,2024,NA,"N",110,"A - Mud",120.4,1,120.4
"414","SABMPA","SAB_NEW","SAB_NEW","2021_28","2021_28","2021_028","2021_028",2024-08-17 11:45:00,46.01382,-58.98452,546080,"A69-1601-60544","Y",2025-08-28 11:56:00,2024,NA,"N",109,"A - Mud",142.8,1,142.8
"415","SABMPA","SAB_NEW","SAB_NEW","2021_29","2021_29","2021_029","2021_029",2024-08-17 11:35:00,46.01794,-58.97294,546083,"A69-1601-60547","Y",2025-08-28 11:45:00,2024,NA,"N",108,"A - Mud",142.8,1,142.8
"416","SABMPA","SAB_NEW","SAB_NEW","2021_30","2021_30","2021_030","2021_030",2024-08-17 11:23:00,46.02347,-58.96098,546084,"A69-1601-60548","Y",2025-08-28 11:35:00,2024,NA,"N",107,"A - Mud",148.9,1,148.9
"417","SABMPA","SAB_NEW","SAB_NEW","2021_32","2021_32","2021_032","2021_032",2024-08-17 11:00:00,46.03315,-58.93992,546082,"A69-1601-60546","Y",2025-08-28 11:18:00,2024,NA,"N",105,"A - Mud",151.2,1,151.2
"418","SABMPA","SAB_NEW","SAB_NEW","2021_34","2021_34","2021_034","2021_034",2024-08-17 10:41:00,46.04243,-58.91755,550750,"A69-1601-60851","Y",2025-08-28 11:02:00,2024,NA,"N",124,"E - Gravel with crinoids",132.8,1,132.8
"419","SABMPA","SAB_NEW","SAB_NEW","2021_36","2021_36","2021_036","2021_036",2024-08-17 10:36:00,46.05306,-58.89499,550746,"A69-1601-60847","Y",2025-08-28 10:39:00,2024,NA,"N",118,"B - Gravelly sand/mud <50% cobblles/gravel",129.6,1,129.6
"420","SABMPA","SAB_NEW","SAB_NEW","2021_35","2021_35","2021_035","2021_035",2024-08-17 10:30:00,46.04742,-58.90598,550747,"A69-1601-60848","Y",2025-08-28 10:50:00,2024,NA,"N",119,"B - Gravelly sand/mud <50% cobblles/gravel",116,1,116
"421","SABMPA","SAB_NEW","SAB_NEW","2021_37","2021_37","2021_037","2021_037",2024-08-17 10:09:00,46.05782,-58.88514,550754,"A69-1601-60855","Y",2025-08-28 10:28:00,2024,NA,"N",104,"A - Mud",145.3,1,145.3
"422","SABMPA","SAB_NEW","SAB_NEW","2021_38","2021_38","2021_038","2021_038",2024-08-17 10:00:00,46.06255,-58.87351,550748,"A69-1601-60849","Y",2025-08-28 10:18:00,2024,NA,"N",103,"A - Mud",157.4,1,157.4
"423","SABMPA","SAB_NEW","SAB_NEW","2021_39","2021_39","2021_039","2021_039",2024-08-17 09:50:00,46.06765,-58.86229,552478,"A69-1601-60787","Y",2025-08-28 10:09:00,2024,NA,"N",102,"A - Mud",163.4,1,163.4
"424","SABMPA","SAB_NEW","SAB_NEW","2021_40","2021_40","2021_040","2021_040",2024-08-17 09:39:00,46.07232,-58.85059,552459,"A69-1601-60659","Y",2025-08-28 09:58:00,2024,NA,"N",101,"A - Mud",150.4,1,150.4
"425","SABMPA","SAB_NEW","SAB_NEW","2021_41","2021_41","2021_041","2021_041",2024-08-17 09:30:00,46.07685,-58.84175,546375,"A69-1601-60839","Y",2025-08-28 09:48:00,2024,NA,"N",100,"A - Mud",151.6,4,151.6
"426","SABMPA","SAB_NEW","SAB_NEW","2021_42","2021_42","2021_042","2021_042",2024-08-17 09:20:00,46.08248,-58.82878,552480,"A69-1601-60789","Y",2025-08-28 09:31:00,2024,NA,"N",99,"A - Mud",146.1,4,146.1
"427","SABMPA","SAB_NEW","SAB_NEW","2021_43","2021_43","2021_043","2021_043",2024-08-17 09:14:00,46.08745,-58.81713,550735,"A69-1601-60836","Y",2025-08-28 09:20:00,2024,NA,"N",98,"A - Mud",143.5,4,143.5
"428","SABMPA","SAB_NEW","SAB_NEW","2021_44","2021_44","2021_044","2021_044",2024-08-17 09:05:00,46.09171,-58.80791,550739,"A69-1601-60840","Y",2025-08-28 09:10:00,2024,NA,"N",97,"A - Mud",149.7,4,149.7
"429","SABMPA","SAB_NEW","SAB_NEW","2021_45","2021_45","2021_045","2021_045",2024-08-17 08:58:00,46.097336,-58.79623,547092,"A69-1601-61556","Y",2025-08-28 08:55:00,2024,NA,"N",96,"A - Mud",154.8,4,154.8
"430","SABMPA","SAB_NEW","SAB_NEW","2021_46","2021_46","2021_046","2021_046",2024-08-17 08:43:00,46.1017,-58.78538,546341,"A69-1601-60805","Y",2025-04-02,2024,"Found (caught) by halibut fisherman (fished up likely), dropped off to OTN by BIO employee (Danni)","Y",95,"A - Mud",154.8,4,154.8
