"","common_name","Total_Detections","Pct_Kept","Pct_Flagged","Keep_Summary","Flag_Summary"
"1","American eel",167,66.5,33.5,"66.5%","33.5%"
"2","Atlantic cod",14743,97.9,2.1,"97.9%","2.1%"
"3","Atlantic halibut",511,99,1,"99%","1%"
"4","Atlantic mackerel",9,100,0,"100%","0%"
"5","Atlantic salmon",2561,90.4,9.6,"90.4%","9.6%"
"6","Atlantic sturgeon",9,100,0,"100%","0%"
"7","Blue shark",609,95.2,4.8,"95.2%","4.8%"
"8","Bluefin tuna",1183,96.2,3.8,"96.2%","3.8%"
"9","Grey seal",54,98.1,1.9,"98.1%","1.9%"
"10","Leatherback turtle",110,97.3,2.7,"97.3%","2.7%"
"11","Porbeagle shark",72,97.2,2.8,"97.2%","2.8%"
"12","Shortfin mako",29,100,0,"100%","0%"
"13","Snow crab",371,100,0,"100%","0%"
"14","White shark",1304,95.8,4.2,"95.8%","4.2%"
