station,num_fish,num_dets,first_det,last_det,mean_lat,mean_lon,animals
2021_001,21,117,2021-08-27T04:21:33Z,2024-07-23T18:05:58Z,45.98787125,-59.333414999999995,BLUEFIN_TAG_35 BLUEFIN_TAG_37 BLUEFIN_TAG_38 BLUEFIN_TAG_51 BLUEFIN_TAG_52 BLUEFIN_TAG_62 MAKO_RICSS_1 SALM_ESRF_48 SALM_V2LCBHNP_3 WHITE_CCOCE_11 WHITE_CCOCE_7 WHITE_HMSWEA_3 WHITE_MSRPWS_12 WHITE_MSRPWS_17 WHITE_MSRPWS_19 WHITE_MSRPWS_21 WHITE_MSRPWS_22 WHITE_MSRPWS_3 WHITE_MSRPWS_7 WHITE_NY_12 WHITE_NY_9
2021_002,7,34,2021-08-26T13:24:25Z,2022-08-05T19:02:38Z,45.98762,-59.320796666666666,BLUEFIN_TAG_35 BLUEFIN_TAG_37 MAKO_RICSS_1 SALM_ESRF_22 WHITE_CCOCE_3 WHITE_MSRPWS_17 WHITE_MSRPWS_36
2021_003,22,133,2021-08-27T04:59:42Z,2024-07-22T23:19:49Z,45.987917749999994,-59.307297500000004,BLUEFIN_DFOBFT_6 BLUEFIN_TAG_15 BLUEFIN_TAG_35 BLUEFIN_TAG_45 BLUEFIN_TAG_46 BLUEFIN_TAG_50 BLUEFIN_TAG_52 BLUEFIN_TAG_59 LHBACK_JBLB_1 MAKO_RICSS_1 SALM_V2LCBHNP_2 WHITE_CCOCE_11 WHITE_CCOCE_7 WHITE_MSRPWS_22 WHITE_MSRPWS_28 WHITE_MSRPWS_34 WHITE_MSRPWS_35 WHITE_MSRPWS_36 WHITE_MSRPWS_47 WHITE_MSRPWS_7 WHITE_MSRPWS_9 WHITE_NY_3
2021_004,17,163,2021-09-08T05:58:57Z,2024-02-12T06:47:34Z,45.98772275,-59.294035,BLUEFIN_TAG_15 BLUEFIN_TAG_33 BLUEFIN_TAG_35 BLUEFIN_TAG_45 BLUEFIN_TAG_46 BLUEFIN_TAG_55 SALM_ESRF_35 SALM_V2LCBHNP_2 WHITE_CCOCE_11 WHITE_CCOCE_7 WHITE_MSRPWS_19 WHITE_MSRPWS_32 WHITE_MSRPWS_34 WHITE_MSRPWS_35 WHITE_MSRPWS_36 WHITE_MSRPWS_39 WHITE_MSRPWS_7
2021_005,18,111,2021-08-26T08:09:57Z,2024-06-23T20:44:38Z,45.987796,-59.2799275,BLUEFIN_BFTTAG_2 BLUEFIN_TAG_15 BLUEFIN_TAG_32 BLUEFIN_TAG_35 BLUEFIN_TAG_45 BLUEFIN_TAG_46 BLUESH_NSBS_9 SALM_UNBMIR_1 WHITE_CCOCE_19 WHITE_CCOCE_7 WHITE_MSRPWS_17 WHITE_MSRPWS_19 WHITE_MSRPWS_21 WHITE_MSRPWS_32 WHITE_MSRPWS_35 WHITE_MSRPWS_36 WHITE_MSRPWS_38 WHITE_MSRPWS_39
2021_006,19,96,2021-11-03T03:17:17Z,2024-07-22T12:43:38Z,45.98789075,-59.26641,BLUEFIN_DFOBFT_2 BLUEFIN_DFOBFT_3 BLUEFIN_TAG_15 BLUEFIN_TAG_35 BLUESH_NSBS_9 SALM_ESRF_34 SALM_UNBMIR_1 SALM_V2LCBHNP_2 WHITE_CCOCE_7 WHITE_MSRPWS_1 WHITE_MSRPWS_11 WHITE_MSRPWS_19 WHITE_MSRPWS_2 WHITE_MSRPWS_32 WHITE_MSRPWS_34 WHITE_MSRPWS_35 WHITE_MSRPWS_36 WHITE_MSRPWS_38 WHITE_SBUSOMAS01_1
2021_007,8,45,2023-09-25T21:04:08Z,2024-07-22T12:41:59Z,45.98814033333334,-59.253743333333325,BLUEFIN_DFOBFT_3 HAL_MEHAL_3 SALM_V2LCBHNP_2 WHITE_CCOCE_7 WHITE_MSRPWS_1 WHITE_MSRPWS_11 WHITE_MSRPWS_2 WHITE_MSRPWS_32
2021_008,12,72,2021-11-03T01:10:26Z,2024-07-27T12:38:56Z,45.98797174999999,-59.2401475,BLUEFIN_DFOBFT_2 BLUEFIN_TAG_35 BLUEFIN_TAG_51 SALM_UNBMIR_1 WHITE_CCOCE_7 WHITE_HMSWEA_3 WHITE_MSRPWS_1 WHITE_MSRPWS_25 WHITE_MSRPWS_26 WHITE_MSRPWS_30 WHITE_MSRPWS_32 WHITE_MSRPWS_6
2021_009,13,77,2021-08-27T06:48:18Z,2024-07-22T12:17:39Z,45.988141500000005,-59.224867499999995,BLUEFIN_DFOBFT_10 BLUEFIN_DFOBFT_2 BLUEFIN_DFOBFT_9 BLUEFIN_TAG_35 BLUEFIN_TAG_44 BLUEFIN_TAG_56 MAKO_RICSS_1 WHITE_HMSWEA_3 WHITE_MSRPWS_1 WHITE_MSRPWS_18 WHITE_MSRPWS_25 WHITE_MSRPWS_27 WHITE_MSRPWS_45
2021_010,14,49,2021-08-27T07:02:25Z,2024-06-28T13:10:22Z,45.9880175,-59.21259,BLUEFIN_DFOBFT_10 BLUEFIN_DFOBFT_2 BLUEFIN_TAG_44 BLUEFIN_TAG_58 MAKO_RICSS_1 SALM_ESRF_28 SALM_PBU_10 SALM_QSLR_3 WHITE_CCOCE_14 WHITE_HMSWEA_3 WHITE_MSRPWS_18 WHITE_MSRPWS_27 WHITE_MSRPWS_36 WHITE_MSRPWS_45
2021_011,14,42,2021-08-27T07:15:47Z,2024-06-24T14:35:04Z,45.988014250000006,-59.19922,BLUEFIN_DFOBFT_1 BLUEFIN_TAG_15 BLUEFIN_TAG_30 BLUEFIN_TAG_39 BLUEFIN_TAG_53 BLUEFIN_TAG_54 MAKO_RICSS_1 SALM_ESRF_28 SALM_ESRF_48 SALM_V2LNSSA_4 WHITE_MSRPWS_10 WHITE_MSRPWS_25 WHITE_MSRPWS_27 WHITE_MSRPWS_34
2021_012,9,58,2021-10-04T17:25:34Z,2024-07-14T15:05:14Z,45.98802175,-59.18566,BLUEFIN_DFOBFT_13 BLUEFIN_TAG_42 BLUEFIN_TAG_43 BLUEFIN_TAG_48 BLUEFIN_TAG_53 GSEAL_GSFP_5 SALM_ESRF_48 WHITE_MSRPWS_18 WHITE_MSRPWS_36
2021_013,18,100,2021-10-18T10:53:43Z,2024-07-14T14:42:40Z,45.98787925,-59.170895,BLUEFIN_DFOBFT_13 BLUEFIN_TAG_31 BLUEFIN_TAG_43 BLUEFIN_TAG_65 COD_SBICOD_1 SALM_QSLR_3 SALM_V2LCBHNP_2 SALM_V2LCBHNP_7 WHITE_CCOCE_13 WHITE_CCOCE_15 WHITE_MSRPWS_17 WHITE_MSRPWS_18 WHITE_MSRPWS_36 WHITE_MSRPWS_37 WHITE_MSRPWS_45 WHITE_MSRPWS_7 WHITE_MSRPWS_8 WHITE_NY_3
2021_014,13,79,2021-10-18T10:54:59Z,2024-05-26T17:29:28Z,45.988328249999995,-59.1584,BLUEFIN_DFOBFT_2 COD_SBICOD_1 SALM_ESRF_24 SALM_QSLR_4 SALM_V2LCBHNP_1 SALM_V2LCBHNP_2 WHITE_HMSWEA_1 WHITE_MSRPWS_17 WHITE_MSRPWS_18 WHITE_MSRPWS_27 WHITE_MSRPWS_36 WHITE_MSRPWS_37 WHITE_MSRPWS_45
2021_015,0,0,NA,NA,45.9881635,-59.14519,NA
2021_016,8,57,2021-10-31T22:28:53Z,2024-05-26T16:57:48Z,45.9882285,-59.131785,BLUEFIN_DFOBFT_2 BLUEFIN_DFOBFT_7 SALM_ESRF_44 SALM_V2LCBHNP_1 WHITE_HMSWEA_1 WHITE_MSRPWS_18 WHITE_MSRPWS_27 WHITE_NY_1
2021_017,17,121,2022-08-05T22:20:38Z,2024-06-19T19:01:58Z,45.988203500000004,-59.11837,BLUEFIN_DFOBFT_2 BLUEFIN_DFOBFT_7 GSEAL_GSFP_2 GSEAL_RISME_1 LHBACK_JBLB_1 SALM_ESRF_44 SALM_V2LCBHNP_1 SALM_V2LCBHNP_3 WHITE_CCOCE_17 WHITE_HMSWEA_1 WHITE_MSRPWS_18 WHITE_MSRPWS_27 WHITE_MSRPWS_34 WHITE_MSRPWS_36 WHITE_MSRPWS_41 WHITE_MSRPWS_43 WHITE_NY_3
2021_018,18,115,2022-07-24T11:11:08Z,2024-06-19T19:11:27Z,45.988172,-59.10535,BLUEFIN_DFOBFT_2 BLUEFIN_DFOBFT_7 BLUEFIN_TAG_50 GSEAL_RISME_1 SALM_ESRF_38 SALM_QSLR_3 SALM_V2LCBHNP_1 SALM_V2LCBHNP_5 WHITE_CCOCE_17 WHITE_HMSWEA_1 WHITE_MSRPWS_18 WHITE_MSRPWS_27 WHITE_MSRPWS_29 WHITE_MSRPWS_3 WHITE_MSRPWS_36 WHITE_MSRPWS_4 WHITE_MSRPWS_43 WHITE_NY_3
2021_019,13,97,2021-11-16T14:47:33Z,2024-07-29T23:31:20Z,45.988239,-59.091744999999996,BLUEFIN_TAG_50 SALM_ESRF_26 SALM_ESRF_38 SALM_ESRF_44 SALM_V2LCBHNP_1 WHITE_CCOCE_17 WHITE_MSRPWS_12 WHITE_MSRPWS_18 WHITE_MSRPWS_27 WHITE_MSRPWS_29 WHITE_MSRPWS_36 WHITE_MSRPWS_43 WHITE_MSRPWS_8
2021_020,15,103,2021-09-05T04:49:23Z,2024-08-05T05:04:09Z,45.988245250000006,-59.0787275,BLUEFIN_DFOBFT_11 BLUEFIN_DFOBFT_6 BLUEFIN_TAG_15 BLUEFIN_TAG_34 BLUEFIN_TAG_50 GSEAL_GSFP_2 MAC_V2LNASTI_1 SALM_ESRF_25 SALM_ESRF_26 SALM_ESRF_38 SALM_V2LCBHNP_1 WHITE_HMSWEA_1 WHITE_MSRPWS_26 WHITE_MSRPWS_27 WHITE_MSRPWS_36
2021_021,14,81,2021-11-13T21:18:21Z,2024-06-19T19:46:38Z,45.988241499999994,-59.0643825,BLUEFIN_DFOBFT_11 BLUEFIN_DFOBFT_6 BLUEFIN_TAG_34 BLUEFIN_TAG_43 BLUEFIN_TAG_50 GSEAL_GSFP_2 SALM_ESRF_22 SALM_ESRF_25 SALM_ESRF_38 SALM_V2LCBHNP_1 WHITE_CCOCE_17 WHITE_MSRPWS_11 WHITE_MSRPWS_36 WHITE_MSRPWS_6
2021_022,10,86,2022-06-04T18:12:35Z,2024-07-15T01:59:31Z,45.98837125,-59.0522275,BLUEFIN_DFOBFT_1 BLUEFIN_DFOBFT_6 BLUEFIN_TAG_50 GSEAL_GSFP_2 SALM_ESRF_22 SALM_ESRF_25 SALM_V2LCBHNP_1 WHITE_CCOCE_17 WHITE_MSRPWS_36 WHITE_MSRPWS_5
2021_023,10,71,2022-06-13T04:24:25Z,2024-07-15T02:14:56Z,45.988213249999994,-59.03832750000001,BLUEFIN_DFOBFT_1 BLUEFIN_TAG_64 GSEAL_GSFP_2 SALM_ESRF_25 WHITE_CCOCE_10 WHITE_CCOCE_17 WHITE_CCOCE_18 WHITE_MSRPWS_32 WHITE_MSRPWS_36 WHITE_MSRPWS_5
2021_024,9,56,2022-06-13T03:34:30Z,2024-07-15T02:25:19Z,45.993476750000006,-59.027785,BLUEFIN_TAG_63 GSEAL_GSFP_1 LHBACK_JBLB_1 SALM_ESRF_25 WHITE_CCOCE_10 WHITE_MSRPWS_25 WHITE_MSRPWS_36 WHITE_MSRPWS_41 WHITE_MSRPWS_5
2021_025,11,50,2022-06-12T23:12:48Z,2024-07-15T02:33:40Z,45.99827675,-59.0167775,BLUEFIN_TAG_63 LHBACK_JBLB_1 SALM_ESRF_25 SALM_ESRF_33 SALM_V2LCBHNP_4 WHITE_CCOCE_10 WHITE_MSRPWS_25 WHITE_MSRPWS_36 WHITE_MSRPWS_4 WHITE_MSRPWS_41 WHITE_MSRPWS_5
2021_026,13,96,2021-11-02T17:05:00Z,2024-07-22T00:10:43Z,46.003224749999994,-59.006045,BLUEFIN_DFOBFT_7 BLUEFIN_TAG_49 LHBACK_JBLB_1 SALM_ESRF_25 SALM_ESRF_33 WHITE_CCOCE_10 WHITE_CCOCE_17 WHITE_MSRPWS_1 WHITE_MSRPWS_22 WHITE_MSRPWS_25 WHITE_MSRPWS_4 WHITE_MSRPWS_41 WHITE_NY_9
2021_027,11,82,2021-11-03T00:55:10Z,2024-07-21T23:15:10Z,46.008264499999996,-58.994985,BLUEFIN_DFOBFT_5 BLUEFIN_DFOBFT_7 BLUEFIN_TAG_39 BLUEFIN_TAG_49 SALM_ESRF_22 SALM_ESRF_33 SALM_V2LCBHNP_2 WHITE_CCOCE_10 WHITE_MSRPWS_24 WHITE_MSRPWS_4 WHITE_VMLPPWS_1
2021_028,7,47,2022-06-04T10:56:36Z,2023-06-13T10:55:36Z,46.01335775,-58.983897500000005,BLUEFIN_DFOBFT_5 BLUEFIN_TAG_35 HAL_MEHAL_2 SALM_ESRF_22 SALM_ESRF_33 WHITE_CCOCE_15 WHITE_MSRPWS_23
2021_029,12,55,2021-08-14T14:23:32Z,2024-07-15T04:18:52Z,46.018034750000005,-58.972955,BLUEFIN_TAG_21 BLUEFIN_TAG_36 BLUESH_NSBS_9 SALM_V2LNSSA_5 WHITE_CCOCE_17 WHITE_CCOCE_5 WHITE_HMSWEA_1 WHITE_MSRPWS_13 WHITE_MSRPWS_2 WHITE_MSRPWS_23 WHITE_MSRPWS_38 WHITE_MSRPWS_5
2021_030,9,34,2021-08-14T14:22:07Z,2024-07-15T04:41:12Z,46.02305325,-58.961405,BLUEFIN_TAG_21 BLUEFIN_TAG_36 BLUESH_NSBS_9 HAL_MEHAL_3 SALM_V2LNSSA_5 WHITE_HMSWEA_1 WHITE_MSRPWS_2 WHITE_MSRPWS_38 WHITE_MSRPWS_5
2021_031,4,24,2021-08-14T14:34:08Z,2022-11-07T16:05:39Z,46.027936333333336,-58.95058666666666,BLUEFIN_TAG_21 SALM_QSLR_2 WHITE_CCOCE_5 WHITE_MSRPWS_30
2021_032,7,37,2022-07-21T12:15:35Z,2024-06-19T23:34:06Z,46.0330435,-58.93978,BLUEFIN_TAG_53 BLUEFIN_TAG_55 HAL_MEHAL_3 SALM_ESRF_37 WHITE_CCOCE_17 WHITE_HMSWEA_1 WHITE_MSRPWS_30
2021_033,4,45,2021-11-16T03:37:06Z,2023-06-13T01:42:53Z,46.037720666666665,-58.928673333333336,BLUEFIN_TAG_55 EEL_BDLSPG_1 SALM_ESRF_36 WHITE_MSRPWS_30
2021_034,10,49,2021-11-16T04:08:26Z,2024-03-10T16:23:43Z,46.04271625,-58.917625,BLUEFIN_DFOBFT_4 BLUEFIN_TAG_55 BLUEFIN_TAG_57 EEL_BDLSPG_1 HAL_MEHAL_3 SALM_ESRF_24 SALM_ESRF_36 WHITE_MSRPWS_29 WHITE_MSRPWS_30 WHITE_MSRPWS_41
2021_035,11,44,2022-06-17T06:26:22Z,2024-03-10T15:48:34Z,46.047687249999996,-58.906115,BLUEFIN_DFOBFT_12 BLUEFIN_DFOBFT_4 BLUEFIN_TAG_57 BLUESH_NSBS_8 HAL_MEHAL_3 SALM_ESRF_24 SALM_ESRF_42 WHITE_MSRPWS_29 WHITE_MSRPWS_41 WHITE_MSRPWS_43 WHITE_NY_12
2021_036,13,88,2021-09-22T23:31:42Z,2024-07-29T02:27:07Z,46.0529695,-58.894982500000005,BLUEFIN_DFOBFT_4 BLUEFIN_TAG_35 BLUEFIN_TAG_40 BLUESH_NSBS_13 BLUESH_NSBS_8 HAL_MEHAL_2 HAL_MEHAL_3 MAC_V2LNASTI_1 SALM_ESRF_36 SALM_ESRF_42 WHITE_MSRPWS_25 WHITE_MSRPWS_29 WHITE_MSRPWS_43
2021_037,13,64,2021-09-22T23:39:11Z,2024-06-30T23:36:38Z,46.057818499999996,-58.88423,BLUEFIN_TAG_22 BLUEFIN_TAG_35 BLUEFIN_TAG_40 BLUESH_NSBS_10 BLUESH_NSBS_13 HAL_MEHAL_1 SALM_ESRF_36 SALM_ESRF_42 SALM_ESRF_44 WHITE_CCOCE_14 WHITE_CCOCE_15 WHITE_MSRPWS_25 WHITE_MSRPWS_43
2021_038,9,75,2021-11-04T08:10:34Z,2023-07-12T11:33:31Z,46.062753,-58.872937500000006,BLUEFIN_TAG_35 BLUESH_NSBS_10 HAL_MEHAL_1 SALM_ESRF_36 SALM_ESRF_40 SALM_ESRF_42 SALM_V2LNSSA_5 WHITE_CCOCE_14 WHITE_MSRPWS_43
2021_039,10,104,2021-09-26T10:13:45Z,2023-09-28T14:50:07Z,46.0676105,-58.8620725,BLUEFIN_DFOBFT_3 BLUEFIN_TAG_61 BLUESH_NSBS_10 HAL_MEHAL_1 SALM_ESRF_31 SALM_ESRF_36 SALM_ESRF_40 SALM_ESRF_42 WHITE_MSRPWS_43 WHITE_NY_14
2021_040,11,64,2022-04-21T21:23:39Z,2024-02-22T04:08:14Z,46.072458499999996,-58.8507675,BLUEFIN_TAG_60 GSEAL_GSFP_4 HAL_MEHAL_1 SALM_ESRF_21 SALM_ESRF_31 SALM_ESRF_40 SALM_ESRF_42 SALM_V2LCBHNP_6 WHITE_HMSWEA_2 WHITE_MSRPWS_32 WHITE_MSRPWS_43
2021_041,11,90,2021-10-03T00:26:33Z,2024-07-30T03:38:28Z,46.07704025,-58.840605,BLUEFIN_DFOBFT_3 BLUEFIN_TAG_41 HAL_HALIBT_1 MAC_V2LNASTI_1 SALM_ESRF_21 SALM_ESRF_40 SALM_ESRF_42 WHITE_MSRPWS_3 WHITE_MSRPWS_30 WHITE_MSRPWS_32 WHITE_MSRPWS_43
2021_042,2,15,2021-10-03T00:27:51Z,2022-07-21T19:13:14Z,46.08218,-58.828939999999996,BLUEFIN_TAG_41 WHITE_MSRPWS_30
2021_043,12,61,2021-11-03T10:32:59Z,2024-07-15T08:37:48Z,46.08713775,-58.817715,BLUEFIN_TAG_46 BLUEFIN_TAG_55 HAL_HALIBT_1 SALM_ESRF_31 SALM_ESRF_38 SALM_ESRF_40 SALM_ESRF_46 WHITE_MSRPWS_20 WHITE_MSRPWS_30 WHITE_MSRPWS_36 WHITE_MSRPWS_43 WHITE_MSRPWS_5
2021_044,10,37,2021-11-03T10:31:21Z,2024-07-23T18:09:10Z,46.09169275,-58.807182499999996,BLUEFIN_TAG_46 BLUESH_NSBS_11 SALM_ESRF_38 SALM_ESRF_40 WHITE_CCOCE_15 WHITE_MSRPWS_17 WHITE_MSRPWS_20 WHITE_MSRPWS_36 WHITE_MSRPWS_43 WHITE_MSRPWS_5
2021_045,8,82,2022-06-16T19:25:13Z,2024-07-23T18:10:53Z,46.09689399999999,-58.7963475,BLUEFIN_TAG_46 BLUEFIN_TAG_50 BLUESH_NSBS_11 SALM_ESRF_23 SALM_ESRF_40 SALM_V2LCBHNP_5 WHITE_CCOCE_15 WHITE_MSRPWS_5
2021_046,11,472,2022-06-16T19:14:37Z,2025-04-01T11:24:50Z,46.10158,-58.785360000000004,BLUEFIN_TAG_46 BLUEFIN_TAG_50 BLUESH_NSBS_11 HAL_HALIBT_2 SALM_ESRF_23 SALM_ESRF_40 SALM_QSLR_1 SALM_V2LCBHNP_6 WHITE_CCOCE_16 WHITE_MSRPWS_12 WHITE_MSRPWS_5
N1,22,466,2015-06-10T02:14:56Z,2021-07-18T03:04:46Z,46.16926221666666,-59.2474986,BLUEFIN_TAG_1 BLUEFIN_TAG_14 BLUEFIN_TAG_3 BLUEFIN_TAG_30 BLUEFIN_TAG_32 BLUEFIN_TAG_4 BLUEFIN_TAG_7 COD_SGS_12 COD_SGS_19 COD_SGS_20 COD_SGS_21 COD_SGS_25 COD_SGS_34 COD_SGS_35 COD_SGS_37 COD_SGS_38 COD_SGS_7 COD_SGS_9 SALM_BDK_1 SALM_BDK_2 WHITE_CCOCE_4 WHITE_MSRPWS_33
N10,15,231,2015-06-10T06:54:58Z,2020-11-18T16:29:45Z,46.204110283333335,-59.14142556666667,BLUEFIN_BFTTAG_4 BLUEFIN_TAG_2 BLUEFIN_TAG_7 BLUESH_NSBS_3 COD_SGS_14 COD_SGS_21 COD_SGS_22 COD_SGS_23 COD_SGS_33 COD_SGS_41 COD_SGS_9 COD_SPI_1 EEL_BDLSPG_3 SALM_BDK_1 SALM_PBU_9
N11,9,73,2015-06-10T07:42:27Z,2020-07-07T07:37:17Z,46.2080075,-59.129918616666664,BLUEFIN_TAG_2 BLUESH_NSBS_2 COD_SGS_14 COD_SGS_22 COD_SGS_5 PORB_JPBS_1 SALM_BDK_1 SALM_PBU_9 WHITE_CCOCE_8
N12,11,148,2015-08-21T07:45:42Z,2021-08-01T04:57:20Z,46.211813049999996,-59.117785833333336,BLUEFIN_TAG_19 BLUEFIN_TAG_2 BLUESH_NSBS_1 BLUESH_NSBS_2 COD_SGS_11 COD_SGS_21 COD_SGS_9 SALM_PBU_10 WHITE_CCOCE_8 WHITE_MSRPWS_12 WHITE_NY_14
N13,27,966,2015-08-21T07:54:49Z,2021-07-29T16:28:18Z,46.19645055,-59.1651211,BLUEFIN_BFTTAG_9 BLUEFIN_TAG_19 BLUEFIN_TAG_2 BLUEFIN_TAG_23 BLUEFIN_TAG_30 BLUESH_MFSAR_6 BLUESH_NSBS_2 COD_SGS_11 COD_SGS_20 COD_SGS_21 COD_SGS_29 COD_SGS_30 COD_SGS_36 COD_SGS_45 COD_SGS_7 COD_SGS_9 SALM_ASF_1 SALM_PBU_1 SALM_PBU_10 SALM_QRPT_1 SALM_QRPT_3 STURG_QSLR_1 WHITE_CCOCE_8 WHITE_CCOCE_9 WHITE_MSRPWS_14 WHITE_NY_14 WHITE_V2LWSAMP_1
N14,12,459,2016-07-06T14:08:54Z,2021-07-18T03:34:48Z,46.19484532,-59.16991566,BLUEFIN_BFTTAG_12 BLUEFIN_BFTTAG_3 BLUEFIN_TAG_20 BLUEFIN_TAG_30 COD_SGS_20 COD_SGS_21 COD_SGS_37 COD_SGS_38 COD_SGS_7 COD_SGS_9 CRAB_ZSC_2 SALM_PBU_1
N15,15,306,2016-07-06T14:43:51Z,2021-07-18T03:23:35Z,46.19889332,-59.15810233999999,BLUEFIN_BFTTAG_3 BLUEFIN_BFTTAG_6 BLUEFIN_TAG_11 BLUEFIN_TAG_14 BLUEFIN_TAG_30 BLUEFIN_TAG_6 COD_SGS_19 COD_SGS_21 COD_SGS_25 COD_SGS_35 COD_SGS_37 COD_SGS_38 COD_SGS_7 COD_SGS_9 WHITE_CCOCE_4
N16,0,0,NA,NA,46.22110334,-59.089456999999996,NA
N17,6,50,2016-08-06T00:01:29Z,2021-06-15T09:21:09Z,46.224909339999996,-59.07804232000001,BLUESH_MFSAR_6 BLUESH_NSBS_4 COD_SGS_11 COD_SGS_20 COD_SGS_21 SALM_QRPT_1
N18,8,187,2016-07-27T03:11:25Z,2020-06-19T18:24:17Z,46.22850666000001,-59.06643934,BLUESH_NSBS_3 COD_SGS_1 COD_SGS_11 COD_SGS_20 COD_SGS_21 COD_SGS_44 SALM_ASF_2 SALM_TNGS_1
N19,11,127,2016-07-27T03:49:04Z,2021-06-03T19:54:39Z,46.23224232,-59.0544,BLUEFIN_TAG_12 BLUESH_NSBS_2 BLUESH_NSBS_3 COD_SGS_1 COD_SGS_20 COD_SGS_21 COD_SGS_25 SALM_ASF_2 SALM_ESRF_16 SALM_MARSS_103 WHITE_CCOCE_6
N2,14,217,2015-06-10T02:20:22Z,2019-10-20T12:04:00Z,46.173421399999995,-59.235421949999996,BLUEFIN_BFTTAG_13 BLUEFIN_TAG_4 BLUEFIN_TAG_7 BLUESH_MFSAR_1 BLUESH_MFSAR_2 BLUESH_NSBS_2 COD_SGS_25 COD_SGS_32 COD_SGS_37 COD_SGS_41 COD_SGS_7 COD_SGS_9 SALM_BDK_1 SALM_BDK_2
N20,11,128,2016-08-11T05:19:39Z,2021-07-24T15:13:36Z,46.236034000000004,-59.042725999999995,BLUEFIN_TAG_24 BLUEFIN_TAG_28 BLUESH_MFSAR_2 BLUESH_NSBS_3 COD_SGS_21 COD_SPI_2 PORB_JPBS_2 SALM_ASF_2 SALM_ESRF_9 SALM_PBU_11 WHITE_CCOCE_6
N21,12,200,2016-10-02T01:23:22Z,2021-07-24T15:21:50Z,46.240004320000004,-59.031040340000004,BLUEFIN_TAG_25 BLUEFIN_TAG_26 BLUEFIN_TAG_28 BLUESH_MFSAR_2 COD_SGS_21 COD_SGS_3 COD_SGS_45 COD_SGS_8 EEL_BQEEL_1 PORB_JPBS_4 SALM_MARSS_101 WHITE_MSRPWS_2
N22,4,28,2017-06-07T07:25:24Z,2019-09-23T12:47:55Z,46.243314575,-59.020762075,BLUEFIN_TAG_26 EEL_BQEEL_1 SALM_MARSS_101 SALM_PBU_12
N23,9,260,2017-06-10T20:00:36Z,2021-07-18T04:04:21Z,46.225378025,-59.0769755,BLUEFIN_TAG_13 BLUEFIN_TAG_17 BLUEFIN_TAG_30 COD_SGS_21 COD_SGS_7 STURG_QSLR_1 WHITE_MSRPWS_14 WHITE_MSRPWS_7 WHITE_V2LWSAMP_1
N3,11,279,2015-06-10T03:00:53Z,2020-11-20T12:51:17Z,46.17698526666667,-59.22389333333333,BLUEFIN_TAG_10 BLUEFIN_TAG_7 BLUESH_MFSAR_1 BLUESH_MFSAR_2 BLUESH_NSBS_2 COD_SGS_14 COD_SGS_20 COD_SGS_21 COD_SGS_9 SALM_BDK_1 WHITE_CCOCE_2
N4,12,106,2015-06-10T03:51:09Z,2021-06-15T20:29:10Z,46.18115528333333,-59.21204583333333,BLUEFIN_TAG_11 BLUEFIN_TAG_2 BLUEFIN_TAG_7 BLUESH_MFSAR_2 COD_SGS_11 COD_SGS_21 COD_SGS_9 SALM_BDK_1 SALM_ESRF_17 WHITE_CCOCE_2 WHITE_MSRPWS_31 WHITE_MSRPWS_37
N5,12,154,2015-06-10T04:20:02Z,2020-11-20T12:31:22Z,46.18486026666667,-59.200044166666665,BLUEFIN_TAG_2 BLUEFIN_TAG_7 BLUEFIN_TAG_9 BLUESH_MFSAR_2 COD_SGS_20 COD_SGS_21 COD_SGS_24 COD_SGS_38 COD_SGS_9 SALM_BDK_1 WHITE_CCOCE_2 WHITE_MSRPWS_31
N6,12,268,2015-06-10T04:50:56Z,2020-11-20T12:21:55Z,46.18886666666666,-59.18844333333334,BLUEFIN_TAG_2 BLUEFIN_TAG_7 BLUEFIN_TAG_9 BLUESH_MFSAR_2 BLUESH_MFSAR_6 COD_SGS_20 COD_SGS_21 COD_SGS_38 EEL_BQEEL_2 SALM_BDK_1 WHITE_CCOCE_2 WHITE_MSRPWS_33
N7,13,459,2015-06-10T05:24:42Z,2021-06-12T13:32:03Z,46.192055833333335,-59.17690804999999,BLUEFIN_BFTTAG_1 BLUESH_MFSAR_2 BLUESH_MFSAR_6 BLUESH_NSBS_2 COD_SGS_20 COD_SGS_21 COD_SGS_40 COD_SGS_9 COD_SPI_1 SALM_BDK_1 SALM_ESRF_3 SALM_TNGS_1 WHITE_CCOCE_2
N8,12,414,2015-06-10T05:56:02Z,2020-11-20T12:46:37Z,46.196447500000005,-59.16474305,BLUEFIN_TAG_2 BLUESH_MFSAR_2 BLUESH_NSBS_3 COD_SGS_20 COD_SGS_21 COD_SGS_33 COD_SGS_41 COD_SGS_9 COD_SPI_1 CRAB_ZSC_2 SALM_BDK_1 WHITE_CCOCE_2
N9,15,222,2015-06-10T06:21:30Z,2019-11-25T07:47:06Z,46.20025221666666,-59.153347499999995,BLUEFIN_BFTTAG_10 BLUEFIN_BFTTAG_9 BLUEFIN_TAG_2 BLUESH_MFSAR_2 BLUESH_NSBS_1 BLUESH_NSBS_3 COD_SGS_12 COD_SGS_14 COD_SGS_21 COD_SGS_23 COD_SGS_33 COD_SGS_9 COD_SPI_1 EEL_BDLSPG_3 SALM_BDK_1
S1,17,212,2015-08-19T11:01:49Z,2021-06-22T05:53:02Z,46.0215861,-59.066055000000006,BLUEFIN_TAG_1 BLUEFIN_TAG_6 BLUESH_MFSAR_5 BLUESH_NSBS_1 BLUESH_NSBS_2 COD_SGS_10 COD_SGS_16 LHBACK_LBTPCR_1 PORB_JPBS_4 SALM_BDK_2 SALM_ESRF_15 SALM_PBU_15 SALM_PBU_16 SALM_PBU_17 SALM_QRPT_2 WHITE_CCOCE_8 WHITE_MSRPWS_2
S10,15,187,2015-06-19T12:00:45Z,2021-06-13T13:15:21Z,46.021725833333335,-58.94960805,BLUEFIN_BFTTAG_1 BLUEFIN_TAG_2 BLUESH_NSBS_1 BLUESH_NSBS_3 BLUESH_NSBS_6 COD_SGS_1 COD_SGS_17 EEL_BDLSPG_3 PORB_JPBS_1 SALM_PBN_5 SALM_PBU_20 SALM_PBU_21 SALM_TNGS_2 SALM_V2LNSSA_3 WHITE_MSRPWS_13
S11,13,103,2015-06-19T12:11:24Z,2019-09-23T16:14:37Z,46.02200138333333,-58.93641916666667,BLUEFIN_BFTTAG_1 BLUEFIN_TAG_1 BLUEFIN_TAG_14 BLUEFIN_TAG_2 BLUEFIN_TAG_26 BLUESH_NSBS_6 COD_SGS_1 COD_SGS_17 COD_SGS_4 COD_SGS_45 SALM_PBN_5 SALM_PBU_18 WHITE_MSRPWS_13
S12,15,265,2015-06-19T09:32:49Z,2019-06-19T01:47:42Z,46.02189778333334,-58.92363360000001,BLUEFIN_TAG_14 BLUEFIN_TAG_4 BLUESH_NSBS_3 BLUESH_NSBS_6 COD_SGS_1 COD_SGS_17 COD_SGS_25 COD_SGS_36 COD_SGS_45 COD_SGS_9 PORB_JPBS_2 SALM_MARSS_102 SALM_PBN_6 SALM_V2LNSSA_7 WHITE_MSRPWS_16
S13,13,147,2015-06-19T10:01:44Z,2021-06-14T16:27:35Z,46.0217989,-58.91056583333333,BLUEFIN_BFTTAG_13 BLUEFIN_TAG_11 BLUEFIN_TAG_4 BLUESH_MFSAR_6 BLUESH_NSBS_3 COD_SGS_17 COD_SGS_9 SALM_ESRF_4 SALM_MARSS_104 SALM_PBN_6 SALM_PBU_22 WHITE_MSRPWS_13 WHITE_MSRPWS_16
S14,16,1284,2016-06-13T09:44:02Z,2021-06-18T12:54:32Z,46.02174334000001,-58.99740666,BLUEFIN_TAG_32 COD_SGS_13 COD_SGS_15 COD_SGS_17 COD_SGS_24 COD_SGS_27 COD_SGS_39 COD_SGS_4 COD_SGS_40 COD_SGS_43 COD_SGS_44 COD_SGS_7 SALM_ESRF_11 SALM_ESRF_13 SALM_PBU_13 SALM_QRPT_2
S15,19,2599,2016-06-17T00:13:00Z,2021-06-18T13:19:47Z,46.02158266,-58.984279660000006,BLUEFIN_BFTTAG_5 COD_SGS_11 COD_SGS_13 COD_SGS_17 COD_SGS_18 COD_SGS_27 COD_SGS_32 COD_SGS_4 COD_SGS_43 COD_SGS_6 COD_SGS_7 CRAB_ZSC_1 SALM_ESRF_1 SALM_ESRF_11 SALM_ESRF_13 SALM_PBU_11 SALM_PBU_14 SALM_QRPT_2 WHITE_MSRPWS_25
S16,15,1501,2016-06-18T21:02:27Z,2021-06-18T13:37:11Z,46.02180366,-58.97149468,BLUEFIN_BFTTAG_2 BLUESH_MFSAR_5 BLUESH_NSBS_1 COD_SGS_17 COD_SGS_22 COD_SGS_32 COD_SGS_34 COD_SGS_4 COD_SGS_43 COD_SGS_6 COD_SGS_7 SALM_ESRF_13 SALM_ESRF_15 SALM_QRPT_2 WHITE_MSRPWS_7
S17,17,1140,2016-06-16T08:33:12Z,2021-07-17T22:53:15Z,46.02179266,-58.958835320000006,BLUEFIN_BFTTAG_7 BLUEFIN_TAG_30 BLUESH_MFSAR_5 COD_SGS_1 COD_SGS_17 COD_SGS_22 COD_SGS_27 COD_SGS_32 COD_SGS_4 COD_SGS_43 COD_SGS_44 COD_SGS_9 PORB_JPBS_4 SALM_ESRF_15 SALM_NARR_1 SALM_QRPT_2 WHITE_MSRPWS_7
S18,19,499,2016-06-17T07:25:14Z,2021-07-17T23:00:58Z,46.02161734,-58.945761000000005,BLUEFIN_TAG_30 BLUESH_MFSAR_5 COD_SGS_1 COD_SGS_17 COD_SGS_2 COD_SGS_22 COD_SGS_27 COD_SGS_4 COD_SGS_43 COD_SGS_44 COD_SGS_45 COD_SGS_7 LHBACK_LBTPCR_1 PORB_JPBS_4 SALM_ASF_2 SALM_ESRF_13 SALM_ESRF_15 WHITE_CCOCE_8 WHITE_MSRPWS_7
S19,12,236,2016-06-22T00:05:59Z,2020-09-09T20:04:09Z,46.02161034,-58.864885660000006,BLUEFIN_BFTTAG_10 BLUEFIN_TAG_11 BLUESH_MFSAR_6 COD_SGS_1 COD_SGS_10 COD_SGS_17 COD_SGS_31 COD_SGS_43 COD_SGS_9 EEL_BQEEL_1 SALM_PBU_22 WHITE_CCOCE_1
S2,14,160,2015-06-18T22:27:04Z,2021-06-13T07:19:22Z,46.021585566666666,-59.0529589,BLUEFIN_TAG_11 BLUEFIN_TAG_6 BLUESH_NSBS_3 BLUESH_NSBS_5 COD_SGS_4 COD_SGS_43 COD_SGS_44 COD_SGS_45 PORB_JPBS_4 SALM_ESRF_15 SALM_MARSS_105 SALM_PBN_3 WHITE_MSRPWS_10 WHITE_MSRPWS_37
S20,11,678,2016-07-02T20:29:53Z,2021-06-14T20:03:19Z,46.02163934,-58.852141,BLUESH_NSBS_7 COD_SGS_1 COD_SGS_31 COD_SGS_43 COD_SGS_44 COD_SGS_9 EEL_BQEEL_1 SALM_ESRF_6 SALM_PBU_20 SALM_PBU_23 WHITE_CCOCE_1
S21,8,433,2016-07-02T19:47:30Z,2021-06-12T21:13:45Z,46.02186534,-58.83959132,BLUEFIN_TAG_8 BLUESH_NSBS_1 BLUESH_NSBS_7 COD_SGS_1 COD_SGS_31 COD_SGS_44 SALM_PBU_3 SALM_V2LNSSA_2
S22,9,393,2016-07-02T19:08:42Z,2019-10-08T07:46:53Z,46.02181,-58.826471000000005,BLUEFIN_TAG_20 BLUEFIN_TAG_27 BLUESH_NSBS_1 BLUESH_NSBS_7 COD_SGS_1 COD_SGS_28 COD_SGS_31 SALM_PBU_24 SALM_PBU_25
S23,9,555,2016-08-17T01:43:54Z,2019-10-08T07:38:01Z,46.02182085,-58.813080825,BLUEFIN_TAG_20 BLUEFIN_TAG_27 BLUESH_NSBS_1 COD_SGS_11 COD_SGS_28 COD_SGS_31 COD_SGS_9 SALM_NARR_2 SALM_PBU_24
S3,20,512,2015-06-18T22:47:11Z,2021-06-13T08:07:27Z,46.02162806666667,-59.04023833333333,BLUEFIN_BFTTAG_13 BLUEFIN_TAG_11 BLUEFIN_TAG_2 BLUEFIN_TAG_35 BLUESH_MFSAR_5 BLUESH_NSBS_3 COD_SGS_26 COD_SGS_4 COD_SGS_42 COD_SGS_43 COD_SGS_44 COD_SGS_45 PORB_JPBS_4 SALM_ESRF_10 SALM_ESRF_15 SALM_ESRF_19 SALM_PBN_3 SALM_PBU_18 WHITE_MSRPWS_10 WHITE_MSRPWS_37
S4,14,88,2015-06-18T22:58:37Z,2021-07-31T22:20:31Z,46.021625,-59.0272625,BLUEFIN_TAG_18 BLUEFIN_TAG_35 BLUESH_MFSAR_5 COD_SGS_11 COD_SGS_17 COD_SGS_45 PORB_JPBS_4 SALM_ESRF_13 SALM_ESRF_15 SALM_ESRF_8 SALM_PBN_3 SALM_PBU_18 WHITE_MSRPWS_10 WHITE_MSRPWS_26
S5,12,176,2015-06-18T23:18:02Z,2021-07-31T22:31:09Z,46.02136805,-59.01435193333333,BLUEFIN_BFTTAG_14 BLUEFIN_TAG_18 COD_SGS_16 EEL_BDLSPG_2 SALM_ESRF_15 SALM_ESRF_2 SALM_ESRF_7 SALM_PBN_3 SALM_PBU_18 SALM_PBU_19 SALM_PBU_2 WHITE_MSRPWS_26
S6,11,82,2015-06-18T23:34:54Z,2021-06-15T04:13:06Z,46.02172861666667,-59.001360266666666,BLUEFIN_TAG_4 BLUESH_MFSAR_5 COD_SGS_1 COD_SGS_10 COD_SGS_16 EEL_BDLSPG_2 LHBACK_LBTPCR_1 SALM_ESRF_15 SALM_ESRF_2 SALM_ESRF_7 SALM_PBN_3
S7,13,80,2015-06-16T15:56:26Z,2021-06-15T04:27:53Z,46.02165361666667,-58.98829056666667,BLUEFIN_TAG_10 BLUEFIN_TAG_29 BLUEFIN_TAG_4 BLUESH_NSBS_6 COD_SGS_1 LHBACK_LBTPCR_1 PORB_JPBS_1 PORB_JPBS_3 SALM_ESRF_2 SALM_ESRF_5 SALM_KNE_1 SALM_PBN_2 WHITE_MSRPWS_10
S8,16,132,2015-06-15T20:25:16Z,2021-06-15T04:45:23Z,46.021833066666666,-58.97489304999999,BLUEFIN_TAG_2 BLUESH_NSBS_6 COD_SGS_1 COD_SGS_17 COD_SGS_22 COD_SGS_9 PORB_JPBS_1 PORB_JPBS_3 SALM_ESRF_2 SALM_ESRF_5 SALM_PBN_1 SALM_PBN_2 SALM_PBN_4 WHITE_CCOCE_7 WHITE_MSRPWS_10 WHITE_MSRPWS_13
S9,12,90,2015-06-15T20:34:39Z,2021-06-14T04:26:17Z,46.02189276666667,-58.96235611666666,BLUEFIN_TAG_1 BLUEFIN_TAG_2 BLUESH_NSBS_6 COD_SGS_1 COD_SGS_17 PORB_JPBS_3 SALM_ESRF_18 SALM_PBN_1 SALM_PBU_20 SALM_V2LNSSA_1 WHITE_CCOCE_7 WHITE_MSRPWS_13
