"Species","Array Project code - local area","Fish count","Detections","First detection (Y-M-D H-M-S) UTC","Last detection (Y-M-D H-M-S) UTC","Mean latitude (DD)","Mean longitude (DD)"
"Atlantic cod","OTN.SABMPA - St. Anns Bank",101,27678,2018-04-25 17:46:00,2025-01-01 09:06:18,46.007,-59.1495
"Atlantic cod","OTN.CBS - CABOT STRAIT",46,5723,2018-05-07 02:23:17,2025-05-28 12:49:41,47.1613,-60.1911
"Atlantic cod","OTN.V2LEMERA - Capte Breton",17,2674,2019-05-06 20:59:47,2025-06-07 14:46:57,46.5662,-60.1909
"Atlantic cod","OTN.CBTSC - Cape Breton",3,364,2023-05-07 10:25:46.4625,2023-06-15 19:49:44.9245,46.704,-61.1061
"Atlantic cod","OTN.GDL - SCOTIAN SHELF",9,128,2018-10-30 10:41:53,2024-07-07 03:18:02,46.3761,-59.4862
"Atlantic cod","OTN.QBI - Godbout",9,27,2020-02-15 10:59:56,2021-10-06 16:06:49,49.2993,-67.6931
"Atlantic cod","OTN.ZSC - Cape Breton",1,21,2018-06-07 12:43:47,2018-06-08 14:31:50,47.0315,-60.651
"Atlantic cod","OTN.V2LGSL - Gulf of St. Lawrence",1,18,2024-05-09 03:24:45,2024-05-09 04:11:34,48.0408,-61.1623
"Atlantic cod","OTN.PML - Port Mouton",7,13,2019-07-28 07:36:14,2021-11-04 16:45:08,44.0256,-64.6696
"Atlantic cod","FACT.USCAN - St. Croix",2,7,2018-05-14 20:35:06,2018-09-16 19:39:31,17.7813,-64.6123
"Atlantic cod","OTN.NSWS - South Shore",2,7,2022-12-22 06:47:56.8386,2024-03-25 01:40:27,46.006,-59.6854
"Atlantic cod","OTN.TOUR - Tourelle",5,6,2021-06-24 00:29:02,2022-11-07 12:40:27,49.1747,-66.3869
"Atlantic cod","OTN.BOOGSL - Gulf of St. Lawrence",2,5,2018-11-18 05:10:30,2019-05-26 05:51:52,48.0408,-61.1623
"Atlantic cod","OTN.UNBEEL - Saint John River",4,5,2020-10-16 02:51:29,2022-03-30 07:26:42,45.6895,-66.328
"Atlantic cod","OTN.PBSM - Passamaquoddy Bay",4,4,2022-07-29 10:56:42,2022-09-04 05:38:58,44.9707,-66.9543
"Atlantic cod","OTN.QSLR - St Lawrence River",3,4,2019-06-30 06:52:50,2022-11-04 19:42:57,45.945,-73.175
"Atlantic cod","ACT.TNCCVOW - Atlantic Ocean",3,3,2024-04-30 23:59:18,2024-08-30 18:57:13,36.8929,-75.493
"Atlantic cod","OTN.CARP - Annapolis County",3,3,2024-01-08 14:22:08,2024-03-11 04:41:22,44.8061,-65.3661
"Atlantic cod","OTN.V2LENGLB - St. Lawrence River",2,3,2019-05-20 00:36:55,2020-07-30 05:07:42,46.8278,-71.1935
"Atlantic cod","OTN.V2LPSAP - Georgian Bay",3,3,2024-12-14 09:05:43,2025-02-24 16:24:23,45.3281,-80.1132
"Atlantic cod","FACT.RSAPMA - east central coast",2,2,2024-05-04 22:12:41,2024-05-31 12:46:08,29.0123,-80.4766
"Atlantic cod","OTN.MPD - BAY OF FUNDY",1,2,2019-05-27 21:43:31,2019-09-23 23:13:32,45.2008,-64.0912
"Atlantic cod","OTN.UNBMIR - Miramichi",2,2,2020-09-14 02:20:08,2023-04-07 14:07:55,46.8233,-66.4123
"Atlantic cod","OTN.V2LGAC - Nanortaliq",2,2,2021-09-04 10:35:51.5643,2021-09-05 00:28:58.7401,60.2622,-44.7134
"Atlantic cod","OTN.V2LGAC2 - Qaqortoq",2,2,2023-10-18 20:49:44,2023-10-20 08:09:01,60.7617,-45.5379
"Atlantic cod","ACT.HRARRAY - Hudson River",1,1,2020-09-17 18:50:49,2020-09-17 18:50:49,42.1394,-73.9076
"Atlantic cod","ACT.LIARS - Atlantic Ocean",1,1,2023-07-25 09:53:32,2023-07-25 09:53:32,40.8013,-72.4739
"Atlantic cod","ACT.PAXSTB - Patuxent River",1,1,2024-05-28 06:12:17,2024-05-28 06:12:17,38.3836,-76.5065
"Atlantic cod","FACT.BTTPERTAR - Florida Keys",1,1,2022-01-22 13:32:10,2022-01-22 13:32:10,25.4846,-80.1699
"Atlantic cod","FACT.CMAST - NA",1,1,2021-12-06 20:15:02.6901,2021-12-06 20:15:02.6901,34.559,-76.4365
"Atlantic cod","FACT.ECB - Ft Lauderdale",1,1,2022-05-17 21:23:55,2022-05-17 21:23:55,28.1846,-80.5893
"Atlantic cod","FACT.FLKEYS - NA",1,1,2024-01-14 04:32:15,2024-01-14 04:32:15,24.4307,-81.9318
"Atlantic cod","FACT.FSBBAYA - Biscayne Bay",1,1,2023-12-31 08:30:07,2023-12-31 08:30:07,25.6912,-80.1839
"Atlantic cod","FACT.KSC - NA",1,1,2024-01-08 15:02:06.0165,2024-01-08 15:02:06.0165,28.5873,-80.674
"Atlantic cod","FACT.SCARE - NA",1,1,2024-04-19 19:37:01,2024-04-19 19:37:01,32.2464,-79.844
"Atlantic cod","FACT.SCDNRDFP - Inshore",1,1,2024-06-18 23:09:17,2024-06-18 23:09:17,32.6636,-80.4129
"Atlantic cod","ITAG.GAGTBE - Tampa Bay",1,1,2024-08-03 22:22:11,2024-08-03 22:22:11,27.5986,-82.7573
"Atlantic cod","OTN.AULUFSH - Ulukhaktok",1,1,2018-09-13 07:02:28,2018-09-13 07:02:28,70.5931,-117.2268
"Atlantic cod","OTN.V2LBEIAR - Beiarn",1,1,2020-08-27 02:30:21,2020-08-27 02:30:21,67.0453,14.5968
"Atlantic cod","OTN.V2LCREA - Parc de la Gaspesie",1,1,2023-08-03 03:49:15,2023-08-03 03:49:15,48.9292,-66.4792
"Atlantic cod","OTN.V2LTROD - Trondheim",1,1,2021-08-10 23:29:32,2021-08-10 23:29:32,63.4513,10.9018
"Atlantic cod","PATH.HYDRO - Sacramento-San Joaquin River Delta",1,1,2023-08-13 17:41:38,2023-08-13 17:41:38,38.1735,-121.6487
"Atlantic halibut","OTN.SABMPA - St. Anns Bank",39,95416,2021-12-04 17:17:48,2025-04-26 02:34:27,45.9831,-59.2059
"Atlantic halibut","OTN.V2LEMERA - Capte Breton",1,1992,2025-05-19 23:09:44,2025-07-08 08:10:09,46.5863,-60.185
"Atlantic halibut","OTN.CBS - CABOT STRAIT",7,931,2023-01-04 10:07:05,2025-06-29 07:06:31,47.1612,-60.1879
"Atlantic halibut","OTN.ESIAOI - Nova Scotia",1,25,2023-11-12 00:34:28,2023-11-12 01:07:24,44.7525,-62.0286
"Atlantic halibut","OTN.NSWS - South Shore",1,23,2022-07-15 21:07:39,2022-07-28 13:00:05,46.041,-59.7098
"Atlantic halibut","OTN.GDL - SCOTIAN SHELF",3,21,2023-07-03 06:02:02.767181,2024-07-17 16:12:58,46.1293,-59.2347
"Atlantic halibut","FACT.SCARE - NA",1,9,2024-11-11 14:41:45,2024-11-12 05:34:57,32.6019,-79.797
"Atlantic halibut","OTN.GULMPA - Scotian Shelf",2,9,2024-11-16 05:31:45,2025-03-03 18:37:54,44.1644,-59.1707
"Atlantic halibut","OTN.V2LGSL - Gulf of St. Lawrence",1,7,2024-06-01 03:58:38,2024-06-01 04:12:19,48.0408,-61.1623
"Atlantic halibut","OTN.HFX - HALIFAX",1,5,2024-10-19 22:13:24,2024-10-19 22:20:26,44.4726,-63.5266
"Atlantic halibut","FACT.CMAST - NA",1,4,2024-11-05 05:57:29,2024-11-05 06:04:08,34.6072,-76.3152
"Atlantic halibut","FACT.RSAPMA - east central coast",2,2,2024-05-20 03:22:00,2024-06-10 00:01:30,29.0323,-80.4706
"Atlantic halibut","ACT.DMFAN - Gulf of Maine",1,1,2023-02-01 06:16:55.4697,2023-02-01 06:16:55.4697,41.2874,-73.0708
"Atlantic halibut","FACT.RSTSNCA - Cape Hatteras, Cape Lookout",1,1,2024-11-05 05:58:08,2024-11-05 05:58:08,34.6067,-76.3141
"Atlantic halibut","FACT.SABSTSA - Charleston",1,1,2024-11-13 15:44:55,2024-11-13 15:44:55,31.6069,-80.8002
"Atlantic halibut","OTN.MPS - BAY OF FUNDY",1,1,2023-07-17 22:44:33,2023-07-17 22:44:33,45.3451,-64.4454
"Atlantic halibut","OTN.V2LIISD - Kenora",1,1,2024-07-07 11:10:11,2024-07-07 11:10:11,49.7443,-93.7872
"Atlantic halibut","OTN.VMLPPWS - Kouchibouguac National Park, Île Brion, Sable Island National Park Reserve",1,1,2023-10-28 09:37:40,2023-10-28 09:37:40,47.7709,-62.0278
"Atlantic striped wolffish","OTN.SABMPA - St. Anns Bank",1,127,2016-06-29 21:45:32,2016-09-06 20:51:14,46.0246,-59.0773
"Atlantic striped wolffish","OTN.GDL - SCOTIAN SHELF",2,14,2017-06-21 02:00:37,2019-11-02 20:05:25,46.0222,-59.1607
"Atlantic striped wolffish","OTN.V2LSTADC - Doctors Cove",2,3,2016-09-24 10:10:13,2017-08-16 12:07:09,44.9339,-66.9801
"Atlantic striped wolffish","OTN.QBI - Godbout",1,2,2020-10-15 15:21:43,2020-11-04 15:39:50,49.301,-67.7003
"Atlantic striped wolffish","FACT.SCDNRDFP - Inshore",1,1,2017-11-16 15:57:26,2017-11-16 15:57:26,33.0137,-79.9229
"Atlantic striped wolffish","FACT.USCAN - St. Croix",1,1,2018-04-03 21:58:34,2018-04-03 21:58:34,17.783,-64.6116
"Atlantic tomcod","OTN.SABMPA - St. Anns Bank",1,43,2018-11-09 16:04:16,2018-11-09 22:56:37,46.161,-59.2715
"Atlantic tomcod","OTN.GDL - SCOTIAN SHELF",1,13,2018-10-29 01:43:37,2018-10-29 18:33:49,46.0306,-59.3069
"Atlantic tomcod","OTN.PBSM - Passamaquoddy Bay",1,1,2023-01-11 06:06:05.1795,2023-01-11 06:06:05.1795,44.7208,-66.7254
"shorthorn sculpin","OTN.SABMPA - St. Anns Bank",1,192,2022-12-14 12:48:24,2024-05-23 14:55:57,45.9595,-59.1738
"shorthorn sculpin","FACT.NCGAGA - NA",1,4,2024-08-28 15:37:29,2024-12-17 14:01:03,34.5571,-76.8551
"snow crab","OTN.SABMPA - St. Anns Bank",1,2967,2021-10-01 16:27:10,2022-08-28 20:43:31,45.9878,-59.294
"snow crab","OTN.GDL - SCOTIAN SHELF",7,38,2017-06-21 08:48:27,2020-09-16 20:28:03,45.9743,-59.2766
"snow crab","OTN.V2LSTADC - Doctors Cove",1,14,2017-07-30 11:25:49,2017-09-13 02:30:02,44.9352,-66.9825
"snow crab","OTN.V2LSTANI - Navy Island",1,2,2016-09-27 18:09:10,2016-10-03 08:03:13,45.0305,-67.0073
"snow crab","OTN.MPD - BAY OF FUNDY",1,1,2019-09-28 21:38:38,2019-09-28 21:38:38,45.293,-64.3278
"thorny skate","OTN.SABMPA - St. Anns Bank",1,574,2018-07-26 09:27:10,2018-07-29 04:09:33,46.1821,-59.2083
