"common_name","glatos_array","n","Total_Detections","First_Detection","Last_Detection","Mean_Latitude","Mean_Longitude"
"American eel","BQEEL",2,57,2017-06-07 07:21:52,2017-12-23 16:17:14,46.1868,-59.0165
"American eel","BDLSPG",3,54,2019-11-25 07:43:08,2021-11-16 04:08:26,46.1248,-59.0334
"Atlantic cod","SGS",45,14366,2016-05-12 05:54:29,2019-03-03 03:23:20,46.0719,-59.0579
"Atlantic cod","SPI",2,48,2015-12-18 04:09:47,2016-10-27 21:21:50,46.2081,-59.1294
"Atlantic cod","SBICOD",1,18,2024-01-04 06:26:31,2024-01-04 07:21:20,45.988,-59.1665
"Atlantic halibut","HALIBT",2,417,2023-12-30 18:52:14,2025-04-01 11:24:50,46.1015,-58.7859
"Atlantic halibut","MEHAL",3,89,2022-11-27 12:06:25,2024-03-10 22:32:47,46.039,-58.9599
"Atlantic mackerel","V2LNASTI",1,9,2024-07-29 02:21:46,2024-07-30 03:38:28,46.0201,-58.9913
"Atlantic salmon","ESRF",36,889,2021-06-03 19:48:15,2024-05-10 19:53:59,46.0342,-58.9801
"Atlantic salmon","V2LCBHNP",7,439,2024-01-23 17:53:28,2024-06-12 14:25:51,45.993,-59.1518
"Atlantic salmon","BDK",2,305,2015-06-10 02:14:56,2015-12-26 17:20:22,46.1916,-59.1688
"Atlantic salmon","PBU",20,270,2017-06-16 04:23:37,2023-06-09 19:23:43,46.0445,-58.9821
"Atlantic salmon","PBN",6,141,2015-06-15 20:25:16,2015-06-24 15:37:55,46.0218,-58.9377
"Atlantic salmon","MARSS",5,60,2017-06-27 00:48:45,2019-07-02 05:09:18,46.0507,-58.9408
"Atlantic salmon","ASF",2,43,2017-05-12 18:04:02,2017-05-26 14:16:16,46.1705,-59.0762
"Atlantic salmon","PBSM",3,36,2021-06-15 08:35:58,2021-07-20 23:22:27,46.1114,-59.0796
"Atlantic salmon","UNBMIR",1,34,2023-01-29 00:00:37,2023-01-29 02:28:55,45.9878,-59.2589
"Atlantic salmon","V2LNSSA",6,34,2019-06-19 01:37:15,2022-06-09 07:27:08,46.0142,-59.0004
"Atlantic salmon","QSLR",4,33,2022-10-29 22:52:48,2023-05-07 22:19:29,46.0262,-59.0188
"Atlantic salmon","KNE",1,13,2015-06-27 16:48:24,2015-06-27 17:13:48,46.0218,-58.956
"Atlantic salmon","NARR",2,11,2017-06-18 19:58:14,2017-06-21 00:00:59,46.0217,-58.858
"Atlantic salmon","TNGS",2,6,2020-06-14 16:05:07,2020-06-19 18:24:17,46.1211,-59.0039
"Atlantic sturgeon","QSLR",1,9,2018-11-19 12:14:07,2018-11-19 12:52:35,46.162,-59.2687
"Blue shark","NSBS",12,404,2015-08-17 14:28:16,2024-07-25 05:00:36,46.1169,-58.9946
"Blue shark","MFSAR",4,176,2016-09-22 19:31:44,2019-09-25 16:54:24,46.1733,-59.1189
"Bluefin tuna","TAG",62,855,2015-07-07 23:25:45,2024-07-23 18:05:58,46.0699,-59.1213
"Bluefin tuna","DFOBFT",12,207,2021-11-26 09:18:54,2024-07-14 15:05:14,46.0051,-59.08
"Bluefin tuna","BFTTAG",12,76,2018-10-01 18:22:41,2021-10-31 23:48:05,46.102,-59.1115
"Grey seal","GSFP",4,43,2023-02-20 21:21:57,2024-03-03 11:44:42,45.9946,-59.0772
"Grey seal","RISME",1,10,2024-05-04 02:53:57,2024-05-04 03:08:35,45.9888,-59.1071
"Leatherback turtle","JBLB",1,68,2023-09-05 04:21:48,2023-10-15 11:02:40,45.9956,-59.0968
"Leatherback turtle","LBTPCR",1,39,2019-08-24 22:21:53,2019-08-25 01:09:40,46.0217,-58.9866
"Porbeagle shark","JPBS",4,70,2017-07-15 03:13:09,2018-11-18 03:50:29,46.0369,-58.984
"Shortfin mako","RICSS",1,29,2021-08-27 04:21:33,2021-08-27 07:20:48,45.9877,-59.2877
"Snow crab","ZSC",2,371,2019-04-01 23:02:38,2020-01-19 10:29:57,46.1601,-59.1746
"White shark","MSRPWS",42,896,2016-02-20 00:18:50,2024-07-29 23:36:55,46.0214,-59.0752
"White shark","CCOCE",18,248,2019-07-01 03:18:45,2024-10-18 23:37:25,46.0549,-59.0682
"White shark","HMSWEA",3,54,2022-09-14 22:05:59,2024-08-05 05:04:09,46.0009,-59.1452
"White shark","NYSHARKS",5,39,2020-08-13 08:16:31,2024-07-19 21:31:16,46.0538,-59.0789
"White shark","V2LWSAMP",1,5,2019-09-30 12:01:46,2019-09-30 12:08:43,46.1621,-59.2689
"White shark","VMLPPWS",1,4,2023-04-07 01:05:50,2023-04-07 01:11:36,46.0082,-58.9947
"White shark","SBUSOMAS01",1,3,2023-10-24 06:00:33,2023-10-24 06:04:57,45.9881,-59.266
