common_name,animal_id,num_locs,num_dets,first_det,last_det,locations
American eel,EEL_BQEEL_1,1,44,2017-06-07T07:21:52Z,2017-06-08T04:56:19Z,BQEEL
American eel,EEL_BDLSPG_3,1,31,2019-11-25T07:43:08Z,2019-11-26T03:03:26Z,BDLSPG
American eel,EEL_BDLSPG_1,1,16,2021-11-16T03:37:06Z,2021-11-16T04:08:26Z,BDLSPG
American eel,EEL_BQEEL_2,1,13,2017-12-23T16:04:14Z,2017-12-23T16:17:14Z,BQEEL
American eel,EEL_BDLSPG_2,1,7,2020-10-15T02:04:18Z,2020-10-15T02:13:52Z,BDLSPG
Atlantic cod,COD_SGS_43,1,3671,2016-08-10T09:36:46Z,2016-12-09T14:59:40Z,SGS
Atlantic cod,COD_SGS_4,1,1455,2016-07-12T08:13:32Z,2017-03-05T15:08:09Z,SGS
Atlantic cod,COD_SGS_31,1,1414,2016-11-03T12:28:50Z,2016-11-29T01:26:13Z,SGS
Atlantic cod,COD_SGS_9,1,1379,2016-07-12T11:11:01Z,2018-11-21T00:15:55Z,SGS
Atlantic cod,COD_SGS_20,1,866,2016-06-29T15:19:37Z,2016-08-06T04:51:56Z,SGS
Atlantic cod,COD_SGS_7,1,862,2016-06-26T08:07:43Z,2017-06-13T08:47:47Z,SGS
Atlantic cod,COD_SGS_17,1,835,2016-07-05T20:08:14Z,2017-03-15T20:19:47Z,SGS
Atlantic cod,COD_SGS_44,1,545,2016-06-13T09:44:02Z,2016-12-11T02:45:08Z,SGS
Atlantic cod,COD_SGS_21,1,525,2016-07-31T21:33:05Z,2017-09-08T15:34:32Z,SGS
Atlantic cod,COD_SGS_42,1,327,2016-06-22T14:36:08Z,2016-06-22T22:04:49Z,SGS
Atlantic cod,COD_SGS_1,1,301,2016-07-02T19:08:42Z,2017-07-14T13:59:00Z,SGS
Atlantic cod,COD_SGS_13,1,244,2016-06-18T07:54:28Z,2016-06-18T18:52:15Z,SGS
Atlantic cod,COD_SGS_45,1,223,2016-10-14T14:09:53Z,2016-12-11T13:19:54Z,SGS
Atlantic cod,COD_SGS_11,1,192,2017-06-02T14:03:11Z,2017-12-09T17:42:54Z,SGS
Atlantic cod,COD_SGS_16,1,163,2016-06-20T21:44:11Z,2016-06-21T02:36:20Z,SGS
Atlantic cod,COD_SGS_32,1,153,2016-06-27T06:46:55Z,2017-06-15T22:00:16Z,SGS
Atlantic cod,COD_SGS_27,1,120,2016-06-16T08:33:12Z,2016-06-17T21:33:16Z,SGS
Atlantic cod,COD_SGS_36,1,111,2016-07-09T20:17:02Z,2016-07-18T17:29:39Z,SGS
Atlantic cod,COD_SGS_41,1,84,2016-05-12T05:54:29Z,2017-05-01T10:09:33Z,SGS
Atlantic cod,COD_SGS_34,1,83,2016-06-19T14:01:34Z,2016-06-27T08:10:31Z,SGS
Atlantic cod,COD_SGS_25,1,82,2016-07-06T14:43:51Z,2016-12-10T14:22:57Z,SGS
Atlantic cod,COD_SGS_37,1,68,2016-07-06T20:58:35Z,2016-07-07T07:03:49Z,SGS
Atlantic cod,COD_SGS_12,1,67,2017-06-02T18:43:31Z,2018-04-24T00:09:32Z,SGS
Atlantic cod,COD_SGS_10,1,63,2016-06-19T08:02:27Z,2016-06-22T01:16:22Z,SGS
Atlantic cod,COD_SGS_33,1,63,2017-01-01T09:28:27Z,2017-01-01T14:15:06Z,SGS
Atlantic cod,COD_SGS_14,1,60,2017-05-10T18:40:11Z,2018-08-25T23:09:49Z,SGS
Atlantic cod,COD_SGS_35,1,54,2016-07-07T20:11:13Z,2016-07-07T23:49:12Z,SGS
Atlantic cod,COD_SGS_22,1,44,2016-07-30T17:19:11Z,2017-12-19T18:50:43Z,SGS
Atlantic cod,COD_SPI_1,1,42,2015-12-18T04:09:47Z,2015-12-18T20:40:06Z,SPI
Atlantic cod,COD_SGS_38,1,39,2017-04-26T13:37:47Z,2018-09-28T05:16:34Z,SGS
Atlantic cod,COD_SGS_24,1,35,2017-06-12T06:33:19Z,2017-06-12T22:17:35Z,SGS
Atlantic cod,COD_SGS_15,1,34,2016-06-18T04:19:42Z,2016-06-18T05:27:07Z,SGS
Atlantic cod,COD_SGS_23,1,27,2016-07-30T13:47:48Z,2016-07-30T14:33:09Z,SGS
Atlantic cod,COD_SGS_30,1,27,2016-06-14T03:27:13Z,2016-06-14T04:06:11Z,SGS
Atlantic cod,COD_SGS_40,1,27,2017-05-09T12:54:07Z,2017-05-10T20:11:13Z,SGS
Atlantic cod,COD_SGS_19,1,25,2016-07-07T21:42:38Z,2016-07-07T22:55:49Z,SGS
Atlantic cod,COD_SGS_8,1,21,2017-04-21T10:41:38Z,2017-04-21T11:22:05Z,SGS
Atlantic cod,COD_SBICOD_1,1,18,2024-01-04T06:26:31Z,2024-01-04T07:21:20Z,SBICOD
Atlantic cod,COD_SGS_26,1,15,2016-06-22T12:19:36Z,2016-06-22T19:11:02Z,SGS
Atlantic cod,COD_SGS_29,1,15,2017-04-04T19:51:21Z,2017-04-04T20:11:34Z,SGS
Atlantic cod,COD_SGS_28,1,13,2018-08-13T11:05:56Z,2019-03-03T03:23:20Z,SGS
Atlantic cod,COD_SGS_2,1,8,2016-06-17T07:25:14Z,2016-06-17T09:05:25Z,SGS
Atlantic cod,COD_SGS_3,1,8,2017-06-18T11:15:32Z,2017-06-18T11:23:14Z,SGS
Atlantic cod,COD_SGS_39,1,7,2016-06-18T07:45:14Z,2016-06-18T08:10:59Z,SGS
Atlantic cod,COD_SPI_2,1,6,2016-10-27T21:07:57Z,2016-10-27T21:21:50Z,SPI
Atlantic cod,COD_SGS_18,1,5,2016-06-18T06:26:42Z,2016-06-18T07:08:54Z,SGS
Atlantic cod,COD_SGS_5,1,3,2016-06-13T02:07:00Z,2016-06-13T02:10:45Z,SGS
Atlantic cod,COD_SGS_6,1,3,2016-06-18T20:21:21Z,2016-06-18T21:02:27Z,SGS
Atlantic halibut,HAL_HALIBT_2,1,412,2025-03-31T19:49:10Z,2025-04-01T11:24:50Z,HALIBT
Atlantic halibut,HAL_MEHAL_3,1,43,2023-11-11T06:56:29Z,2024-03-10T22:32:47Z,MEHAL
Atlantic halibut,HAL_MEHAL_1,1,27,2023-03-18T20:27:54Z,2023-03-18T23:37:11Z,MEHAL
Atlantic halibut,HAL_MEHAL_2,1,19,2022-11-27T12:06:25Z,2022-11-28T19:06:37Z,MEHAL
Atlantic halibut,HAL_HALIBT_1,1,5,2023-12-30T18:52:14Z,2024-01-02T18:45:12Z,HALIBT
Atlantic mackerel,MAC_V2LNASTI_1,1,9,2024-07-29T02:21:46Z,2024-07-30T03:38:28Z,V2LNASTI
Atlantic salmon,SALM_BDK_1,1,264,2015-06-10T02:14:56Z,2015-06-10T08:04:47Z,BDK
Atlantic salmon,SALM_V2LCBHNP_2,1,216,2024-02-11T23:55:29Z,2024-02-12T19:39:04Z,V2LCBHNP
Atlantic salmon,SALM_V2LCBHNP_1,1,163,2024-05-26T10:31:33Z,2024-05-26T17:29:28Z,V2LCBHNP
Atlantic salmon,SALM_ESRF_40,1,135,2023-05-23T16:49:59Z,2023-05-29T13:54:20Z,ESRF
Atlantic salmon,SALM_ESRF_15,1,123,2021-06-13T03:07:29Z,2021-06-13T09:29:02Z,ESRF
Atlantic salmon,SALM_ESRF_25,1,101,2022-06-12T16:55:30Z,2022-06-13T06:17:11Z,ESRF
Atlantic salmon,SALM_ESRF_38,1,75,2023-05-12T13:58:47Z,2023-05-13T09:15:22Z,ESRF
Atlantic salmon,SALM_ESRF_42,1,52,2023-06-02T19:57:47Z,2023-06-03T09:09:51Z,ESRF
Atlantic salmon,SALM_PBN_3,1,50,2015-06-18T22:27:04Z,2015-06-18T23:43:18Z,PBN
Atlantic salmon,SALM_ESRF_44,1,45,2023-05-04T11:28:04Z,2023-05-15T19:49:10Z,ESRF
Atlantic salmon,SALM_BDK_2,1,41,2015-12-25T20:16:30Z,2015-12-26T17:20:22Z,BDK
Atlantic salmon,SALM_ESRF_22,1,41,2022-06-03T16:24:02Z,2022-06-04T18:52:51Z,ESRF
Atlantic salmon,SALM_ESRF_31,1,39,2022-06-11T10:24:00Z,2022-06-11T18:39:34Z,ESRF
Atlantic salmon,SALM_ASF_2,1,37,2017-05-12T18:04:02Z,2017-05-13T01:00:19Z,ASF
Atlantic salmon,SALM_ESRF_23,1,34,2022-06-16T19:14:37Z,2022-06-16T20:53:51Z,ESRF
Atlantic salmon,SALM_PBN_6,1,34,2015-06-19T09:32:49Z,2015-06-19T10:13:54Z,PBN
Atlantic salmon,SALM_UNBMIR_1,1,34,2023-01-29T00:00:37Z,2023-01-29T02:28:55Z,UNBMIR
Atlantic salmon,SALM_PBU_24,1,33,2018-06-17T03:51:02Z,2018-06-17T04:57:49Z,PBU
Atlantic salmon,SALM_PBU_20,1,32,2019-06-22T13:59:41Z,2019-06-23T17:05:29Z,PBU
Atlantic salmon,SALM_ESRF_36,1,30,2023-06-13T01:25:04Z,2023-06-13T07:03:43Z,ESRF
Atlantic salmon,SALM_PBU_14,1,30,2019-06-25T09:43:45Z,2019-06-25T10:31:16Z,PBU
Atlantic salmon,SALM_MARSS_102,1,28,2017-06-27T00:48:45Z,2017-06-27T01:09:59Z,MARSS
Atlantic salmon,SALM_ESRF_33,1,26,2023-06-13T09:34:01Z,2023-06-13T10:55:36Z,ESRF
Atlantic salmon,SALM_PBN_5,1,24,2015-06-19T12:00:45Z,2015-06-19T12:25:28Z,PBN
Atlantic salmon,SALM_V2LCBHNP_5,1,23,2024-01-24T21:12:10Z,2024-06-12T14:25:51Z,V2LCBHNP
Atlantic salmon,SALM_ESRF_48,1,21,2023-06-16T23:18:53Z,2023-06-17T04:21:44Z,ESRF
Atlantic salmon,SALM_ESRF_11,1,20,2021-06-13T01:47:29Z,2021-06-13T02:55:40Z,ESRF
Atlantic salmon,SALM_PBU_17,1,20,2018-07-03T01:54:56Z,2018-07-03T02:26:53Z,PBU
Atlantic salmon,SALM_QRPT_2,1,20,2021-06-18T12:44:43Z,2021-06-18T14:32:07Z,PBSM
Atlantic salmon,SALM_PBU_15,1,19,2018-06-18T04:22:41Z,2018-06-18T05:03:19Z,PBU
Atlantic salmon,SALM_ESRF_13,1,18,2021-06-15T07:44:55Z,2021-06-15T16:50:58Z,ESRF
Atlantic salmon,SALM_PBU_16,1,17,2019-06-14T09:49:17Z,2019-06-14T10:12:17Z,PBU
Atlantic salmon,SALM_V2LCBHNP_3,1,17,2024-01-23T17:53:28Z,2024-01-25T16:44:19Z,V2LCBHNP
Atlantic salmon,SALM_ESRF_7,1,16,2021-06-14T05:24:49Z,2021-06-14T06:24:33Z,ESRF
Atlantic salmon,SALM_QSLR_3,1,16,2022-11-15T20:33:28Z,2022-11-24T23:03:56Z,QSLR
Atlantic salmon,SALM_MARSS_105,1,15,2018-07-02T20:04:34Z,2018-07-02T20:17:36Z,MARSS
Atlantic salmon,SALM_PBU_19,1,15,2019-06-20T22:38:36Z,2019-06-20T22:58:54Z,PBU
Atlantic salmon,SALM_PBU_2,1,14,2017-06-16T04:23:37Z,2017-06-16T05:07:25Z,PBU
Atlantic salmon,SALM_KNE_1,1,13,2015-06-27T16:48:24Z,2015-06-27T17:13:48Z,KNE
Atlantic salmon,SALM_PBN_2,1,13,2015-06-16T15:56:26Z,2015-06-16T16:18:43Z,PBN
Atlantic salmon,SALM_ESRF_26,1,12,2022-06-05T15:58:36Z,2022-06-05T16:26:02Z,ESRF
Atlantic salmon,SALM_PBN_1,1,12,2015-06-15T20:25:16Z,2015-06-15T20:40:58Z,PBN
Atlantic salmon,SALM_PBU_21,1,12,2019-06-20T15:12:14Z,2019-06-20T15:28:21Z,PBU
Atlantic salmon,SALM_ESRF_2,1,11,2021-06-15T03:43:31Z,2021-06-15T04:45:23Z,ESRF
Atlantic salmon,SALM_PBU_10,1,11,2018-06-18T05:54:57Z,2023-06-09T19:23:43Z,PBU
Atlantic salmon,SALM_QRPT_3,1,11,2021-07-20T23:05:48Z,2021-07-20T23:22:27Z,PBSM
Atlantic salmon,SALM_V2LNSSA_4,1,11,2022-06-09T07:12:01Z,2022-06-09T07:27:08Z,V2LNSSA
Atlantic salmon,SALM_ESRF_24,1,9,2022-06-17T01:54:14Z,2022-06-17T06:29:14Z,ESRF
Atlantic salmon,SALM_ESRF_3,1,9,2021-06-12T13:19:34Z,2021-06-12T13:32:03Z,ESRF
Atlantic salmon,SALM_ESRF_6,1,9,2021-06-14T19:47:53Z,2021-06-14T20:03:19Z,ESRF
Atlantic salmon,SALM_MARSS_104,1,9,2018-06-24T14:54:52Z,2018-06-24T15:10:19Z,MARSS
Atlantic salmon,SALM_NARR_2,1,9,2017-06-18T19:58:14Z,2017-06-18T20:03:41Z,NARR
Atlantic salmon,SALM_PBU_1,1,9,2017-06-25T02:02:59Z,2017-06-25T02:33:31Z,PBU
Atlantic salmon,SALM_PBU_13,1,9,2019-06-29T23:23:28Z,2019-06-29T23:33:36Z,PBU
Atlantic salmon,SALM_QSLR_1,1,9,2022-10-29T22:52:48Z,2022-10-29T23:11:35Z,QSLR
Atlantic salmon,SALM_V2LCBHNP_6,1,9,2024-02-01T02:29:26Z,2024-02-04T23:19:10Z,V2LCBHNP
Atlantic salmon,SALM_V2LNSSA_5,1,9,2022-06-06T16:29:01Z,2022-06-06T21:46:43Z,V2LNSSA
Atlantic salmon,SALM_PBN_4,1,8,2015-06-24T15:31:33Z,2015-06-24T15:37:55Z,PBN
Atlantic salmon,SALM_PBU_22,1,8,2019-06-19T02:22:48Z,2019-06-19T02:38:36Z,PBU
Atlantic salmon,SALM_PBU_9,1,8,2018-06-24T09:58:57Z,2018-06-24T10:29:23Z,PBU
Atlantic salmon,SALM_ESRF_18,1,7,2021-06-05T16:38:48Z,2021-06-05T17:01:21Z,ESRF
Atlantic salmon,SALM_ESRF_46,1,7,2024-05-10T19:29:41Z,2024-05-10T19:53:59Z,ESRF
Atlantic salmon,SALM_PBU_25,1,7,2018-06-20T22:49:39Z,2018-06-20T23:06:10Z,PBU
Atlantic salmon,SALM_V2LCBHNP_4,1,7,2024-05-12T20:40:03Z,2024-05-12T20:53:18Z,V2LCBHNP
Atlantic salmon,SALM_ASF_1,1,6,2017-05-26T14:09:05Z,2017-05-26T14:16:16Z,ASF
Atlantic salmon,SALM_ESRF_21,1,6,2022-04-21T21:19:55Z,2022-04-21T21:36:46Z,ESRF
Atlantic salmon,SALM_PBU_11,1,6,2019-06-27T22:57:15Z,2019-06-28T03:07:51Z,PBU
Atlantic salmon,SALM_PBU_18,1,6,2019-06-22T21:08:51Z,2019-06-23T00:40:35Z,PBU
Atlantic salmon,SALM_PBU_23,1,6,2018-06-16T20:37:49Z,2018-06-16T20:57:07Z,PBU
Atlantic salmon,SALM_QSLR_2,1,6,2022-11-07T15:55:47Z,2022-11-07T16:05:39Z,QSLR
Atlantic salmon,SALM_ESRF_19,1,5,2021-06-11T01:20:34Z,2021-06-11T01:31:17Z,ESRF
Atlantic salmon,SALM_ESRF_34,1,5,2023-06-14T15:48:46Z,2023-06-14T15:56:00Z,ESRF
Atlantic salmon,SALM_PBU_12,1,5,2019-06-24T03:34:45Z,2019-06-24T03:44:51Z,PBU
Atlantic salmon,SALM_QRPT_1,1,5,2021-06-15T08:35:58Z,2021-06-15T09:21:09Z,PBSM
Atlantic salmon,SALM_V2LNSSA_2,1,5,2021-06-12T21:07:10Z,2021-06-12T21:13:45Z,V2LNSSA
Atlantic salmon,SALM_ESRF_17,1,4,2021-06-15T20:23:28Z,2021-06-15T20:29:10Z,ESRF
Atlantic salmon,SALM_ESRF_28,1,4,2022-06-17T16:12:59Z,2022-06-17T16:21:39Z,ESRF
Atlantic salmon,SALM_ESRF_4,1,4,2021-06-14T16:20:14Z,2021-06-14T16:27:35Z,ESRF
Atlantic salmon,SALM_MARSS_101,1,4,2017-07-12T17:30:50Z,2017-07-12T17:41:09Z,MARSS
Atlantic salmon,SALM_MARSS_103,1,4,2019-07-02T05:04:17Z,2019-07-02T05:09:18Z,MARSS
Atlantic salmon,SALM_V2LCBHNP_7,1,4,2024-03-09T01:20:18Z,2024-03-09T01:31:14Z,V2LCBHNP
Atlantic salmon,SALM_V2LNSSA_3,1,4,2021-06-13T12:57:24Z,2021-06-13T13:15:21Z,V2LNSSA
Atlantic salmon,SALM_ESRF_1,1,3,2021-06-17T05:08:54Z,2021-06-17T05:12:57Z,ESRF
Atlantic salmon,SALM_ESRF_10,1,3,2021-06-08T13:34:48Z,2021-06-08T13:43:28Z,ESRF
Atlantic salmon,SALM_ESRF_16,1,3,2021-06-03T19:48:15Z,2021-06-03T19:54:39Z,ESRF
Atlantic salmon,SALM_ESRF_37,1,3,2023-06-15T23:04:55Z,2023-06-15T23:08:10Z,ESRF
Atlantic salmon,SALM_ESRF_5,1,3,2021-06-15T02:38:40Z,2021-06-15T02:52:30Z,ESRF
Atlantic salmon,SALM_PBU_3,1,3,2017-06-21T14:18:23Z,2017-06-21T14:22:50Z,PBU
Atlantic salmon,SALM_TNGS_1,1,3,2020-06-19T16:39:30Z,2020-06-19T18:24:17Z,TNGS
Atlantic salmon,SALM_TNGS_2,1,3,2020-06-14T16:05:07Z,2020-06-14T16:07:15Z,TNGS
Atlantic salmon,SALM_V2LNSSA_7,1,3,2019-06-19T01:37:15Z,2019-06-19T01:47:42Z,V2LNSSA
Atlantic salmon,SALM_ESRF_35,1,2,2023-06-15T20:44:40Z,2023-06-15T20:45:35Z,ESRF
Atlantic salmon,SALM_ESRF_8,1,2,2021-06-06T23:34:07Z,2021-06-06T23:38:57Z,ESRF
Atlantic salmon,SALM_ESRF_9,1,2,2021-06-12T20:10:33Z,2021-06-12T20:12:25Z,ESRF
Atlantic salmon,SALM_NARR_1,1,2,2017-06-20T23:59:39Z,2017-06-21T00:00:59Z,NARR
Atlantic salmon,SALM_QSLR_4,1,2,2023-05-07T22:14:56Z,2023-05-07T22:19:29Z,QSLR
Atlantic salmon,SALM_V2LNSSA_1,1,2,2021-06-14T04:20:48Z,2021-06-14T04:26:17Z,V2LNSSA
Atlantic sturgeon,STURG_QSLR_1,1,9,2018-11-19T12:14:07Z,2018-11-19T12:52:35Z,QSLR
Blue shark,BLUESH_MFSAR_2,1,120,2016-10-01T04:44:48Z,2016-10-02T04:06:29Z,MFSAR
Blue shark,BLUESH_NSBS_3,1,108,2015-10-19T03:22:23Z,2016-09-19T08:36:46Z,NSBS
Blue shark,BLUESH_NSBS_2,1,82,2015-08-17T14:28:16Z,2016-08-06T15:19:27Z,NSBS
Blue shark,BLUESH_NSBS_1,1,54,2016-09-07T04:03:29Z,2017-10-13T20:02:34Z,NSBS
Blue shark,BLUESH_NSBS_6,1,33,2015-08-18T03:42:02Z,2015-08-18T05:01:17Z,NSBS
Blue shark,BLUESH_MFSAR_6,1,31,2019-08-01T10:52:40Z,2019-08-31T17:23:48Z,MFSAR
Blue shark,BLUESH_NSBS_8,1,27,2022-07-23T11:24:31Z,2022-07-23T12:20:28Z,NSBS
Blue shark,BLUESH_NSBS_10,1,25,2022-09-09T18:13:00Z,2022-09-09T19:21:23Z,NSBS
Blue shark,BLUESH_NSBS_11,1,20,2024-07-23T17:56:39Z,2024-07-25T05:00:36Z,NSBS
Blue shark,BLUESH_NSBS_9,1,17,2022-08-17T18:05:27Z,2023-08-02T23:53:05Z,NSBS
Blue shark,BLUESH_NSBS_7,1,16,2019-07-28T20:39:21Z,2019-07-28T21:23:56Z,NSBS
Blue shark,BLUESH_MFSAR_1,1,13,2016-09-22T19:31:44Z,2016-09-22T20:23:09Z,MFSAR
Blue shark,BLUESH_MFSAR_5,1,12,2019-09-25T13:53:59Z,2019-09-25T16:54:24Z,MFSAR
Blue shark,BLUESH_NSBS_5,1,8,2018-08-29T23:13:36Z,2018-08-29T23:27:15Z,NSBS
Blue shark,BLUESH_NSBS_13,1,7,2023-11-07T03:42:02Z,2023-11-07T03:56:42Z,NSBS
Blue shark,BLUESH_NSBS_4,1,7,2018-10-02T02:47:55Z,2018-10-02T03:02:35Z,NSBS
Bluefin tuna,BLUEFIN_TAG_35,1,179,2020-10-22T13:00:32Z,2022-10-02T21:08:55Z,TAG
Bluefin tuna,BLUEFIN_TAG_2,1,162,2015-08-15T17:47:03Z,2015-08-23T16:48:22Z,TAG
Bluefin tuna,BLUEFIN_TAG_7,1,51,2015-07-29T09:56:56Z,2016-11-10T13:04:09Z,TAG
Bluefin tuna,BLUEFIN_DFOBFT_13,1,42,2024-07-14T12:32:46Z,2024-07-14T15:05:14Z,DFOBFT
Bluefin tuna,BLUEFIN_TAG_50,1,37,2023-08-10T21:27:13Z,2023-11-17T23:06:01Z,TAG
Bluefin tuna,BLUEFIN_DFOBFT_2,1,35,2021-11-26T09:18:54Z,2023-11-25T15:13:28Z,DFOBFT
Bluefin tuna,BLUEFIN_DFOBFT_7,1,34,2023-08-24T19:56:32Z,2023-08-25T05:26:46Z,DFOBFT
Bluefin tuna,BLUEFIN_TAG_30,1,28,2021-07-17T22:48:06Z,2022-06-25T18:52:33Z,TAG
Bluefin tuna,BLUEFIN_DFOBFT_3,1,26,2022-09-07T16:04:58Z,2023-10-26T11:26:38Z,DFOBFT
Bluefin tuna,BLUEFIN_TAG_46,1,24,2022-10-06T13:52:07Z,2022-10-06T19:27:58Z,TAG
Bluefin tuna,BLUEFIN_TAG_15,1,22,2021-11-07T22:14:34Z,2021-12-04T05:25:07Z,TAG
Bluefin tuna,BLUEFIN_TAG_45,1,17,2022-10-11T01:32:51Z,2022-10-11T01:58:06Z,TAG
Bluefin tuna,BLUEFIN_DFOBFT_4,1,16,2023-06-24T05:47:07Z,2023-06-24T06:10:03Z,DFOBFT
Bluefin tuna,BLUEFIN_TAG_4,1,16,2015-10-30T11:50:30Z,2018-08-26T05:00:07Z,TAG
Bluefin tuna,BLUEFIN_DFOBFT_1,1,15,2022-06-27T04:14:08Z,2023-10-20T14:35:36Z,DFOBFT
Bluefin tuna,BLUEFIN_TAG_27,1,15,2019-08-23T02:49:56Z,2019-08-23T03:05:07Z,TAG
Bluefin tuna,BLUEFIN_TAG_21,1,14,2021-08-14T14:22:07Z,2021-08-14T14:38:39Z,TAG
Bluefin tuna,BLUEFIN_TAG_43,1,14,2022-07-06T07:14:12Z,2023-10-06T15:51:41Z,TAG
Bluefin tuna,BLUEFIN_TAG_55,1,13,2022-10-16T04:57:41Z,2023-10-28T11:12:35Z,TAG
Bluefin tuna,BLUEFIN_TAG_8,1,13,2017-08-15T05:24:17Z,2017-08-15T05:37:49Z,TAG
Bluefin tuna,BLUEFIN_BFTTAG_1,1,12,2018-10-01T18:22:41Z,2018-10-01T21:40:11Z,BFTTAG
Bluefin tuna,BLUEFIN_DFOBFT_6,1,12,2022-12-01T17:25:01Z,2023-10-31T23:44:37Z,DFOBFT
Bluefin tuna,BLUEFIN_BFTTAG_13,1,11,2019-10-20T12:02:46Z,2019-11-20T15:28:28Z,BFTTAG
Bluefin tuna,BLUEFIN_TAG_14,1,11,2018-11-09T04:04:31Z,2018-11-09T07:07:48Z,TAG
Bluefin tuna,BLUEFIN_TAG_20,1,11,2019-10-08T07:38:01Z,2020-11-02T12:30:24Z,TAG
Bluefin tuna,BLUEFIN_TAG_51,1,11,2022-09-29T14:59:27Z,2024-07-23T18:05:58Z,TAG
Bluefin tuna,BLUEFIN_TAG_28,1,10,2021-07-24T15:09:24Z,2021-07-24T15:21:50Z,TAG
Bluefin tuna,BLUEFIN_TAG_53,1,10,2022-11-15T19:33:32Z,2023-06-21T03:01:36Z,TAG
Bluefin tuna,BLUEFIN_BFTTAG_9,1,9,2019-06-20T08:08:57Z,2019-09-18T21:00:32Z,BFTTAG
Bluefin tuna,BLUEFIN_DFOBFT_5,1,9,2022-10-02T14:15:00Z,2022-10-02T14:22:46Z,DFOBFT
Bluefin tuna,BLUEFIN_TAG_11,1,9,2017-08-06T22:25:47Z,2020-09-09T20:13:36Z,TAG
Bluefin tuna,BLUEFIN_TAG_39,1,9,2022-08-05T12:30:25Z,2024-07-01T19:28:06Z,TAG
Bluefin tuna,BLUEFIN_BFTTAG_6,1,8,2019-06-19T12:43:59Z,2019-06-19T12:52:28Z,BFTTAG
Bluefin tuna,BLUEFIN_TAG_34,1,8,2022-06-20T21:10:38Z,2022-06-20T21:18:10Z,TAG
Bluefin tuna,BLUEFIN_TAG_44,1,8,2022-12-14T19:54:53Z,2022-12-14T20:02:00Z,TAG
Bluefin tuna,BLUEFIN_TAG_19,1,7,2021-07-29T16:21:45Z,2021-07-29T16:28:18Z,TAG
Bluefin tuna,BLUEFIN_TAG_32,1,7,2021-06-15T12:46:18Z,2021-11-16T10:54:59Z,TAG
Bluefin tuna,BLUEFIN_TAG_33,1,7,2021-09-08T05:58:57Z,2021-09-08T06:05:38Z,TAG
Bluefin tuna,BLUEFIN_TAG_41,1,7,2021-10-03T00:26:33Z,2021-10-03T00:33:13Z,TAG
Bluefin tuna,BLUEFIN_TAG_52,1,7,2022-10-02T00:03:40Z,2022-10-02T00:21:31Z,TAG
Bluefin tuna,BLUEFIN_BFTTAG_2,1,6,2019-10-07T16:23:20Z,2021-10-31T23:48:05Z,BFTTAG
Bluefin tuna,BLUEFIN_BFTTAG_7,1,6,2021-06-30T02:42:24Z,2021-06-30T02:47:29Z,BFTTAG
Bluefin tuna,BLUEFIN_DFOBFT_11,1,6,2023-11-26T09:11:39Z,2023-11-26T09:19:53Z,DFOBFT
Bluefin tuna,BLUEFIN_TAG_26,1,6,2019-09-23T12:38:49Z,2019-09-23T16:14:37Z,TAG
Bluefin tuna,BLUEFIN_TAG_36,1,6,2021-11-08T09:16:39Z,2021-11-08T09:22:40Z,TAG
Bluefin tuna,BLUEFIN_TAG_40,1,6,2021-09-22T23:31:42Z,2021-09-22T23:39:11Z,TAG
Bluefin tuna,BLUEFIN_TAG_57,1,6,2022-11-29T18:54:37Z,2022-11-29T18:59:20Z,TAG
Bluefin tuna,BLUEFIN_TAG_58,1,6,2022-09-29T10:43:11Z,2022-09-29T10:47:52Z,TAG
Bluefin tuna,BLUEFIN_BFTTAG_10,1,5,2018-10-15T07:05:52Z,2018-10-15T09:46:39Z,BFTTAG
Bluefin tuna,BLUEFIN_BFTTAG_12,1,5,2019-09-28T00:23:16Z,2019-09-28T00:28:00Z,BFTTAG
Bluefin tuna,BLUEFIN_BFTTAG_5,1,5,2018-10-16T15:44:11Z,2018-10-16T15:59:30Z,BFTTAG
Bluefin tuna,BLUEFIN_DFOBFT_10,1,5,2023-11-26T02:07:05Z,2023-11-26T02:13:26Z,DFOBFT
Bluefin tuna,BLUEFIN_DFOBFT_12,1,5,2023-08-26T06:53:55Z,2023-08-26T06:58:00Z,DFOBFT
Bluefin tuna,BLUEFIN_TAG_17,1,5,2019-06-28T06:53:21Z,2019-06-28T06:57:40Z,TAG
Bluefin tuna,BLUEFIN_TAG_24,1,5,2019-08-10T13:19:50Z,2019-08-10T13:28:34Z,TAG
Bluefin tuna,BLUEFIN_TAG_48,1,5,2022-09-26T01:18:09Z,2022-09-26T01:22:07Z,TAG
Bluefin tuna,BLUEFIN_TAG_49,1,5,2022-09-26T06:10:52Z,2022-09-26T06:15:24Z,TAG
Bluefin tuna,BLUEFIN_TAG_62,1,5,2023-10-03T22:14:12Z,2023-10-03T22:19:04Z,TAG
Bluefin tuna,BLUEFIN_TAG_63,1,5,2023-11-09T14:54:33Z,2023-11-09T14:59:39Z,TAG
Bluefin tuna,BLUEFIN_BFTTAG_3,1,4,2019-06-16T22:55:51Z,2019-06-16T23:00:28Z,BFTTAG
Bluefin tuna,BLUEFIN_TAG_1,1,4,2015-07-07T23:25:45Z,2015-10-18T16:05:06Z,TAG
Bluefin tuna,BLUEFIN_TAG_23,1,4,2020-07-31T10:37:32Z,2020-07-31T10:40:16Z,TAG
Bluefin tuna,BLUEFIN_TAG_3,1,4,2015-11-06T00:12:26Z,2015-11-06T00:24:42Z,TAG
Bluefin tuna,BLUEFIN_TAG_38,1,4,2021-09-27T14:00:50Z,2021-09-27T14:04:15Z,TAG
Bluefin tuna,BLUEFIN_TAG_6,1,4,2015-10-25T12:49:40Z,2017-07-04T23:10:11Z,TAG
Bluefin tuna,BLUEFIN_TAG_9,1,4,2019-07-17T19:29:24Z,2019-07-17T19:35:30Z,TAG
Bluefin tuna,BLUEFIN_BFTTAG_4,1,3,2020-11-18T16:21:54Z,2020-11-18T16:29:45Z,BFTTAG
Bluefin tuna,BLUEFIN_TAG_13,1,3,2019-06-22T18:41:27Z,2019-06-22T18:43:37Z,TAG
Bluefin tuna,BLUEFIN_TAG_18,1,3,2018-11-10T22:54:04Z,2018-11-10T22:57:02Z,TAG
Bluefin tuna,BLUEFIN_TAG_22,1,3,2021-11-14T01:19:40Z,2021-11-14T01:21:27Z,TAG
Bluefin tuna,BLUEFIN_TAG_25,1,3,2019-11-02T00:40:04Z,2019-11-02T00:42:43Z,TAG
Bluefin tuna,BLUEFIN_TAG_31,1,3,2021-11-23T15:58:13Z,2021-11-23T15:59:54Z,TAG
Bluefin tuna,BLUEFIN_TAG_37,1,3,2021-11-12T09:06:58Z,2021-11-12T09:11:42Z,TAG
Bluefin tuna,BLUEFIN_TAG_54,1,3,2022-09-18T12:48:58Z,2022-09-18T12:51:04Z,TAG
Bluefin tuna,BLUEFIN_TAG_61,1,3,2023-09-28T14:48:33Z,2023-09-28T14:50:07Z,TAG
Bluefin tuna,BLUEFIN_TAG_64,1,3,2023-10-21T10:05:00Z,2023-10-21T10:08:03Z,TAG
Bluefin tuna,BLUEFIN_TAG_65,1,3,2023-10-03T17:37:40Z,2023-10-03T17:40:43Z,TAG
Bluefin tuna,BLUEFIN_BFTTAG_14,1,2,2019-11-07T05:02:00Z,2019-11-07T05:03:19Z,BFTTAG
Bluefin tuna,BLUEFIN_DFOBFT_9,1,2,2023-11-09T05:04:40Z,2023-11-09T05:05:29Z,DFOBFT
Bluefin tuna,BLUEFIN_TAG_10,1,2,2018-11-04T18:27:37Z,2019-09-23T02:13:24Z,TAG
Bluefin tuna,BLUEFIN_TAG_12,1,2,2018-10-28T17:45:17Z,2018-10-28T17:46:39Z,TAG
Bluefin tuna,BLUEFIN_TAG_29,1,2,2020-08-11T02:23:01Z,2020-08-11T02:23:59Z,TAG
Bluefin tuna,BLUEFIN_TAG_42,1,2,2021-10-04T17:25:34Z,2021-10-04T17:27:04Z,TAG
Bluefin tuna,BLUEFIN_TAG_56,1,2,2022-09-25T18:12:23Z,2022-09-25T18:13:56Z,TAG
Bluefin tuna,BLUEFIN_TAG_59,1,2,2023-09-29T05:19:35Z,2023-09-29T05:20:59Z,TAG
Bluefin tuna,BLUEFIN_TAG_60,1,2,2023-09-26T21:00:33Z,2023-09-26T21:02:31Z,TAG
Grey seal,GSEAL_GSFP_2,1,30,2024-03-02T12:33:26Z,2024-03-03T11:44:42Z,GSFP
Grey seal,GSEAL_RISME_1,1,10,2024-05-04T02:53:57Z,2024-05-04T03:08:35Z,RISME
Grey seal,GSEAL_GSFP_5,1,8,2024-02-20T07:09:16Z,2024-02-20T07:35:28Z,GSFP
Grey seal,GSEAL_GSFP_4,1,3,2024-02-22T03:59:26Z,2024-02-22T04:08:14Z,GSFP
Grey seal,GSEAL_GSFP_1,1,2,2023-02-20T21:21:57Z,2023-02-20T21:24:20Z,GSFP
Leatherback turtle,LHBACK_JBLB_1,1,68,2023-09-05T04:21:48Z,2023-10-15T11:02:40Z,JBLB
Leatherback turtle,LHBACK_LBTPCR_1,1,39,2019-08-24T22:21:53Z,2019-08-25T01:09:40Z,LBTPCR
Porbeagle shark,PORB_JPBS_4,1,31,2017-08-07T04:05:22Z,2017-11-04T19:58:31Z,JPBS
Porbeagle shark,PORB_JPBS_3,1,18,2017-07-17T21:39:51Z,2017-07-17T22:19:47Z,JPBS
Porbeagle shark,PORB_JPBS_1,1,15,2017-07-15T03:13:09Z,2018-11-18T03:50:29Z,JPBS
Porbeagle shark,PORB_JPBS_2,1,6,2017-08-09T01:13:19Z,2018-07-28T14:00:04Z,JPBS
Shortfin mako,MAKO_RICSS_1,1,29,2021-08-27T04:21:33Z,2021-08-27T07:20:48Z,RICSS
Snow crab,CRAB_ZSC_2,1,310,2019-04-01T23:02:38Z,2019-04-16T18:43:29Z,ZSC
Snow crab,CRAB_ZSC_1,1,61,2019-09-25T06:34:30Z,2020-01-19T10:29:57Z,ZSC
White shark,WHITE_MSRPWS_30,1,94,2022-07-20T22:09:34Z,2022-07-21T19:13:14Z,MSRPWS
White shark,WHITE_MSRPWS_5,1,73,2022-11-08T06:49:19Z,2024-07-15T09:17:00Z,MSRPWS
White shark,WHITE_MSRPWS_43,1,62,2022-10-31T17:32:28Z,2022-10-31T23:39:41Z,MSRPWS
White shark,WHITE_MSRPWS_36,1,50,2022-08-05T19:02:38Z,2022-08-06T06:16:51Z,MSRPWS
White shark,WHITE_MSRPWS_32,1,42,2023-08-05T07:20:31Z,2023-09-25T21:22:26Z,MSRPWS
White shark,WHITE_CCOCE_8,1,37,2020-07-07T07:37:17Z,2021-06-22T05:53:02Z,CCOCE
White shark,WHITE_MSRPWS_7,1,36,2020-08-08T00:23:06Z,2023-09-27T13:53:39Z,MSRPWS
White shark,WHITE_CCOCE_7,1,35,2020-07-12T19:57:47Z,2023-09-26T07:22:35Z,CCOCE
White shark,WHITE_CCOCE_17,1,34,2024-06-19T18:58:18Z,2024-06-19T23:34:06Z,CCOCE
White shark,WHITE_MSRPWS_18,1,33,2023-08-01T15:55:26Z,2023-10-04T15:51:50Z,MSRPWS
White shark,WHITE_HMSWEA_3,1,32,2023-09-04T21:06:43Z,2023-09-28T00:50:16Z,HMSWEA
White shark,WHITE_MSRPWS_25,1,31,2020-08-08T17:48:29Z,2023-07-31T08:05:30Z,MSRPWS
White shark,WHITE_MSRPWS_41,1,30,2023-07-09T07:37:13Z,2023-07-09T15:44:07Z,MSRPWS
White shark,WHITE_MSRPWS_27,1,29,2023-07-27T09:27:56Z,2024-07-29T23:36:55Z,MSRPWS
White shark,WHITE_CCOCE_15,1,25,2022-11-04T02:12:39Z,2024-06-30T23:36:38Z,CCOCE
White shark,WHITE_MSRPWS_17,1,25,2021-08-26T08:09:57Z,2021-11-14T19:39:09Z,MSRPWS
White shark,WHITE_MSRPWS_34,1,24,2023-07-28T07:33:31Z,2024-06-24T14:35:04Z,MSRPWS
White shark,WHITE_MSRPWS_4,1,24,2023-09-18T02:09:22Z,2024-07-22T00:10:43Z,MSRPWS
White shark,WHITE_MSRPWS_13,1,23,2019-09-05T16:59:29Z,2024-07-14T19:40:45Z,MSRPWS
White shark,WHITE_MSRPWS_2,1,22,2020-08-13T17:53:50Z,2023-11-16T14:14:23Z,MSRPWS
White shark,WHITE_MSRPWS_35,1,22,2023-07-17T14:46:46Z,2023-07-17T15:41:38Z,MSRPWS
White shark,WHITE_MSRPWS_10,1,21,2019-07-18T17:09:58Z,2023-10-29T11:21:56Z,MSRPWS
White shark,WHITE_MSRPWS_26,1,21,2021-07-31T22:14:18Z,2021-11-04T17:29:00Z,MSRPWS
White shark,WHITE_CCOCE_10,1,20,2023-07-04T09:30:29Z,2023-07-04T10:51:24Z,CCOCE
White shark,WHITE_CCOCE_2,1,19,2020-11-20T12:01:38Z,2020-11-20T12:51:17Z,CCOCE
White shark,WHITE_HMSWEA_1,1,18,2022-09-14T22:05:59Z,2024-08-05T05:04:09Z,HMSWEA
White shark,WHITE_MSRPWS_1,1,17,2024-07-21T13:38:43Z,2024-07-22T12:43:38Z,MSRPWS
White shark,WHITE_MSRPWS_45,1,17,2023-08-02T15:25:02Z,2023-09-28T14:57:18Z,MSRPWS
White shark,WHITE_MSRPWS_29,1,16,2022-07-24T11:11:08Z,2022-07-24T15:15:14Z,MSRPWS
White shark,WHITE_MSRPWS_12,1,15,2021-08-01T04:47:47Z,2023-10-27T21:23:34Z,MSRPWS
White shark,WHITE_CCOCE_14,1,14,2023-07-12T11:17:24Z,2024-06-28T13:10:22Z,CCOCE
White shark,WHITE_MSRPWS_22,1,14,2023-07-07T23:37:42Z,2023-07-08T03:49:19Z,MSRPWS
White shark,WHITE_MSRPWS_37,1,14,2020-10-07T01:48:11Z,2022-10-13T16:21:47Z,MSRPWS
White shark,WHITE_CCOCE_5,1,13,2022-07-02T14:14:42Z,2022-07-02T15:17:48Z,CCOCE
White shark,WHITE_NY_14,1,13,2020-08-13T08:16:31Z,2021-09-26T10:21:24Z,NYSHARKS
White shark,WHITE_MSRPWS_21,1,11,2022-08-30T20:10:53Z,2022-10-28T02:47:44Z,MSRPWS
White shark,WHITE_MSRPWS_3,1,11,2023-06-27T06:34:08Z,2023-10-04T14:54:21Z,MSRPWS
White shark,WHITE_CCOCE_18,1,10,2024-07-07T11:53:39Z,2024-07-07T12:08:47Z,CCOCE
White shark,WHITE_MSRPWS_38,1,10,2022-07-22T06:03:55Z,2023-11-04T22:23:51Z,MSRPWS
White shark,WHITE_MSRPWS_11,1,9,2021-11-13T21:18:21Z,2024-06-26T19:18:15Z,MSRPWS
White shark,WHITE_MSRPWS_19,1,9,2022-09-18T07:07:25Z,2022-09-18T09:19:59Z,MSRPWS
White shark,WHITE_MSRPWS_23,1,9,2022-06-06T13:04:04Z,2022-06-06T13:20:55Z,MSRPWS
White shark,WHITE_MSRPWS_28,1,9,2022-10-18T02:48:23Z,2022-10-18T02:59:22Z,MSRPWS
White shark,WHITE_MSRPWS_6,1,9,2023-08-16T11:09:20Z,2024-07-27T12:38:56Z,MSRPWS
White shark,WHITE_NY_12,1,9,2023-07-17T02:03:06Z,2023-07-17T08:42:11Z,NYSHARKS
White shark,WHITE_NY_9,1,9,2021-11-02T17:05:00Z,2024-07-19T21:31:16Z,NYSHARKS
White shark,WHITE_CCOCE_6,1,8,2020-10-01T00:29:06Z,2020-10-01T00:40:22Z,CCOCE
White shark,WHITE_MSRPWS_16,1,8,2016-02-20T00:18:50Z,2016-02-20T00:27:04Z,MSRPWS
White shark,WHITE_MSRPWS_20,1,8,2021-11-03T10:31:21Z,2021-11-03T10:43:04Z,MSRPWS
White shark,WHITE_CCOCE_1,1,7,2020-07-25T05:01:00Z,2020-07-25T05:11:18Z,CCOCE
White shark,WHITE_MSRPWS_33,1,7,2020-07-20T16:40:18Z,2021-06-28T21:00:07Z,MSRPWS
White shark,WHITE_MSRPWS_39,1,7,2022-12-05T04:56:22Z,2022-12-05T05:08:43Z,MSRPWS
White shark,WHITE_MSRPWS_8,1,7,2021-11-16T14:47:33Z,2024-07-07T01:33:13Z,MSRPWS
White shark,WHITE_MSRPWS_9,1,7,2024-07-22T23:11:39Z,2024-07-22T23:19:49Z,MSRPWS
White shark,WHITE_CCOCE_4,1,6,2021-06-19T14:28:05Z,2021-06-19T14:36:13Z,CCOCE
White shark,WHITE_MSRPWS_14,1,6,2019-10-13T15:09:21Z,2019-10-13T15:21:24Z,MSRPWS
White shark,WHITE_MSRPWS_31,1,6,2020-07-04T15:12:38Z,2020-07-04T15:22:09Z,MSRPWS
White shark,WHITE_CCOCE_11,1,5,2022-10-31T17:44:21Z,2022-10-31T18:17:52Z,CCOCE
White shark,WHITE_CCOCE_19,1,5,2024-06-23T20:37:17Z,2024-06-23T20:44:38Z,CCOCE
White shark,WHITE_V2LWSAMP_1,1,5,2019-09-30T12:01:46Z,2019-09-30T12:08:43Z,V2LWSAMP
White shark,WHITE_HMSWEA_2,1,4,2023-09-21T19:18:42Z,2023-09-21T19:25:37Z,HMSWEA
White shark,WHITE_MSRPWS_24,1,4,2021-11-03T00:55:10Z,2021-11-03T00:58:48Z,MSRPWS
White shark,WHITE_MSRPWS_47,1,4,2022-06-15T02:03:39Z,2022-06-15T02:08:06Z,MSRPWS
White shark,WHITE_NY_1,1,4,2021-10-31T22:28:53Z,2021-10-31T22:34:11Z,NYSHARKS
White shark,WHITE_NY_3,1,4,2023-07-20T10:32:47Z,2023-07-20T15:33:35Z,NYSHARKS
White shark,WHITE_VMLPPWS_1,1,4,2023-04-07T01:05:50Z,2023-04-07T01:11:36Z,VMLPPWS
White shark,WHITE_CCOCE_13,1,3,2023-07-06T19:05:00Z,2023-07-06T19:08:11Z,CCOCE
White shark,WHITE_CCOCE_3,1,3,2021-11-11T19:20:53Z,2021-11-11T19:23:04Z,CCOCE
White shark,WHITE_SBUSOMAS01_1,1,3,2023-10-24T06:00:33Z,2023-10-24T06:04:57Z,SBUSOMAS01
White shark,WHITE_CCOCE_16,1,2,2024-10-18T23:35:15Z,2024-10-18T23:37:25Z,CCOCE
White shark,WHITE_CCOCE_9,1,2,2019-07-01T03:18:45Z,2019-07-01T03:20:30Z,CCOCE
