"","common_name","Total_Detections","Unique_Individuals","Mean_Bottom_Depth_m","Max_Years_Active","Hab_A - Mud","Hab_B - Gravelly sand/mud <50% cobblles/gravel","Hab_C - Till >50% cobbles/gravel","Hab_E - Gravel with crinoids","Hab_D - Till with coraline algae","Zone_1","Zone_4","Zone_3"
"1","American eel",111,5,129.2,1,70,15,25,1,0,111,0,0
"2","Atlantic cod",14432,48,107.4,3,4661,0,9759,0,12,14432,0,0
"3","Atlantic halibut",506,5,150.2,2,464,24,0,4,14,89,417,0
"4","Atlantic mackerel",9,1,120.9,1,6,3,0,0,0,8,1,0
"5","Atlantic salmon",2314,97,114,6,1273,88,824,7,122,2119,160,35
"6","Atlantic sturgeon",9,1,98,1,9,0,0,0,0,9,0,0
"7","Blue shark",580,16,121.8,2,299,28,245,0,8,560,20,0
"8","Bluefin tuna",1138,86,100.1,4,540,44,287,14,253,1082,51,5
"9","Grey seal",53,5,99,1,33,6,6,0,8,51,0,2
"10","Leatherback turtle",107,2,118.7,1,63,11,33,0,0,79,0,28
"11","Porbeagle shark",70,4,133.8,2,46,0,24,0,0,70,0,0
"12","Shortfin mako",29,1,67.6,1,8,0,11,0,10,29,0,0
"13","Snow crab",371,2,105.8,2,148,0,223,0,0,371,0,0
"14","White shark",1249,71,106.4,6,647,94,262,23,223,1105,108,36
