Species,Array,Fish count,Detections,First detection (Y-M-D) UTC,Last detection (Y-M-D) UTC,Mean latitude (DD),Mean longitude (DD),Max Distance (km0o
Atlantic cod,BOOGSL,2,5,2018-11-18 05:10:30 UTC,2019-05-26 05:51:52 UTC,48.04083,-61.16233,
Atlantic cod,CBS,44,4879,2018-05-07 02:23:17 UTC,2025-05-28 12:49:41 UTC,47.16383,-60.18755,77.26
Atlantic cod,CBTSC,3,361,2023-05-07 10:25:46 UTC,2023-06-15 19:49:44 UTC,46.70382,-61.10605,9.9
Atlantic cod,GDL,8,120,2018-10-30 10:41:53 UTC,2024-07-07 03:18:02 UTC,46.36712,-59.47226,319.36
Atlantic cod,NSWS,2,7,2022-12-22 06:47:56 UTC,2024-03-25 01:40:27 UTC,46.00596,-59.68537,0.12
Atlantic cod,SABMPA,100,26025,2018-04-25 17:46:00 UTC,2025-01-01 09:06:18 UTC,46.00647,-59.14812,44.22
Atlantic cod,V2LEMERA,17,2128,2019-05-06 20:59:47 UTC,2025-06-07 14:46:57 UTC,46.56697,-60.19041,10.82
Atlantic cod,V2LGSL,1,18,2024-05-09 03:24:45 UTC,2024-05-09 04:11:34 UTC,48.04083,-61.16233,
Atlantic cod,ZSC,1,20,2018-06-07 12:43:47 UTC,2018-06-08 14:31:50 UTC,47.0315,-60.65098,
Atlantic halibut,CBS,7,907,2023-01-04 10:07:05 UTC,2025-06-29 07:06:31 UTC,47.15951,-60.19094,76.39
Atlantic halibut,ESIAOI,1,25,2023-11-12 00:34:28 UTC,2023-11-12 01:07:24 UTC,44.7525,-62.02861,
Atlantic halibut,GDL,3,16,2023-07-03 06:02:02 UTC,2024-07-17 16:12:58 UTC,46.14461,-59.23302,62.81
Atlantic halibut,GULMPA,2,8,2024-11-16 05:31:45 UTC,2025-03-03 18:37:54 UTC,44.15855,-59.18252,2.53
Atlantic halibut,HFX,1,5,2024-10-19 22:13:24 UTC,2024-10-19 22:20:26 UTC,44.47255,-63.52662,
Atlantic halibut,NSWS,1,23,2022-07-15 21:07:39 UTC,2022-07-28 13:00:05 UTC,46.04097,-59.70979,
Atlantic halibut,SABMPA,39,90851,2021-12-04 17:17:48 UTC,2025-04-26 02:34:27 UTC,45.98423,-59.20514,44.22
Atlantic halibut,V2LEMERA,1,1976,2025-05-19 23:09:44 UTC,2025-07-08 08:10:09 UTC,46.58621,-60.18507,4.79
Atlantic halibut,V2LGSL,1,7,2024-06-01 03:58:38 UTC,2024-06-01 04:12:19 UTC,48.04083,-61.16233,
Atlantic striped wolffish,GDL,1,13,2017-06-21 02:00:37 UTC,2019-11-02 20:05:25 UTC,46.02831,-59.16994,0.95
Atlantic striped wolffish,SABMPA,1,109,2016-06-29 21:45:32 UTC,2016-09-06 20:51:14 UTC,46.02507,-59.07574,27.24
